#
# There is insufficient memory for the Java Runtime Environment to continue.
# Native memory allocation (mmap) failed to map 2105540608 bytes. Error detail: G1 virtual space
# Possible reasons:
#   The system is out of physical RAM or swap space
#   This process is running with CompressedOops enabled, and the Java Heap may be blocking the growth of the native heap
# Possible solutions:
#   Reduce memory load on the system
#   Increase physical memory or swap space
#   Check if swap backing store is full
#   Decrease Java heap size (-Xmx/-Xms)
#   Decrease number of Java threads
#   Decrease Java thread stack sizes (-Xss)
#   Set larger code cache with -XX:ReservedCodeCacheSize=
#   JVM is running with Zero Based Compressed Oops mode in which the Java heap is
#     placed in the first 32GB address space. The Java Heap base address is the
#     maximum limit for the native heap growth. Please use -XX:HeapBaseMinAddress
#     to set the Java Heap base and to place the Java Heap above 32GB virtual address.
# This output file may be truncated or incomplete.
#
#  Out of Memory Error (os_windows.cpp:3925), pid=13716, tid=36012
#
# JRE version: OpenJDK Runtime Environment (21.0.9) (build 21.0.9+-14787801-b1163.94)
# Java VM: OpenJDK 64-Bit Server VM (21.0.9+-14787801-b1163.94, mixed mode, tiered, compressed oops, compressed class ptrs, g1 gc, windows-amd64)
# No core dump will be written. Minidumps are not enabled by default on client versions of Windows
#

---------------  S U M M A R Y ------------

Command Line: --add-opens=java.base/java.lang=ALL-UNNAMED --add-opens=java.base/java.lang.invoke=ALL-UNNAMED --add-opens=java.base/java.util=ALL-UNNAMED --add-opens=java.prefs/java.util.prefs=ALL-UNNAMED --add-exports=jdk.compiler/com.sun.tools.javac.api=ALL-UNNAMED --add-exports=jdk.compiler/com.sun.tools.javac.util=ALL-UNNAMED --add-opens=java.base/java.util=ALL-UNNAMED --add-opens=java.prefs/java.util.prefs=ALL-UNNAMED --add-opens=java.base/java.nio.charset=ALL-UNNAMED --add-opens=java.base/java.net=ALL-UNNAMED --add-opens=java.base/java.util.concurrent.atomic=ALL-UNNAMED --add-opens=java.xml/javax.xml.namespace=ALL-UNNAMED -XX:MaxMetaspaceSize=4G -XX:ReservedCodeCacheSize=512m -XX:+HeapDumpOnOutOfMemoryError -Xmx8G -Dfile.encoding=UTF-8 -Duser.country=IN -Duser.language=en -Duser.variant -javaagent:C:\Users\VICTUS\.gradle\wrapper\dists\gradle-8.14-bin\38aieal9i53h9rfe7vjup95b9\gradle-8.14\lib\agents\gradle-instrumentation-agent-8.14.jar org.gradle.launcher.daemon.bootstrap.GradleDaemon 8.14

Host: Intel(R) Core(TM) i5-14450HX, 16 cores, 15G,  Windows 11 , 64 bit Build 26100 (10.0.26100.8875)
Time: Thu Aug  6 01:41:00 2026 India Standard Time elapsed time: 3687.790173 seconds (0d 1h 1m 27s)

---------------  T H R E A D  ---------------

Current thread (0x0000022f0129ff00):  VMThread "VM Thread"          [id=36012, stack(0x00000086e6e00000,0x00000086e6f00000) (1024K)]

Stack: [0x00000086e6e00000,0x00000086e6f00000]
Native frames: (J=compiled Java code, j=interpreted, Vv=VM code, C=native code)
V  [jvm.dll+0x6d6c99]
V  [jvm.dll+0x866b83]
V  [jvm.dll+0x8691ae]
V  [jvm.dll+0x869893]
V  [jvm.dll+0x280776]
V  [jvm.dll+0x6d3555]
V  [jvm.dll+0x6c6bea]
V  [jvm.dll+0x3587fb]
V  [jvm.dll+0x360476]
V  [jvm.dll+0x3b2646]
V  [jvm.dll+0x3b2918]
V  [jvm.dll+0x32af0c]
V  [jvm.dll+0x32af97]
V  [jvm.dll+0x370e7c]
V  [jvm.dll+0x36f62e]
V  [jvm.dll+0x32a661]
V  [jvm.dll+0x36ed30]
V  [jvm.dll+0x86f618]
V  [jvm.dll+0x870994]
V  [jvm.dll+0x870ed0]
V  [jvm.dll+0x871163]
V  [jvm.dll+0x80f118]
V  [jvm.dll+0x6d54ed]
C  [ucrtbase.dll+0x2cd30]
C  [KERNEL32.DLL+0x2e957]
C  [ntdll.dll+0xaad6c]

VM_Operation (0x00000086fcafea80): G1CollectForAllocation, mode: safepoint, requested by thread 0x0000022f607e53f0


---------------  P R O C E S S  ---------------

Threads class SMR info:
_java_thread_list=0x0000022f3db5ad10, length=347, elements={
0x0000022f03560010, 0x0000022f343ea7d0, 0x0000022f343f7380, 0x0000022f344029e0,
0x0000022f34414ee0, 0x0000022f34415940, 0x0000022f344164d0, 0x0000022f34417f40,
0x0000022f3440bc40, 0x0000022f34431690, 0x0000022f347ae1a0, 0x0000022f395800b0,
0x0000022f3ad2ce00, 0x0000022f39e306d0, 0x0000022f3ae4a860, 0x0000022f3ae4aef0,
0x0000022f3ae494b0, 0x0000022f3b0e1d30, 0x0000022f3b0e1010, 0x0000022f3f2682d0,
0x0000022f3bb96930, 0x0000022f40f25080, 0x0000022f40f24360, 0x0000022f4951d540,
0x0000022f4951ceb0, 0x0000022f4951e260, 0x0000022f49524b60, 0x0000022f49522a90,
0x0000022f495216e0, 0x0000022f49523e40, 0x0000022f495244d0, 0x0000022f49521d70,
0x0000022f49523120, 0x0000022f49522400, 0x0000022f49527fe0, 0x0000022f49526c30,
0x0000022f495272c0, 0x0000022f49525f10, 0x0000022f49528670, 0x0000022f504e84b0,
0x0000022f4a8c4820, 0x0000022f504f35e0, 0x0000022f504f4990, 0x0000022f504e5d50,
0x0000022f504e2f60, 0x0000022f504f0160, 0x0000022f504f1510, 0x0000022f504f07f0,
0x0000022f504f4300, 0x0000022f40f198c0, 0x0000022f40f19f50, 0x0000022f40f1e0f0,
0x0000022f40f1da60, 0x0000022f40f1f4a0, 0x0000022f4950e270, 0x0000022f49513e50,
0x0000022f4951bb00, 0x0000022f49520330, 0x0000022f494ce310, 0x0000022f4b5155c0,
0x0000022f4b5183b0, 0x0000022f59fe56c0, 0x0000022f5d634240, 0x0000022f5d6348d0,
0x0000022f5d6369a0, 0x0000022f59fe2f60, 0x0000022f59fe35f0, 0x0000022f5d5712d0,
0x0000022f5d111b30, 0x0000022f66c71fc0, 0x0000022f66c6fef0, 0x0000022f66c70580,
0x0000022f66c712a0, 0x0000022f600259b0, 0x0000022f5d16cec0, 0x0000022f5d16c1a0,
0x0000022f5d16dbe0, 0x0000022f5d16e270, 0x0000022f5d16ef90, 0x0000022f4b1878a0,
0x0000022f4b187f30, 0x0000022f4b1885c0, 0x0000022f4b188c50, 0x0000022f4147bad0,
0x0000022f3ec73870, 0x0000022f3ec731e0, 0x0000022f4b23f2d0, 0x0000022f60679190,
0x0000022f6067abd0, 0x0000022f60677750, 0x0000022f60678470, 0x0000022f60677de0,
0x0000022f60678b00, 0x0000022f60679eb0, 0x0000022f60679820, 0x0000022f6067a540,
0x0000022f4af2b2f0, 0x0000022f4af29f40, 0x0000022f4af2a5d0, 0x0000022f4af2c010,
0x0000022f4af2c6a0, 0x0000022f4af298b0, 0x0000022f6171fd30, 0x0000022f4b511ab0,
0x0000022f4b5162e0, 0x0000022f4b5134f0, 0x0000022f4b518a40, 0x0000022f4b517d20,
0x0000022f5d113570, 0x0000022f5d112ee0, 0x0000022f5d113c00, 0x0000022f5d110e10,
0x0000022f5d110780, 0x0000022f5d1114a0, 0x0000022f5d115640, 0x0000022f5d114fb0,
0x0000022f5d114290, 0x0000022f5d114920, 0x0000022f5d115cd0, 0x0000022f4147d510,
0x0000022f4147dba0, 0x0000022f5d112850, 0x0000022f5d571960, 0x0000022f5d570c40,
0x0000022f61b0c3b0, 0x0000022f3ba7e3e0, 0x0000022f3ba7d6c0, 0x0000022f3ba7dd50,
0x0000022f3ba7d030, 0x0000022f3ba7ea70, 0x0000022f3ba7bc80, 0x0000022f3ba7f100,
0x0000022f3ba7c9a0, 0x0000022f3ba7c310, 0x0000022f57552840, 0x0000022f57550e00,
0x0000022f575500e0, 0x0000022f4b5190d0, 0x0000022f4b516970, 0x0000022f4b519760,
0x0000022f4b519df0, 0x0000022f4b51a480, 0x0000022f4b517000, 0x0000022f4b51b1a0,
0x0000022f60420ab0, 0x0000022f60421140, 0x0000022f6041f700, 0x0000022f60420420,
0x0000022f604217d0, 0x0000022f60421e60, 0x0000022f604224f0, 0x0000022f57551490,
0x0000022f57551b20, 0x0000022f5f703050, 0x0000022f5f7036e0, 0x0000022f5f704a90,
0x0000022f5f705120, 0x0000022f5f7057b0, 0x0000022f5f705e40, 0x0000022f4b51b830,
0x0000022f4b5206f0, 0x0000022f4b51d270, 0x0000022f5d16f620, 0x0000022f4b51d900,
0x0000022f59fb9c10, 0x0000022f4a5db3a0, 0x0000022f5754fa50, 0x0000022f4a5ddb00,
0x0000022f4a5dd470, 0x0000022f4a5dcde0, 0x0000022f4a5de190, 0x0000022f57550770,
0x0000022f57e18c20, 0x0000022f57e19fd0, 0x0000022f4ba28340, 0x0000022f4ba25be0,
0x0000022f5d1197e0, 0x0000022f5d1169f0, 0x0000022f57e192b0, 0x0000022f57e17870,
0x0000022f57e17f00, 0x0000022f61b103c0, 0x0000022f61b10a50, 0x0000022f4a5de820,
0x0000022f4a5dba30, 0x0000022f4a5dc0c0, 0x0000022f4a5dc750, 0x0000022f5d118ac0,
0x0000022f5d117080, 0x0000022f4b521410, 0x0000022f4b521aa0, 0x0000022f599839f0,
0x0000022f59982cd0, 0x0000022f59983360, 0x0000022f59984080, 0x0000022f59986150,
0x0000022f4147b440, 0x0000022f4147c7f0, 0x0000022f59984da0, 0x0000022f5d119150,
0x0000022f5d117da0, 0x0000022f5d116360, 0x0000022f5d11cc60, 0x0000022f5d119e70,
0x0000022f5d11c5d0, 0x0000022f5d11bf40, 0x0000022f5d11d2f0, 0x0000022f5d11d980,
0x0000022f5d11ab90, 0x0000022f5d11b8b0, 0x0000022f5d11a500, 0x0000022f5d11e010,
0x0000022f4ba24ec0, 0x0000022f4ba26270, 0x0000022f4ba27cb0, 0x0000022f4b522e50,
0x0000022f4b522130, 0x0000022f4b51f9d0, 0x0000022f4b5262d0, 0x0000022f4b525c40,
0x0000022f4b526960, 0x0000022f4b524200, 0x0000022f4b524f20, 0x0000022f4b523b70,
0x0000022f4b527680, 0x0000022f4b527d10, 0x0000022f4b524890, 0x0000022f4b528a30,
0x0000022f4b5255b0, 0x0000022f57552ed0, 0x0000022f4b529de0, 0x0000022f4b5290c0,
0x0000022f4b52ab00, 0x0000022f4b52b820, 0x0000022f4b52beb0, 0x0000022f4b52df80,
0x0000022f4b52e610, 0x0000022f4b387980, 0x0000022f4b38a770, 0x0000022f4b38b490,
0x0000022f4b38a0e0, 0x0000022f4b3893c0, 0x0000022f4b38ae00, 0x0000022f4b388010,
0x0000022f4b3886a0, 0x0000022f4b38bb20, 0x0000022f4b38c1b0, 0x0000022f4b388d30,
0x0000022f4b389a50, 0x0000022f4b38c840, 0x0000022f4b38e910, 0x0000022f4b38dbf0,
0x0000022f4b38efa0, 0x0000022f4b38e280, 0x0000022f5d122840, 0x0000022f4ba26900,
0x0000022f598cc6b0, 0x0000022f4ba26f90, 0x0000022f66a895e0, 0x0000022f5d125cc0,
0x0000022f5d126350, 0x0000022f5d124280, 0x0000022f5d127d90, 0x0000022f5d124910,
0x0000022f494031b0, 0x0000022f588668c0, 0x0000022f588696b0, 0x0000022f49402490,
0x0000022f66a87ba0, 0x0000022f6cf9ceb0, 0x0000022f4147e230, 0x0000022f5d460d90,
0x0000022f5d461420, 0x0000022f576e8870, 0x0000022f4aa12400, 0x0000022f602f3320,
0x0000022f66a8a990, 0x0000022f4aa12a90, 0x0000022f4aa109c0, 0x0000022f5e4ed6a0,
0x0000022f6cf9e260, 0x0000022f6cf9b470, 0x0000022f49402b20, 0x0000022f494010e0,
0x0000022f5d128420, 0x0000022f5d6355f0, 0x0000022f58868300, 0x0000022f4147adb0,
0x0000022f61b0bd20, 0x0000022f61b0ca40, 0x0000022f5e4ebc60, 0x0000022f5e4ec2f0,
0x0000022f4147c160, 0x0000022f50c4e750, 0x0000022f5e4edd30, 0x0000022f5e4ea8b0,
0x0000022f66a88230, 0x0000022f66a8b020, 0x0000022f5a03e960, 0x0000022f5a03eff0,
0x0000022f50c4fb00, 0x0000022f50c4ede0, 0x0000022f602f46d0, 0x0000022f57cf6c80,
0x0000022f5d4634f0, 0x0000022f5d461ab0, 0x0000022f66a8a300, 0x0000022f57e1a660,
0x0000022f34d346f0, 0x0000022f34d31070, 0x0000022f5f1976d0, 0x0000022f5d2ff770,
0x0000022f5aed87a0, 0x0000022f59fe28d0, 0x0000022f5d12ed20, 0x0000022f59fe5030,
0x0000022f5d571ff0, 0x0000022f5182b9f0, 0x0000022f51829920, 0x0000022f5182acd0,
0x0000022f5182a640, 0x0000022f5182c080, 0x0000022f51829290, 0x0000022f5182b360,
0x0000022f5182c710, 0x0000022f51829fb0, 0x0000022f5a03f680, 0x0000022f5a03fd10,
0x0000022f59d240d0, 0x0000022f50c4cd10, 0x0000022f518bf460, 0x0000022f607e4040,
0x0000022f607e53f0, 0x0000022f5dbe71a0, 0x0000022f5d16e900, 0x0000022f59d27550,
0x0000022f518bfaf0, 0x0000022f3ae06120, 0x0000022f518bc670, 0x0000022f5b03f4e0,
0x0000022f518bda20, 0x0000022f5dbe7ec0, 0x0000022f5b03e130, 0x0000022f50c4d3a0,
0x0000022f50c4da30, 0x0000022f5b03c6f0, 0x0000022f5b03e7c0
}

Java Threads: ( => current thread )
  0x0000022f03560010 JavaThread "main"                              [_thread_blocked, id=27008, stack(0x00000086e6700000,0x00000086e6800000) (1024K)]
  0x0000022f343ea7d0 JavaThread "Common-Cleaner"             daemon [_thread_blocked, id=20404, stack(0x00000086e6f00000,0x00000086e7000000) (1024K)]
  0x0000022f343f7380 JavaThread "Reference Handler"          daemon [_thread_blocked, id=2044, stack(0x00000086e7000000,0x00000086e7100000) (1024K)]
  0x0000022f344029e0 JavaThread "Finalizer"                  daemon [_thread_blocked, id=35556, stack(0x00000086e7100000,0x00000086e7200000) (1024K)]
  0x0000022f34414ee0 JavaThread "Signal Dispatcher"          daemon [_thread_blocked, id=11828, stack(0x00000086e7200000,0x00000086e7300000) (1024K)]
  0x0000022f34415940 JavaThread "Attach Listener"            daemon [_thread_blocked, id=38116, stack(0x00000086e7300000,0x00000086e7400000) (1024K)]
  0x0000022f344164d0 JavaThread "Service Thread"             daemon [_thread_blocked, id=35488, stack(0x00000086e7400000,0x00000086e7500000) (1024K)]
  0x0000022f34417f40 JavaThread "Monitor Deflation Thread"   daemon [_thread_blocked, id=30708, stack(0x00000086e7500000,0x00000086e7600000) (1024K)]
  0x0000022f3440bc40 JavaThread "C2 CompilerThread0"         daemon [_thread_blocked, id=28992, stack(0x00000086e7600000,0x00000086e7700000) (1024K)]
  0x0000022f34431690 JavaThread "C1 CompilerThread0"         daemon [_thread_blocked, id=24676, stack(0x00000086e7700000,0x00000086e7800000) (1024K)]
  0x0000022f347ae1a0 JavaThread "Notification Thread"        daemon [_thread_blocked, id=35480, stack(0x00000086e7a00000,0x00000086e7b00000) (1024K)]
  0x0000022f395800b0 JavaThread "Daemon health stats"               [_thread_blocked, id=15600, stack(0x00000086e8300000,0x00000086e8400000) (1024K)]
  0x0000022f3ad2ce00 JavaThread "Incoming local TCP Connector on port 57874"        [_thread_in_native, id=36408, stack(0x00000086e8400000,0x00000086e8500000) (1024K)]
  0x0000022f39e306d0 JavaThread "Daemon periodic checks"            [_thread_blocked, id=35544, stack(0x00000086e8500000,0x00000086e8600000) (1024K)]
  0x0000022f3ae4a860 JavaThread "Cache worker for journal cache (C:\Users\VICTUS\.gradle\caches\journal-1)"        [_thread_blocked, id=4352, stack(0x00000086e9600000,0x00000086e9700000) (1024K)]
  0x0000022f3ae4aef0 JavaThread "File lock request listener"        [_thread_in_native, id=36412, stack(0x00000086e9700000,0x00000086e9800000) (1024K)]
  0x0000022f3ae494b0 JavaThread "Cache worker for file hash cache (C:\Users\VICTUS\.gradle\caches\8.14\fileHashes)"        [_thread_blocked, id=26988, stack(0x00000086e9800000,0x00000086e9900000) (1024K)]
  0x0000022f3b0e1d30 JavaThread "File watcher server"        daemon [_thread_blocked, id=36852, stack(0x00000086e7c00000,0x00000086e7d00000) (1024K)]
  0x0000022f3b0e1010 JavaThread "File watcher consumer"      daemon [_thread_blocked, id=38004, stack(0x00000086e9b00000,0x00000086e9c00000) (1024K)]
  0x0000022f3f2682d0 JavaThread "Cache worker for file content cache (C:\Users\VICTUS\.gradle\caches\8.14\fileContent)"        [_thread_blocked, id=19852, stack(0x00000086e9c00000,0x00000086e9d00000) (1024K)]
  0x0000022f3bb96930 JavaThread "Memory manager"                    [_thread_blocked, id=39380, stack(0x00000086ebe00000,0x00000086ebf00000) (1024K)]
  0x0000022f40f25080 JavaThread "RMI Scheduler(0)"           daemon [_thread_blocked, id=25548, stack(0x00000086f1200000,0x00000086f1300000) (1024K)]
  0x0000022f40f24360 JavaThread "RMI TCP Accept-0"           daemon [_thread_in_native, id=13188, stack(0x00000086f1500000,0x00000086f1600000) (1024K)]
  0x0000022f4951d540 JavaThread "jar transforms"                    [_thread_blocked, id=12280, stack(0x00000086f5d00000,0x00000086f5e00000) (1024K)]
  0x0000022f4951ceb0 JavaThread "jar transforms Thread 2"           [_thread_blocked, id=4948, stack(0x00000086e6500000,0x00000086e6600000) (1024K)]
  0x0000022f4951e260 JavaThread "jar transforms Thread 3"           [_thread_blocked, id=31868, stack(0x00000086f6000000,0x00000086f6100000) (1024K)]
  0x0000022f49524b60 JavaThread "jar transforms Thread 4"           [_thread_blocked, id=19440, stack(0x00000086f6100000,0x00000086f6200000) (1024K)]
  0x0000022f49522a90 JavaThread "jar transforms Thread 5"           [_thread_blocked, id=32312, stack(0x00000086f6300000,0x00000086f6400000) (1024K)]
  0x0000022f495216e0 JavaThread "jar transforms Thread 6"           [_thread_blocked, id=34928, stack(0x00000086f6600000,0x00000086f6700000) (1024K)]
  0x0000022f49523e40 JavaThread "jar transforms Thread 7"           [_thread_blocked, id=28640, stack(0x00000086f6200000,0x00000086f6300000) (1024K)]
  0x0000022f495244d0 JavaThread "jar transforms Thread 8"           [_thread_blocked, id=31316, stack(0x00000086f6700000,0x00000086f6800000) (1024K)]
  0x0000022f49521d70 JavaThread "jar transforms Thread 9"           [_thread_blocked, id=37924, stack(0x00000086f0e00000,0x00000086f0f00000) (1024K)]
  0x0000022f49523120 JavaThread "jar transforms Thread 10"          [_thread_blocked, id=20636, stack(0x00000086f6900000,0x00000086f6a00000) (1024K)]
  0x0000022f49522400 JavaThread "jar transforms Thread 11"          [_thread_blocked, id=25468, stack(0x00000086f6a00000,0x00000086f6b00000) (1024K)]
  0x0000022f49527fe0 JavaThread "jar transforms Thread 12"          [_thread_blocked, id=5784, stack(0x00000086f6b00000,0x00000086f6c00000) (1024K)]
  0x0000022f49526c30 JavaThread "jar transforms Thread 13"          [_thread_blocked, id=25544, stack(0x00000086f6c00000,0x00000086f6d00000) (1024K)]
  0x0000022f495272c0 JavaThread "jar transforms Thread 14"          [_thread_blocked, id=7980, stack(0x00000086f6d00000,0x00000086f6e00000) (1024K)]
  0x0000022f49525f10 JavaThread "jar transforms Thread 15"          [_thread_blocked, id=11980, stack(0x00000086f6e00000,0x00000086f6f00000) (1024K)]
  0x0000022f49528670 JavaThread "jar transforms Thread 16"          [_thread_blocked, id=30044, stack(0x00000086f6f00000,0x00000086f7000000) (1024K)]
  0x0000022f504e84b0 JavaThread "Cache worker for Java compile cache (C:\Users\VICTUS\.gradle\caches\8.14\javaCompile)"        [_thread_blocked, id=25844, stack(0x00000086f7300000,0x00000086f7400000) (1024K)]
  0x0000022f4a8c4820 JavaThread "RMI TCP Accept-0"           daemon [_thread_in_native, id=36736, stack(0x00000086f9800000,0x00000086f9900000) (1024K)]
  0x0000022f504f35e0 JavaThread "Java2D Disposer"            daemon [_thread_blocked, id=2872, stack(0x00000086f1800000,0x00000086f1900000) (1024K)]
  0x0000022f504f4990 JavaThread "AWT-Windows"                daemon [_thread_in_native, id=36884, stack(0x00000086fba00000,0x00000086fbb00000) (1024K)]
  0x0000022f504e5d50 JavaThread "DefaultDispatcher-worker-1" daemon [_thread_blocked, id=34484, stack(0x00000086fb900000,0x00000086fba00000) (1024K)]
  0x0000022f504e2f60 JavaThread "DefaultDispatcher-worker-2" daemon [_thread_blocked, id=34620, stack(0x00000086fbb00000,0x00000086fbc00000) (1024K)]
  0x0000022f504f0160 JavaThread "DefaultDispatcher-worker-6" daemon [_thread_blocked, id=39676, stack(0x00000086fbc00000,0x00000086fbd00000) (1024K)]
  0x0000022f504f1510 JavaThread "DefaultDispatcher-worker-8" daemon [_thread_blocked, id=38220, stack(0x00000086fbd00000,0x00000086fbe00000) (1024K)]
  0x0000022f504f07f0 JavaThread "DefaultDispatcher-worker-4" daemon [_thread_blocked, id=31236, stack(0x00000086fbe00000,0x00000086fbf00000) (1024K)]
  0x0000022f504f4300 JavaThread "DefaultDispatcher-worker-3" daemon [_thread_blocked, id=4756, stack(0x00000086fbf00000,0x00000086fc000000) (1024K)]
  0x0000022f40f198c0 JavaThread "DefaultDispatcher-worker-7" daemon [_thread_blocked, id=7092, stack(0x00000086fc000000,0x00000086fc100000) (1024K)]
  0x0000022f40f19f50 JavaThread "DefaultDispatcher-worker-9" daemon [_thread_blocked, id=26616, stack(0x00000086fc100000,0x00000086fc200000) (1024K)]
  0x0000022f40f1e0f0 JavaThread "DefaultDispatcher-worker-10" daemon [_thread_blocked, id=19508, stack(0x00000086fc200000,0x00000086fc300000) (1024K)]
  0x0000022f40f1da60 JavaThread "DefaultDispatcher-worker-5" daemon [_thread_blocked, id=39912, stack(0x00000086fc300000,0x00000086fc400000) (1024K)]
  0x0000022f40f1f4a0 JavaThread "DefaultDispatcher-worker-11" daemon [_thread_blocked, id=28444, stack(0x00000086fc400000,0x00000086fc500000) (1024K)]
  0x0000022f4950e270 JavaThread "DefaultDispatcher-worker-12" daemon [_thread_blocked, id=36784, stack(0x00000086fc500000,0x00000086fc600000) (1024K)]
  0x0000022f49513e50 JavaThread "DefaultDispatcher-worker-13" daemon [_thread_blocked, id=29612, stack(0x00000086fc600000,0x00000086fc700000) (1024K)]
  0x0000022f4951bb00 JavaThread "DefaultDispatcher-worker-14" daemon [_thread_blocked, id=29416, stack(0x00000086fc700000,0x00000086fc800000) (1024K)]
  0x0000022f49520330 JavaThread "DefaultDispatcher-worker-15" daemon [_thread_blocked, id=37172, stack(0x00000086fc800000,0x00000086fc900000) (1024K)]
  0x0000022f494ce310 JavaThread "DefaultDispatcher-worker-16" daemon [_thread_blocked, id=14544, stack(0x00000086fc900000,0x00000086fca00000) (1024K)]
  0x0000022f4b5155c0 JavaThread "Periodic tasks thread"      daemon [_thread_blocked, id=31664, stack(0x00000086f9400000,0x00000086f9500000) (1024K)]
  0x0000022f4b5183b0 JavaThread "ApplicationImpl pooled thread 1"        [_thread_blocked, id=28624, stack(0x00000086f9700000,0x00000086f9800000) (1024K)]
  0x0000022f59fe56c0 JavaThread "Daemon Thread 2"                   [_thread_blocked, id=38352, stack(0x00000086e6400000,0x00000086e6500000) (1024K)]
  0x0000022f5d634240 JavaThread "Handler for socket connection from /127.0.0.1:57874 to /127.0.0.1:56474"        [_thread_in_native, id=8668, stack(0x00000086e6600000,0x00000086e6700000) (1024K)]
  0x0000022f5d6348d0 JavaThread "Cancel handler"                    [_thread_blocked, id=35984, stack(0x00000086e7b00000,0x00000086e7c00000) (1024K)]
  0x0000022f5d6369a0 JavaThread "Daemon worker Thread 2"            [_thread_blocked, id=38012, stack(0x00000086e8200000,0x00000086e8300000) (1024K)]
  0x0000022f59fe2f60 JavaThread "Asynchronous log dispatcher for DefaultDaemonConnection: socket connection from /127.0.0.1:57874 to /127.0.0.1:56474"        [_thread_blocked, id=13832, stack(0x00000086e8600000,0x00000086e8700000) (1024K)]
  0x0000022f59fe35f0 JavaThread "Stdin handler"                     [_thread_blocked, id=38996, stack(0x00000086e8700000,0x00000086e8800000) (1024K)]
  0x0000022f5d5712d0 JavaThread "Daemon client event forwarder"        [_thread_blocked, id=25068, stack(0x00000086e8800000,0x00000086e8900000) (1024K)]
  0x0000022f5d111b30 JavaThread "Cache worker for file hash cache (E:\KaamSetu_Phase4C_ProfessionalInfo\android\.gradle\8.14\fileHashes)"        [_thread_blocked, id=2740, stack(0x00000086e8c00000,0x00000086e8d00000) (1024K)]
  0x0000022f66c71fc0 JavaThread "Cache worker for Build Output Cleanup Cache (E:\KaamSetu_Phase4C_ProfessionalInfo\android\.gradle\buildOutputCleanup)"        [_thread_blocked, id=21752, stack(0x00000086e9900000,0x00000086e9a00000) (1024K)]
  0x0000022f66c6fef0 JavaThread "Cache worker for checksums cache (E:\KaamSetu_Phase4C_ProfessionalInfo\android\.gradle\8.14\checksums)"        [_thread_blocked, id=25304, stack(0x00000086e9a00000,0x00000086e9b00000) (1024K)]
  0x0000022f66c70580 JavaThread "Cache worker for cache directory md-supplier (C:\Users\VICTUS\.gradle\caches\8.14\md-supplier)"        [_thread_blocked, id=25800, stack(0x00000086e9d00000,0x00000086e9e00000) (1024K)]
  0x0000022f66c712a0 JavaThread "Cache worker for cache directory md-rule (C:\Users\VICTUS\.gradle\caches\8.14\md-rule)"        [_thread_blocked, id=37024, stack(0x00000086e9e00000,0x00000086e9f00000) (1024K)]
  0x0000022f600259b0 JavaThread "Cache worker for Build Output Cleanup Cache (C:\dev\flutter\packages\flutter_tools\gradle\.gradle\buildOutputCleanup)"        [_thread_blocked, id=33784, stack(0x00000086e9f00000,0x00000086ea000000) (1024K)]
  0x0000022f5d16cec0 JavaThread "Unconstrained build operations"        [_thread_blocked, id=32536, stack(0x00000086ea500000,0x00000086ea600000) (1024K)]
  0x0000022f5d16c1a0 JavaThread "Unconstrained build operations Thread 2"        [_thread_blocked, id=33680, stack(0x00000086ea600000,0x00000086ea700000) (1024K)]
  0x0000022f5d16dbe0 JavaThread "Unconstrained build operations Thread 3"        [_thread_blocked, id=26108, stack(0x00000086ea700000,0x00000086ea800000) (1024K)]
  0x0000022f5d16e270 JavaThread "Unconstrained build operations Thread 4"        [_thread_blocked, id=13808, stack(0x00000086ea800000,0x00000086ea900000) (1024K)]
  0x0000022f5d16ef90 JavaThread "Unconstrained build operations Thread 5"        [_thread_blocked, id=6352, stack(0x00000086ea900000,0x00000086eaa00000) (1024K)]
  0x0000022f4b1878a0 JavaThread "Unconstrained build operations Thread 6"        [_thread_blocked, id=37508, stack(0x00000086eaa00000,0x00000086eab00000) (1024K)]
  0x0000022f4b187f30 JavaThread "Unconstrained build operations Thread 7"        [_thread_blocked, id=5772, stack(0x00000086eab00000,0x00000086eac00000) (1024K)]
  0x0000022f4b1885c0 JavaThread "Unconstrained build operations Thread 8"        [_thread_blocked, id=13696, stack(0x00000086eac00000,0x00000086ead00000) (1024K)]
  0x0000022f4b188c50 JavaThread "Unconstrained build operations Thread 9"        [_thread_blocked, id=36700, stack(0x00000086ead00000,0x00000086eae00000) (1024K)]
  0x0000022f4147bad0 JavaThread "Unconstrained build operations Thread 10"        [_thread_blocked, id=24652, stack(0x00000086eae00000,0x00000086eaf00000) (1024K)]
  0x0000022f3ec73870 JavaThread "Unconstrained build operations Thread 11"        [_thread_blocked, id=31256, stack(0x00000086eaf00000,0x00000086eb000000) (1024K)]
  0x0000022f3ec731e0 JavaThread "Unconstrained build operations Thread 12"        [_thread_blocked, id=37976, stack(0x00000086eb000000,0x00000086eb100000) (1024K)]
  0x0000022f4b23f2d0 JavaThread "Unconstrained build operations Thread 13"        [_thread_blocked, id=27192, stack(0x00000086eb100000,0x00000086eb200000) (1024K)]
  0x0000022f60679190 JavaThread "Unconstrained build operations Thread 14"        [_thread_blocked, id=16128, stack(0x00000086eb200000,0x00000086eb300000) (1024K)]
  0x0000022f6067abd0 JavaThread "Unconstrained build operations Thread 15"        [_thread_blocked, id=35284, stack(0x00000086eb300000,0x00000086eb400000) (1024K)]
  0x0000022f60677750 JavaThread "Unconstrained build operations Thread 16"        [_thread_blocked, id=38476, stack(0x00000086eb400000,0x00000086eb500000) (1024K)]
  0x0000022f60678470 JavaThread "Unconstrained build operations Thread 17"        [_thread_blocked, id=3960, stack(0x00000086eb500000,0x00000086eb600000) (1024K)]
  0x0000022f60677de0 JavaThread "Unconstrained build operations Thread 18"        [_thread_blocked, id=16724, stack(0x00000086eb600000,0x00000086eb700000) (1024K)]
  0x0000022f60678b00 JavaThread "Unconstrained build operations Thread 19"        [_thread_blocked, id=23260, stack(0x00000086eb700000,0x00000086eb800000) (1024K)]
  0x0000022f60679eb0 JavaThread "Unconstrained build operations Thread 20"        [_thread_blocked, id=29080, stack(0x00000086eb800000,0x00000086eb900000) (1024K)]
  0x0000022f60679820 JavaThread "Unconstrained build operations Thread 21"        [_thread_blocked, id=26588, stack(0x00000086eb900000,0x00000086eba00000) (1024K)]
  0x0000022f6067a540 JavaThread "Unconstrained build operations Thread 22"        [_thread_blocked, id=35168, stack(0x00000086eba00000,0x00000086ebb00000) (1024K)]
  0x0000022f4af2b2f0 JavaThread "Unconstrained build operations Thread 23"        [_thread_blocked, id=39776, stack(0x00000086ebb00000,0x00000086ebc00000) (1024K)]
  0x0000022f4af29f40 JavaThread "Unconstrained build operations Thread 24"        [_thread_blocked, id=38428, stack(0x00000086ebc00000,0x00000086ebd00000) (1024K)]
  0x0000022f4af2a5d0 JavaThread "Unconstrained build operations Thread 25"        [_thread_blocked, id=20604, stack(0x00000086ebd00000,0x00000086ebe00000) (1024K)]
  0x0000022f4af2c010 JavaThread "Unconstrained build operations Thread 26"        [_thread_blocked, id=31036, stack(0x00000086ebf00000,0x00000086ec000000) (1024K)]
  0x0000022f4af2c6a0 JavaThread "Unconstrained build operations Thread 27"        [_thread_blocked, id=25296, stack(0x00000086ec000000,0x00000086ec100000) (1024K)]
  0x0000022f4af298b0 JavaThread "Unconstrained build operations Thread 28"        [_thread_blocked, id=35396, stack(0x00000086ec100000,0x00000086ec200000) (1024K)]
  0x0000022f6171fd30 JavaThread "Unconstrained build operations Thread 29"        [_thread_blocked, id=35760, stack(0x00000086ec200000,0x00000086ec300000) (1024K)]
  0x0000022f4b511ab0 JavaThread "Unconstrained build operations Thread 30"        [_thread_blocked, id=3400, stack(0x00000086ec300000,0x00000086ec400000) (1024K)]
  0x0000022f4b5162e0 JavaThread "build event listener"              [_thread_blocked, id=32904, stack(0x00000086ec400000,0x00000086ec500000) (1024K)]
  0x0000022f4b5134f0 JavaThread "included builds"                   [_thread_blocked, id=24476, stack(0x00000086ec500000,0x00000086ec600000) (1024K)]
  0x0000022f4b518a40 JavaThread "Execution worker"                  [_thread_blocked, id=23488, stack(0x00000086ec600000,0x00000086ec700000) (1024K)]
  0x0000022f4b517d20 JavaThread "Execution worker Thread 2"         [_thread_blocked, id=39456, stack(0x00000086ec700000,0x00000086ec800000) (1024K)]
  0x0000022f5d113570 JavaThread "Execution worker Thread 3"         [_thread_blocked, id=27208, stack(0x00000086ec800000,0x00000086ec900000) (1024K)]
  0x0000022f5d112ee0 JavaThread "Execution worker Thread 4"         [_thread_blocked, id=25608, stack(0x00000086ec900000,0x00000086eca00000) (1024K)]
  0x0000022f5d113c00 JavaThread "Execution worker Thread 5"         [_thread_blocked, id=28632, stack(0x00000086eca00000,0x00000086ecb00000) (1024K)]
  0x0000022f5d110e10 JavaThread "Execution worker Thread 6"         [_thread_blocked, id=7196, stack(0x00000086ecb00000,0x00000086ecc00000) (1024K)]
  0x0000022f5d110780 JavaThread "Execution worker Thread 7"         [_thread_blocked, id=30040, stack(0x00000086ecc00000,0x00000086ecd00000) (1024K)]
  0x0000022f5d1114a0 JavaThread "Execution worker Thread 8"         [_thread_blocked, id=15916, stack(0x00000086ecd00000,0x00000086ece00000) (1024K)]
  0x0000022f5d115640 JavaThread "Execution worker Thread 9"         [_thread_blocked, id=17820, stack(0x00000086ece00000,0x00000086ecf00000) (1024K)]
  0x0000022f5d114fb0 JavaThread "Execution worker Thread 10"        [_thread_blocked, id=33304, stack(0x00000086ecf00000,0x00000086ed000000) (1024K)]
  0x0000022f5d114290 JavaThread "Execution worker Thread 11"        [_thread_blocked, id=39644, stack(0x00000086ed000000,0x00000086ed100000) (1024K)]
  0x0000022f5d114920 JavaThread "Execution worker Thread 12"        [_thread_blocked, id=30176, stack(0x00000086ed100000,0x00000086ed200000) (1024K)]
  0x0000022f5d115cd0 JavaThread "Execution worker Thread 13"        [_thread_blocked, id=24712, stack(0x00000086ed200000,0x00000086ed300000) (1024K)]
  0x0000022f4147d510 JavaThread "Execution worker Thread 14"        [_thread_blocked, id=36240, stack(0x00000086ed300000,0x00000086ed400000) (1024K)]
  0x0000022f4147dba0 JavaThread "Execution worker Thread 15"        [_thread_blocked, id=35612, stack(0x00000086ed400000,0x00000086ed500000) (1024K)]
  0x0000022f5d112850 JavaThread "Cache worker for execution history cache (C:\dev\flutter\packages\flutter_tools\gradle\.gradle\8.14\executionHistory)"        [_thread_blocked, id=35040, stack(0x00000086ed500000,0x00000086ed600000) (1024K)]
  0x0000022f5d571960 JavaThread "Unconstrained build operations Thread 31"        [_thread_blocked, id=11984, stack(0x00000086ed600000,0x00000086ed700000) (1024K)]
  0x0000022f5d570c40 JavaThread "Unconstrained build operations Thread 32"        [_thread_blocked, id=26304, stack(0x00000086ed700000,0x00000086ed800000) (1024K)]
  0x0000022f61b0c3b0 JavaThread "Unconstrained build operations Thread 33"        [_thread_blocked, id=5508, stack(0x00000086ed800000,0x00000086ed900000) (1024K)]
  0x0000022f3ba7e3e0 JavaThread "Unconstrained build operations Thread 34"        [_thread_blocked, id=38440, stack(0x00000086ed900000,0x00000086eda00000) (1024K)]
  0x0000022f3ba7d6c0 JavaThread "Unconstrained build operations Thread 35"        [_thread_blocked, id=26352, stack(0x00000086eda00000,0x00000086edb00000) (1024K)]
  0x0000022f3ba7dd50 JavaThread "Unconstrained build operations Thread 36"        [_thread_blocked, id=32444, stack(0x00000086edb00000,0x00000086edc00000) (1024K)]
  0x0000022f3ba7d030 JavaThread "Unconstrained build operations Thread 37"        [_thread_blocked, id=37808, stack(0x00000086edc00000,0x00000086edd00000) (1024K)]
  0x0000022f3ba7ea70 JavaThread "Unconstrained build operations Thread 38"        [_thread_blocked, id=25836, stack(0x00000086edd00000,0x00000086ede00000) (1024K)]
  0x0000022f3ba7bc80 JavaThread "Unconstrained build operations Thread 39"        [_thread_blocked, id=24752, stack(0x00000086ede00000,0x00000086edf00000) (1024K)]
  0x0000022f3ba7f100 JavaThread "Unconstrained build operations Thread 40"        [_thread_blocked, id=38016, stack(0x00000086edf00000,0x00000086ee000000) (1024K)]
  0x0000022f3ba7c9a0 JavaThread "Unconstrained build operations Thread 41"        [_thread_blocked, id=7720, stack(0x00000086ee000000,0x00000086ee100000) (1024K)]
  0x0000022f3ba7c310 JavaThread "Unconstrained build operations Thread 42"        [_thread_blocked, id=25920, stack(0x00000086ee100000,0x00000086ee200000) (1024K)]
  0x0000022f57552840 JavaThread "Unconstrained build operations Thread 43"        [_thread_blocked, id=7124, stack(0x00000086ee200000,0x00000086ee300000) (1024K)]
  0x0000022f57550e00 JavaThread "Unconstrained build operations Thread 44"        [_thread_blocked, id=36008, stack(0x00000086ee300000,0x00000086ee400000) (1024K)]
  0x0000022f575500e0 JavaThread "Unconstrained build operations Thread 45"        [_thread_blocked, id=8940, stack(0x00000086ee400000,0x00000086ee500000) (1024K)]
  0x0000022f4b5190d0 JavaThread "Unconstrained build operations Thread 46"        [_thread_blocked, id=22656, stack(0x00000086ee500000,0x00000086ee600000) (1024K)]
  0x0000022f4b516970 JavaThread "Unconstrained build operations Thread 47"        [_thread_blocked, id=32740, stack(0x00000086ee600000,0x00000086ee700000) (1024K)]
  0x0000022f4b519760 JavaThread "Unconstrained build operations Thread 48"        [_thread_blocked, id=21468, stack(0x00000086ee700000,0x00000086ee800000) (1024K)]
  0x0000022f4b519df0 JavaThread "Unconstrained build operations Thread 49"        [_thread_blocked, id=23696, stack(0x00000086ee800000,0x00000086ee900000) (1024K)]
  0x0000022f4b51a480 JavaThread "Unconstrained build operations Thread 50"        [_thread_blocked, id=33660, stack(0x00000086ee900000,0x00000086eea00000) (1024K)]
  0x0000022f4b517000 JavaThread "Unconstrained build operations Thread 51"        [_thread_blocked, id=15788, stack(0x00000086eea00000,0x00000086eeb00000) (1024K)]
  0x0000022f4b51b1a0 JavaThread "Unconstrained build operations Thread 52"        [_thread_blocked, id=31092, stack(0x00000086eeb00000,0x00000086eec00000) (1024K)]
  0x0000022f60420ab0 JavaThread "Unconstrained build operations Thread 53"        [_thread_blocked, id=15160, stack(0x00000086eec00000,0x00000086eed00000) (1024K)]
  0x0000022f60421140 JavaThread "Unconstrained build operations Thread 54"        [_thread_blocked, id=36596, stack(0x00000086eed00000,0x00000086eee00000) (1024K)]
  0x0000022f6041f700 JavaThread "Unconstrained build operations Thread 55"        [_thread_blocked, id=4372, stack(0x00000086eee00000,0x00000086eef00000) (1024K)]
  0x0000022f60420420 JavaThread "Unconstrained build operations Thread 56"        [_thread_blocked, id=35644, stack(0x00000086eef00000,0x00000086ef000000) (1024K)]
  0x0000022f604217d0 JavaThread "Unconstrained build operations Thread 57"        [_thread_blocked, id=29720, stack(0x00000086ef000000,0x00000086ef100000) (1024K)]
  0x0000022f60421e60 JavaThread "Unconstrained build operations Thread 58"        [_thread_blocked, id=39760, stack(0x00000086ef100000,0x00000086ef200000) (1024K)]
  0x0000022f604224f0 JavaThread "Unconstrained build operations Thread 59"        [_thread_blocked, id=10976, stack(0x00000086ef200000,0x00000086ef300000) (1024K)]
  0x0000022f57551490 JavaThread "Unconstrained build operations Thread 60"        [_thread_blocked, id=34968, stack(0x00000086ef300000,0x00000086ef400000) (1024K)]
  0x0000022f57551b20 JavaThread "Unconstrained build operations Thread 61"        [_thread_blocked, id=27368, stack(0x00000086ef400000,0x00000086ef500000) (1024K)]
  0x0000022f5f703050 JavaThread "Unconstrained build operations Thread 62"        [_thread_blocked, id=30024, stack(0x00000086e8b00000,0x00000086e8c00000) (1024K)]
  0x0000022f5f7036e0 JavaThread "Unconstrained build operations Thread 63"        [_thread_blocked, id=23528, stack(0x00000086ea000000,0x00000086ea100000) (1024K)]
  0x0000022f5f704a90 JavaThread "Unconstrained build operations Thread 64"        [_thread_blocked, id=39728, stack(0x00000086ea100000,0x00000086ea200000) (1024K)]
  0x0000022f5f705120 JavaThread "Unconstrained build operations Thread 65"        [_thread_blocked, id=30700, stack(0x00000086ea200000,0x00000086ea300000) (1024K)]
  0x0000022f5f7057b0 JavaThread "Unconstrained build operations Thread 66"        [_thread_blocked, id=13900, stack(0x00000086ea300000,0x00000086ea400000) (1024K)]
  0x0000022f5f705e40 JavaThread "Unconstrained build operations Thread 67"        [_thread_blocked, id=25592, stack(0x00000086ea400000,0x00000086ea500000) (1024K)]
  0x0000022f4b51b830 JavaThread "Unconstrained build operations Thread 68"        [_thread_blocked, id=17804, stack(0x00000086ef500000,0x00000086ef600000) (1024K)]
  0x0000022f4b5206f0 JavaThread "Unconstrained build operations Thread 69"        [_thread_blocked, id=7692, stack(0x00000086ef600000,0x00000086ef700000) (1024K)]
  0x0000022f4b51d270 JavaThread "Unconstrained build operations Thread 70"        [_thread_blocked, id=36760, stack(0x00000086ef700000,0x00000086ef800000) (1024K)]
  0x0000022f5d16f620 JavaThread "Unconstrained build operations Thread 71"        [_thread_blocked, id=34700, stack(0x00000086ef800000,0x00000086ef900000) (1024K)]
  0x0000022f4b51d900 JavaThread "Unconstrained build operations Thread 72"        [_thread_blocked, id=24628, stack(0x00000086ef900000,0x00000086efa00000) (1024K)]
  0x0000022f59fb9c10 JavaThread "Unconstrained build operations Thread 73"        [_thread_blocked, id=32500, stack(0x00000086efa00000,0x00000086efb00000) (1024K)]
  0x0000022f4a5db3a0 JavaThread "Unconstrained build operations Thread 74"        [_thread_blocked, id=21656, stack(0x00000086efb00000,0x00000086efc00000) (1024K)]
  0x0000022f5754fa50 JavaThread "Unconstrained build operations Thread 75"        [_thread_blocked, id=9984, stack(0x00000086efc00000,0x00000086efd00000) (1024K)]
  0x0000022f4a5ddb00 JavaThread "Unconstrained build operations Thread 76"        [_thread_blocked, id=20344, stack(0x00000086efd00000,0x00000086efe00000) (1024K)]
  0x0000022f4a5dd470 JavaThread "Unconstrained build operations Thread 77"        [_thread_blocked, id=30020, stack(0x00000086f0100000,0x00000086f0200000) (1024K)]
  0x0000022f4a5dcde0 JavaThread "Unconstrained build operations Thread 78"        [_thread_blocked, id=20196, stack(0x00000086f0200000,0x00000086f0300000) (1024K)]
  0x0000022f4a5de190 JavaThread "Unconstrained build operations Thread 79"        [_thread_blocked, id=16748, stack(0x00000086f0300000,0x00000086f0400000) (1024K)]
  0x0000022f57550770 JavaThread "Unconstrained build operations Thread 80"        [_thread_blocked, id=508, stack(0x00000086f0400000,0x00000086f0500000) (1024K)]
  0x0000022f57e18c20 JavaThread "Unconstrained build operations Thread 81"        [_thread_blocked, id=26028, stack(0x00000086f0500000,0x00000086f0600000) (1024K)]
  0x0000022f57e19fd0 JavaThread "Unconstrained build operations Thread 82"        [_thread_blocked, id=24540, stack(0x00000086f0600000,0x00000086f0700000) (1024K)]
  0x0000022f4ba28340 JavaThread "Unconstrained build operations Thread 83"        [_thread_blocked, id=36436, stack(0x00000086f0700000,0x00000086f0800000) (1024K)]
  0x0000022f4ba25be0 JavaThread "Unconstrained build operations Thread 84"        [_thread_blocked, id=39588, stack(0x00000086f0800000,0x00000086f0900000) (1024K)]
  0x0000022f5d1197e0 JavaThread "Unconstrained build operations Thread 85"        [_thread_blocked, id=9568, stack(0x00000086f0900000,0x00000086f0a00000) (1024K)]
  0x0000022f5d1169f0 JavaThread "Unconstrained build operations Thread 86"        [_thread_blocked, id=32028, stack(0x00000086f0a00000,0x00000086f0b00000) (1024K)]
  0x0000022f57e192b0 JavaThread "Unconstrained build operations Thread 87"        [_thread_blocked, id=26208, stack(0x00000086f0b00000,0x00000086f0c00000) (1024K)]
  0x0000022f57e17870 JavaThread "Unconstrained build operations Thread 88"        [_thread_blocked, id=38596, stack(0x00000086f0c00000,0x00000086f0d00000) (1024K)]
  0x0000022f57e17f00 JavaThread "Unconstrained build operations Thread 89"        [_thread_blocked, id=33232, stack(0x00000086f0d00000,0x00000086f0e00000) (1024K)]
  0x0000022f61b103c0 JavaThread "Unconstrained build operations Thread 90"        [_thread_blocked, id=28324, stack(0x00000086f0f00000,0x00000086f1000000) (1024K)]
  0x0000022f61b10a50 JavaThread "Unconstrained build operations Thread 91"        [_thread_blocked, id=30256, stack(0x00000086f1000000,0x00000086f1100000) (1024K)]
  0x0000022f4a5de820 JavaThread "build event listener"              [_thread_blocked, id=37192, stack(0x00000086f0000000,0x00000086f0100000) (1024K)]
  0x0000022f4a5dba30 JavaThread "Unconstrained build operations Thread 92"        [_thread_blocked, id=32132, stack(0x00000086f1300000,0x00000086f1400000) (1024K)]
  0x0000022f4a5dc0c0 JavaThread "Unconstrained build operations Thread 93"        [_thread_blocked, id=37816, stack(0x00000086f1700000,0x00000086f1800000) (1024K)]
  0x0000022f4a5dc750 JavaThread "Unconstrained build operations Thread 94"        [_thread_blocked, id=30324, stack(0x00000086f1900000,0x00000086f1a00000) (1024K)]
  0x0000022f5d118ac0 JavaThread "Unconstrained build operations Thread 95"        [_thread_blocked, id=20568, stack(0x00000086f1a00000,0x00000086f1b00000) (1024K)]
  0x0000022f5d117080 JavaThread "Unconstrained build operations Thread 96"        [_thread_blocked, id=35064, stack(0x00000086f1b00000,0x00000086f1c00000) (1024K)]
  0x0000022f4b521410 JavaThread "Unconstrained build operations Thread 97"        [_thread_blocked, id=18368, stack(0x00000086f1c00000,0x00000086f1d00000) (1024K)]
  0x0000022f4b521aa0 JavaThread "Unconstrained build operations Thread 98"        [_thread_blocked, id=32636, stack(0x00000086f1d00000,0x00000086f1e00000) (1024K)]
  0x0000022f599839f0 JavaThread "Unconstrained build operations Thread 99"        [_thread_blocked, id=35584, stack(0x00000086f1e00000,0x00000086f1f00000) (1024K)]
  0x0000022f59982cd0 JavaThread "Unconstrained build operations Thread 100"        [_thread_blocked, id=31144, stack(0x00000086f1f00000,0x00000086f2000000) (1024K)]
  0x0000022f59983360 JavaThread "Unconstrained build operations Thread 101"        [_thread_blocked, id=2272, stack(0x00000086f2000000,0x00000086f2100000) (1024K)]
  0x0000022f59984080 JavaThread "Unconstrained build operations Thread 102"        [_thread_blocked, id=25748, stack(0x00000086f2100000,0x00000086f2200000) (1024K)]
  0x0000022f59986150 JavaThread "Unconstrained build operations Thread 103"        [_thread_blocked, id=29900, stack(0x00000086f2200000,0x00000086f2300000) (1024K)]
  0x0000022f4147b440 JavaThread "Unconstrained build operations Thread 104"        [_thread_blocked, id=8648, stack(0x00000086f2300000,0x00000086f2400000) (1024K)]
  0x0000022f4147c7f0 JavaThread "Unconstrained build operations Thread 105"        [_thread_blocked, id=25300, stack(0x00000086f2400000,0x00000086f2500000) (1024K)]
  0x0000022f59984da0 JavaThread "Unconstrained build operations Thread 106"        [_thread_blocked, id=30696, stack(0x00000086f2500000,0x00000086f2600000) (1024K)]
  0x0000022f5d119150 JavaThread "Unconstrained build operations Thread 107"        [_thread_blocked, id=26464, stack(0x00000086f2600000,0x00000086f2700000) (1024K)]
  0x0000022f5d117da0 JavaThread "Unconstrained build operations Thread 108"        [_thread_blocked, id=35964, stack(0x00000086f2700000,0x00000086f2800000) (1024K)]
  0x0000022f5d116360 JavaThread "Unconstrained build operations Thread 109"        [_thread_blocked, id=2972, stack(0x00000086f2800000,0x00000086f2900000) (1024K)]
  0x0000022f5d11cc60 JavaThread "Unconstrained build operations Thread 110"        [_thread_blocked, id=3528, stack(0x00000086f2900000,0x00000086f2a00000) (1024K)]
  0x0000022f5d119e70 JavaThread "Unconstrained build operations Thread 111"        [_thread_blocked, id=18844, stack(0x00000086f2a00000,0x00000086f2b00000) (1024K)]
  0x0000022f5d11c5d0 JavaThread "Unconstrained build operations Thread 112"        [_thread_blocked, id=11324, stack(0x00000086f2b00000,0x00000086f2c00000) (1024K)]
  0x0000022f5d11bf40 JavaThread "Unconstrained build operations Thread 113"        [_thread_blocked, id=33080, stack(0x00000086f2c00000,0x00000086f2d00000) (1024K)]
  0x0000022f5d11d2f0 JavaThread "Unconstrained build operations Thread 114"        [_thread_blocked, id=944, stack(0x00000086f2d00000,0x00000086f2e00000) (1024K)]
  0x0000022f5d11d980 JavaThread "Unconstrained build operations Thread 115"        [_thread_blocked, id=13400, stack(0x00000086f2e00000,0x00000086f2f00000) (1024K)]
  0x0000022f5d11ab90 JavaThread "Unconstrained build operations Thread 116"        [_thread_blocked, id=20524, stack(0x00000086f2f00000,0x00000086f3000000) (1024K)]
  0x0000022f5d11b8b0 JavaThread "Unconstrained build operations Thread 117"        [_thread_blocked, id=21908, stack(0x00000086f3000000,0x00000086f3100000) (1024K)]
  0x0000022f5d11a500 JavaThread "Unconstrained build operations Thread 118"        [_thread_blocked, id=16148, stack(0x00000086f3100000,0x00000086f3200000) (1024K)]
  0x0000022f5d11e010 JavaThread "Unconstrained build operations Thread 119"        [_thread_blocked, id=34080, stack(0x00000086f3200000,0x00000086f3300000) (1024K)]
  0x0000022f4ba24ec0 JavaThread "Unconstrained build operations Thread 120"        [_thread_blocked, id=38400, stack(0x00000086f3300000,0x00000086f3400000) (1024K)]
  0x0000022f4ba26270 JavaThread "Unconstrained build operations Thread 121"        [_thread_blocked, id=31172, stack(0x00000086f3400000,0x00000086f3500000) (1024K)]
  0x0000022f4ba27cb0 JavaThread "Problems report writer"            [_thread_blocked, id=27616, stack(0x00000086f3500000,0x00000086f3600000) (1024K)]
  0x0000022f4b522e50 JavaThread "Unconstrained build operations Thread 122"        [_thread_blocked, id=33580, stack(0x00000086efe00000,0x00000086eff00000) (1024K)]
  0x0000022f4b522130 JavaThread "Unconstrained build operations Thread 123"        [_thread_blocked, id=19656, stack(0x00000086eff00000,0x00000086f0000000) (1024K)]
  0x0000022f4b51f9d0 JavaThread "Unconstrained build operations Thread 124"        [_thread_blocked, id=28144, stack(0x00000086f3600000,0x00000086f3700000) (1024K)]
  0x0000022f4b5262d0 JavaThread "Unconstrained build operations Thread 125"        [_thread_blocked, id=37376, stack(0x00000086f3700000,0x00000086f3800000) (1024K)]
  0x0000022f4b525c40 JavaThread "Unconstrained build operations Thread 126"        [_thread_blocked, id=24332, stack(0x00000086f3800000,0x00000086f3900000) (1024K)]
  0x0000022f4b526960 JavaThread "Unconstrained build operations Thread 127"        [_thread_blocked, id=29640, stack(0x00000086f3900000,0x00000086f3a00000) (1024K)]
  0x0000022f4b524200 JavaThread "Unconstrained build operations Thread 128"        [_thread_blocked, id=29392, stack(0x00000086f3a00000,0x00000086f3b00000) (1024K)]
  0x0000022f4b524f20 JavaThread "Unconstrained build operations Thread 129"        [_thread_blocked, id=38708, stack(0x00000086f3b00000,0x00000086f3c00000) (1024K)]
  0x0000022f4b523b70 JavaThread "Unconstrained build operations Thread 130"        [_thread_blocked, id=13172, stack(0x00000086f3c00000,0x00000086f3d00000) (1024K)]
  0x0000022f4b527680 JavaThread "Unconstrained build operations Thread 131"        [_thread_blocked, id=6584, stack(0x00000086f3d00000,0x00000086f3e00000) (1024K)]
  0x0000022f4b527d10 JavaThread "Unconstrained build operations Thread 132"        [_thread_blocked, id=24672, stack(0x00000086f3e00000,0x00000086f3f00000) (1024K)]
  0x0000022f4b524890 JavaThread "Unconstrained build operations Thread 133"        [_thread_blocked, id=2008, stack(0x00000086f3f00000,0x00000086f4000000) (1024K)]
  0x0000022f4b528a30 JavaThread "Unconstrained build operations Thread 134"        [_thread_blocked, id=37612, stack(0x00000086f4000000,0x00000086f4100000) (1024K)]
  0x0000022f4b5255b0 JavaThread "Unconstrained build operations Thread 135"        [_thread_blocked, id=27020, stack(0x00000086f4100000,0x00000086f4200000) (1024K)]
  0x0000022f57552ed0 JavaThread "Unconstrained build operations Thread 136"        [_thread_blocked, id=37292, stack(0x00000086f4200000,0x00000086f4300000) (1024K)]
  0x0000022f4b529de0 JavaThread "Unconstrained build operations Thread 137"        [_thread_blocked, id=32356, stack(0x00000086f4300000,0x00000086f4400000) (1024K)]
  0x0000022f4b5290c0 JavaThread "Unconstrained build operations Thread 138"        [_thread_blocked, id=13704, stack(0x00000086f4400000,0x00000086f4500000) (1024K)]
  0x0000022f4b52ab00 JavaThread "Unconstrained build operations Thread 139"        [_thread_blocked, id=39608, stack(0x00000086f4500000,0x00000086f4600000) (1024K)]
  0x0000022f4b52b820 JavaThread "Unconstrained build operations Thread 140"        [_thread_blocked, id=34084, stack(0x00000086f4600000,0x00000086f4700000) (1024K)]
  0x0000022f4b52beb0 JavaThread "Unconstrained build operations Thread 141"        [_thread_blocked, id=2976, stack(0x00000086f4700000,0x00000086f4800000) (1024K)]
  0x0000022f4b52df80 JavaThread "Unconstrained build operations Thread 142"        [_thread_blocked, id=33804, stack(0x00000086f4800000,0x00000086f4900000) (1024K)]
  0x0000022f4b52e610 JavaThread "Unconstrained build operations Thread 143"        [_thread_blocked, id=38512, stack(0x00000086f4900000,0x00000086f4a00000) (1024K)]
  0x0000022f4b387980 JavaThread "Unconstrained build operations Thread 144"        [_thread_blocked, id=21988, stack(0x00000086f4a00000,0x00000086f4b00000) (1024K)]
  0x0000022f4b38a770 JavaThread "Unconstrained build operations Thread 145"        [_thread_blocked, id=30284, stack(0x00000086f4b00000,0x00000086f4c00000) (1024K)]
  0x0000022f4b38b490 JavaThread "Unconstrained build operations Thread 146"        [_thread_blocked, id=34220, stack(0x00000086f4c00000,0x00000086f4d00000) (1024K)]
  0x0000022f4b38a0e0 JavaThread "Unconstrained build operations Thread 147"        [_thread_blocked, id=24460, stack(0x00000086f4d00000,0x00000086f4e00000) (1024K)]
  0x0000022f4b3893c0 JavaThread "Unconstrained build operations Thread 148"        [_thread_blocked, id=25932, stack(0x00000086f4e00000,0x00000086f4f00000) (1024K)]
  0x0000022f4b38ae00 JavaThread "Unconstrained build operations Thread 149"        [_thread_blocked, id=28076, stack(0x00000086f4f00000,0x00000086f5000000) (1024K)]
  0x0000022f4b388010 JavaThread "Unconstrained build operations Thread 150"        [_thread_blocked, id=37944, stack(0x00000086f5000000,0x00000086f5100000) (1024K)]
  0x0000022f4b3886a0 JavaThread "Unconstrained build operations Thread 151"        [_thread_blocked, id=39332, stack(0x00000086f5100000,0x00000086f5200000) (1024K)]
  0x0000022f4b38bb20 JavaThread "Unconstrained build operations Thread 152"        [_thread_blocked, id=37560, stack(0x00000086f5200000,0x00000086f5300000) (1024K)]
  0x0000022f4b38c1b0 JavaThread "Unconstrained build operations Thread 153"        [_thread_blocked, id=39576, stack(0x00000086f5300000,0x00000086f5400000) (1024K)]
  0x0000022f4b388d30 JavaThread "Unconstrained build operations Thread 154"        [_thread_blocked, id=8248, stack(0x00000086f5400000,0x00000086f5500000) (1024K)]
  0x0000022f4b389a50 JavaThread "Unconstrained build operations Thread 155"        [_thread_blocked, id=38588, stack(0x00000086f5500000,0x00000086f5600000) (1024K)]
  0x0000022f4b38c840 JavaThread "Unconstrained build operations Thread 156"        [_thread_blocked, id=31740, stack(0x00000086f5600000,0x00000086f5700000) (1024K)]
  0x0000022f4b38e910 JavaThread "Unconstrained build operations Thread 157"        [_thread_blocked, id=33552, stack(0x00000086f5700000,0x00000086f5800000) (1024K)]
  0x0000022f4b38dbf0 JavaThread "Unconstrained build operations Thread 158"        [_thread_blocked, id=15832, stack(0x00000086f5800000,0x00000086f5900000) (1024K)]
  0x0000022f4b38efa0 JavaThread "Unconstrained build operations Thread 159"        [_thread_blocked, id=11756, stack(0x00000086f5900000,0x00000086f5a00000) (1024K)]
  0x0000022f4b38e280 JavaThread "Unconstrained build operations Thread 160"        [_thread_blocked, id=25532, stack(0x00000086f5a00000,0x00000086f5b00000) (1024K)]
  0x0000022f5d122840 JavaThread "Kotlin DSL Writer"                 [_thread_blocked, id=39384, stack(0x00000086e7800000,0x00000086e7900000) (1024K)]
  0x0000022f4ba26900 JavaThread "Cache worker for execution history cache (E:\KaamSetu_Phase4C_ProfessionalInfo\android\.gradle\8.14\executionHistory)"        [_thread_blocked, id=31936, stack(0x00000086f5b00000,0x00000086f5c00000) (1024K)]
  0x0000022f598cc6b0 JavaThread "Exec process Thread 14"            [_thread_blocked, id=34168, stack(0x00000086f1400000,0x00000086f1500000) (1024K)]
  0x0000022f4ba26f90 JavaThread "Exec process Thread 15"            [_thread_blocked, id=25216, stack(0x00000086f5c00000,0x00000086f5d00000) (1024K)]
  0x0000022f66a895e0 JavaThread "Exec process Thread 16"            [_thread_blocked, id=36640, stack(0x00000086f5f00000,0x00000086f6000000) (1024K)]
  0x0000022f5d125cc0 JavaThread "WorkerExecutor Queue"              [_thread_blocked, id=28420, stack(0x00000086f7400000,0x00000086f7500000) (1024K)]
  0x0000022f5d126350 JavaThread "WorkerExecutor Queue Thread 2"        [_thread_blocked, id=25120, stack(0x00000086f7500000,0x00000086f7600000) (1024K)]
  0x0000022f5d124280 JavaThread "WorkerExecutor Queue Thread 3"        [_thread_blocked, id=35404, stack(0x00000086f7100000,0x00000086f7200000) (1024K)]
  0x0000022f5d127d90 JavaThread "WorkerExecutor Queue Thread 4"        [_thread_blocked, id=7144, stack(0x00000086f7200000,0x00000086f7300000) (1024K)]
  0x0000022f5d124910 JavaThread "WorkerExecutor Queue Thread 5"        [_thread_blocked, id=32072, stack(0x00000086f7600000,0x00000086f7700000) (1024K)]
  0x0000022f494031b0 JavaThread "WorkerExecutor Queue Thread 6"        [_thread_blocked, id=6156, stack(0x00000086f7000000,0x00000086f7100000) (1024K)]
  0x0000022f588668c0 JavaThread "WorkerExecutor Queue Thread 7"        [_thread_blocked, id=39796, stack(0x00000086f1100000,0x00000086f1200000) (1024K)]
  0x0000022f588696b0 JavaThread "WorkerExecutor Queue Thread 8"        [_thread_blocked, id=16528, stack(0x00000086f7900000,0x00000086f7a00000) (1024K)]
  0x0000022f49402490 JavaThread "WorkerExecutor Queue Thread 10"        [_thread_blocked, id=23572, stack(0x00000086f7a00000,0x00000086f7b00000) (1024K)]
  0x0000022f66a87ba0 JavaThread "WorkerExecutor Queue Thread 11"        [_thread_blocked, id=27232, stack(0x00000086f7c00000,0x00000086f7d00000) (1024K)]
  0x0000022f6cf9ceb0 JavaThread "WorkerExecutor Queue Thread 13"        [_thread_blocked, id=25944, stack(0x00000086f8000000,0x00000086f8100000) (1024K)]
  0x0000022f4147e230 JavaThread "WorkerExecutor Queue Thread 14"        [_thread_blocked, id=33764, stack(0x00000086f8100000,0x00000086f8200000) (1024K)]
  0x0000022f5d460d90 JavaThread "WorkerExecutor Queue Thread 16"        [_thread_blocked, id=17900, stack(0x00000086f8300000,0x00000086f8400000) (1024K)]
  0x0000022f5d461420 JavaThread "WorkerExecutor Queue Thread 17"        [_thread_blocked, id=24856, stack(0x00000086f8400000,0x00000086f8500000) (1024K)]
  0x0000022f576e8870 JavaThread "Exec process Thread 17"            [_thread_blocked, id=32440, stack(0x00000086f8500000,0x00000086f8600000) (1024K)]
  0x0000022f4aa12400 JavaThread "Exec process Thread 18"            [_thread_blocked, id=37996, stack(0x00000086f8600000,0x00000086f8700000) (1024K)]
  0x0000022f602f3320 JavaThread "Exec process Thread 19"            [_thread_blocked, id=34892, stack(0x00000086f8700000,0x00000086f8800000) (1024K)]
  0x0000022f66a8a990 JavaThread "Exec process Thread 20"            [_thread_blocked, id=31192, stack(0x00000086f8800000,0x00000086f8900000) (1024K)]
  0x0000022f4aa12a90 JavaThread "Exec process Thread 21"            [_thread_blocked, id=21692, stack(0x00000086f8900000,0x00000086f8a00000) (1024K)]
  0x0000022f4aa109c0 JavaThread "Exec process Thread 22"            [_thread_blocked, id=10156, stack(0x00000086f8a00000,0x00000086f8b00000) (1024K)]
  0x0000022f5e4ed6a0 JavaThread "RMI GC Daemon"              daemon [_thread_blocked, id=29016, stack(0x00000086f8c00000,0x00000086f8d00000) (1024K)]
  0x0000022f6cf9e260 JavaThread "Exec process Thread 23"            [_thread_blocked, id=30124, stack(0x00000086f8d00000,0x00000086f8e00000) (1024K)]
  0x0000022f6cf9b470 JavaThread "Exec process Thread 24"            [_thread_blocked, id=30348, stack(0x00000086f8e00000,0x00000086f8f00000) (1024K)]
  0x0000022f49402b20 JavaThread "Exec process Thread 25"            [_thread_blocked, id=25508, stack(0x00000086f8f00000,0x00000086f9000000) (1024K)]
  0x0000022f494010e0 JavaThread "Exec process Thread 26"            [_thread_blocked, id=37928, stack(0x00000086f9000000,0x00000086f9100000) (1024K)]
  0x0000022f5d128420 JavaThread "RMI Reaper"                        [_thread_blocked, id=33380, stack(0x00000086f9100000,0x00000086f9200000) (1024K)]
  0x0000022f5d6355f0 JavaThread "RMI TCP Connection(21)-127.0.0.1" daemon [_thread_in_native, id=10484, stack(0x00000086f9200000,0x00000086f9300000) (1024K)]
  0x0000022f58868300 JavaThread "WorkerExecutor Queue Thread 18"        [_thread_blocked, id=19016, stack(0x00000086f7700000,0x00000086f7800000) (1024K)]
  0x0000022f4147adb0 JavaThread "pool-13-thread-1"                  [_thread_blocked, id=25016, stack(0x00000086f7b00000,0x00000086f7c00000) (1024K)]
  0x0000022f61b0bd20 JavaThread "stderr"                            [_thread_in_native, id=30644, stack(0x00000086f7e00000,0x00000086f7f00000) (1024K)]
  0x0000022f61b0ca40 JavaThread "stdout"                            [_thread_in_native, id=28568, stack(0x00000086f7f00000,0x00000086f8000000) (1024K)]
  0x0000022f5e4ebc60 JavaThread "stderr"                            [_thread_in_native, id=25192, stack(0x00000086f9300000,0x00000086f9400000) (1024K)]
  0x0000022f5e4ec2f0 JavaThread "stdout"                            [_thread_in_native, id=11040, stack(0x00000086f9500000,0x00000086f9600000) (1024K)]
  0x0000022f4147c160 JavaThread "stderr"                            [_thread_in_native, id=35880, stack(0x00000086f9600000,0x00000086f9700000) (1024K)]
  0x0000022f50c4e750 JavaThread "stdout"                            [_thread_in_native, id=34076, stack(0x00000086f9900000,0x00000086f9a00000) (1024K)]
  0x0000022f5e4edd30 JavaThread "stderr"                            [_thread_in_native, id=35636, stack(0x00000086f9a00000,0x00000086f9b00000) (1024K)]
  0x0000022f5e4ea8b0 JavaThread "stdout"                            [_thread_in_native, id=28400, stack(0x00000086f9b00000,0x00000086f9c00000) (1024K)]
  0x0000022f66a88230 JavaThread "stderr"                            [_thread_in_native, id=31812, stack(0x00000086f9c00000,0x00000086f9d00000) (1024K)]
  0x0000022f66a8b020 JavaThread "stdout"                            [_thread_in_native, id=36940, stack(0x00000086f9d00000,0x00000086f9e00000) (1024K)]
  0x0000022f5a03e960 JavaThread "stderr"                            [_thread_in_native, id=38776, stack(0x00000086f9e00000,0x00000086f9f00000) (1024K)]
  0x0000022f5a03eff0 JavaThread "stdout"                            [_thread_in_native, id=31796, stack(0x00000086f9f00000,0x00000086fa000000) (1024K)]
  0x0000022f50c4fb00 JavaThread "stderr"                            [_thread_in_native, id=35676, stack(0x00000086fa000000,0x00000086fa100000) (1024K)]
  0x0000022f50c4ede0 JavaThread "stdout"                            [_thread_in_native, id=1092, stack(0x00000086fa100000,0x00000086fa200000) (1024K)]
  0x0000022f602f46d0 JavaThread "stderr"                            [_thread_in_native, id=37484, stack(0x00000086fa200000,0x00000086fa300000) (1024K)]
  0x0000022f57cf6c80 JavaThread "stdout"                            [_thread_in_native, id=5044, stack(0x00000086fa300000,0x00000086fa400000) (1024K)]
  0x0000022f5d4634f0 JavaThread "Exec process Thread 27"            [_thread_blocked, id=36704, stack(0x00000086fa400000,0x00000086fa500000) (1024K)]
  0x0000022f5d461ab0 JavaThread "Exec process Thread 28"            [_thread_blocked, id=26236, stack(0x00000086fa500000,0x00000086fa600000) (1024K)]
  0x0000022f66a8a300 JavaThread "WorkerExecutor Queue Thread 20"        [_thread_blocked, id=30972, stack(0x00000086f7800000,0x00000086f7900000) (1024K)]
  0x0000022f57e1a660 JavaThread "RMI TCP Connection(20)-127.0.0.1" daemon [_thread_in_native, id=34388, stack(0x00000086f7d00000,0x00000086f7e00000) (1024K)]
  0x0000022f34d346f0 JavaThread "C1 CompilerThread1"         daemon [_thread_blocked, id=1704, stack(0x00000086e8a00000,0x00000086e8b00000) (1024K)]
  0x0000022f34d31070 JavaThread "C1 CompilerThread2"         daemon [_thread_blocked, id=30456, stack(0x00000086f1600000,0x00000086f1700000) (1024K)]
  0x0000022f5f1976d0 JavaThread "C1 CompilerThread3"         daemon [_thread_blocked, id=38584, stack(0x00000086f6800000,0x00000086f6900000) (1024K)]
  0x0000022f5d2ff770 JavaThread "C2 CompilerThread1"         daemon [_thread_blocked, id=16220, stack(0x00000086f8200000,0x00000086f8300000) (1024K)]
  0x0000022f5aed87a0 JavaThread "C2 CompilerThread2"         daemon [_thread_blocked, id=18484, stack(0x00000086f8b00000,0x00000086f8c00000) (1024K)]
  0x0000022f59fe28d0 JavaThread "Build operations"                  [_thread_blocked, id=30116, stack(0x00000086fa900000,0x00000086faa00000) (1024K)]
  0x0000022f5d12ed20 JavaThread "Build operations Thread 2"         [_thread_blocked, id=27864, stack(0x00000086faa00000,0x00000086fab00000) (1024K)]
  0x0000022f59fe5030 JavaThread "Build operations Thread 3"         [_thread_blocked, id=39692, stack(0x00000086fab00000,0x00000086fac00000) (1024K)]
  0x0000022f5d571ff0 JavaThread "Build operations Thread 4"         [_thread_blocked, id=28260, stack(0x00000086fac00000,0x00000086fad00000) (1024K)]
  0x0000022f5182b9f0 JavaThread "Build operations Thread 5"         [_thread_blocked, id=27288, stack(0x00000086fad00000,0x00000086fae00000) (1024K)]
  0x0000022f51829920 JavaThread "Build operations Thread 6"         [_thread_blocked, id=15524, stack(0x00000086fae00000,0x00000086faf00000) (1024K)]
  0x0000022f5182acd0 JavaThread "Build operations Thread 7"         [_thread_blocked, id=30960, stack(0x00000086faf00000,0x00000086fb000000) (1024K)]
  0x0000022f5182a640 JavaThread "Build operations Thread 8"         [_thread_blocked, id=11508, stack(0x00000086fb000000,0x00000086fb100000) (1024K)]
  0x0000022f5182c080 JavaThread "Build operations Thread 9"         [_thread_blocked, id=4868, stack(0x00000086fb100000,0x00000086fb200000) (1024K)]
  0x0000022f51829290 JavaThread "Build operations Thread 10"        [_thread_blocked, id=35664, stack(0x00000086fb200000,0x00000086fb300000) (1024K)]
  0x0000022f5182b360 JavaThread "Build operations Thread 11"        [_thread_blocked, id=14144, stack(0x00000086fb300000,0x00000086fb400000) (1024K)]
  0x0000022f5182c710 JavaThread "Build operations Thread 12"        [_thread_blocked, id=38284, stack(0x00000086fb400000,0x00000086fb500000) (1024K)]
  0x0000022f51829fb0 JavaThread "Build operations Thread 13"        [_thread_blocked, id=38096, stack(0x00000086fb500000,0x00000086fb600000) (1024K)]
  0x0000022f5a03f680 JavaThread "Build operations Thread 14"        [_thread_blocked, id=26492, stack(0x00000086fb600000,0x00000086fb700000) (1024K)]
  0x0000022f5a03fd10 JavaThread "Build operations Thread 15"        [_thread_blocked, id=36068, stack(0x00000086fb700000,0x00000086fb800000) (1024K)]
  0x0000022f59d240d0 JavaThread "ForkJoinPool.commonPool-worker-19" daemon [_thread_blocked, id=35728, stack(0x00000086fa700000,0x00000086fa800000) (1024K)]
  0x0000022f50c4cd10 JavaThread "ForkJoinPool.commonPool-worker-20" daemon [_thread_blocked, id=36440, stack(0x00000086fa800000,0x00000086fa900000) (1024K)]
  0x0000022f518bf460 JavaThread "ForkJoinPool.commonPool-worker-21" daemon [_thread_blocked, id=29896, stack(0x00000086fa600000,0x00000086fa700000) (1024K)]
  0x0000022f607e4040 JavaThread "ForkJoinPool-6-worker-1"    daemon [_thread_blocked, id=26972, stack(0x00000086fb800000,0x00000086fb900000) (1024K)]
  0x0000022f607e53f0 JavaThread "ForkJoinPool-6-worker-2"    daemon [_thread_blocked, id=34984, stack(0x00000086fca00000,0x00000086fcb00000) (1024K)]
  0x0000022f5dbe71a0 JavaThread "ForkJoinPool-6-worker-3"    daemon [_thread_blocked, id=24428, stack(0x00000086fcb00000,0x00000086fcc00000) (1024K)]
  0x0000022f5d16e900 JavaThread "ForkJoinPool-6-worker-4"    daemon [_thread_blocked, id=38372, stack(0x00000086fcc00000,0x00000086fcd00000) (1024K)]
  0x0000022f59d27550 JavaThread "ForkJoinPool-6-worker-5"    daemon [_thread_blocked, id=24532, stack(0x00000086fcd00000,0x00000086fce00000) (1024K)]
  0x0000022f518bfaf0 JavaThread "ForkJoinPool-6-worker-6"    daemon [_thread_blocked, id=25188, stack(0x00000086fce00000,0x00000086fcf00000) (1024K)]
  0x0000022f3ae06120 JavaThread "ForkJoinPool-6-worker-7"    daemon [_thread_blocked, id=25572, stack(0x00000086fcf00000,0x00000086fd000000) (1024K)]
  0x0000022f518bc670 JavaThread "ForkJoinPool-6-worker-8"    daemon [_thread_blocked, id=32400, stack(0x00000086fd000000,0x00000086fd100000) (1024K)]
  0x0000022f5b03f4e0 JavaThread "ForkJoinPool-6-worker-9"    daemon [_thread_blocked, id=39592, stack(0x00000086fd100000,0x00000086fd200000) (1024K)]
  0x0000022f518bda20 JavaThread "ForkJoinPool-6-worker-11"   daemon [_thread_blocked, id=39128, stack(0x00000086fd200000,0x00000086fd300000) (1024K)]
  0x0000022f5dbe7ec0 JavaThread "ForkJoinPool-6-worker-13"   daemon [_thread_blocked, id=8280, stack(0x00000086fd300000,0x00000086fd400000) (1024K)]
  0x0000022f5b03e130 JavaThread "ForkJoinPool-6-worker-12"   daemon [_thread_blocked, id=26380, stack(0x00000086fd400000,0x00000086fd500000) (1024K)]
  0x0000022f50c4d3a0 JavaThread "ForkJoinPool-6-worker-10"   daemon [_thread_blocked, id=9252, stack(0x00000086fd500000,0x00000086fd600000) (1024K)]
  0x0000022f50c4da30 JavaThread "ForkJoinPool-6-worker-14"   daemon [_thread_blocked, id=21720, stack(0x00000086fd600000,0x00000086fd700000) (1024K)]
  0x0000022f5b03c6f0 JavaThread "ForkJoinPool-6-worker-15"   daemon [_thread_blocked, id=27576, stack(0x00000086fd700000,0x00000086fd800000) (1024K)]
  0x0000022f5b03e7c0 JavaThread "ForkJoinPool-6-worker-16"   daemon [_thread_blocked, id=34864, stack(0x00000086fd800000,0x00000086fd900000) (1024K)]
Total: 347

Other Threads:
=>0x0000022f0129ff00 VMThread "VM Thread"                           [id=36012, stack(0x00000086e6e00000,0x00000086e6f00000) (1024K)]
  0x0000022f313fca90 WatcherThread "VM Periodic Task Thread"        [id=28636, stack(0x00000086e6d00000,0x00000086e6e00000) (1024K)]
  0x0000022f012a1120 WorkerThread "GC Thread#0"                     [id=6444, stack(0x00000086e6800000,0x00000086e6900000) (1024K)]
  0x0000022f012a1860 WorkerThread "GC Thread#1"                     [id=39216, stack(0x00000086e7d00000,0x00000086e7e00000) (1024K)]
  0x0000022f012a0640 WorkerThread "GC Thread#2"                     [id=26432, stack(0x00000086e7e00000,0x00000086e7f00000) (1024K)]
  0x0000022f012a09e0 WorkerThread "GC Thread#3"                     [id=27736, stack(0x00000086e7f00000,0x00000086e8000000) (1024K)]
  0x0000022f012a0d80 WorkerThread "GC Thread#4"                     [id=29372, stack(0x00000086e8000000,0x00000086e8100000) (1024K)]
  0x0000022f34965690 WorkerThread "GC Thread#5"                     [id=25312, stack(0x00000086e8100000,0x00000086e8200000) (1024K)]
  0x0000022f34961c90 WorkerThread "GC Thread#6"                     [id=23452, stack(0x00000086e8d00000,0x00000086e8e00000) (1024K)]
  0x0000022f34964bb0 WorkerThread "GC Thread#7"                     [id=39300, stack(0x00000086e8e00000,0x00000086e8f00000) (1024K)]
  0x0000022f349640d0 WorkerThread "GC Thread#8"                     [id=26376, stack(0x00000086e8f00000,0x00000086e9000000) (1024K)]
  0x0000022f34963990 WorkerThread "GC Thread#9"                     [id=33056, stack(0x00000086e9000000,0x00000086e9100000) (1024K)]
  0x0000022f34964f50 WorkerThread "GC Thread#10"                    [id=15528, stack(0x00000086e9100000,0x00000086e9200000) (1024K)]
  0x0000022f34963d30 WorkerThread "GC Thread#11"                    [id=38468, stack(0x00000086e9200000,0x00000086e9300000) (1024K)]
  0x0000022f349623d0 WorkerThread "GC Thread#12"                    [id=21000, stack(0x00000086e9300000,0x00000086e9400000) (1024K)]
  0x0000022f0361b920 ConcurrentGCThread "G1 Main Marker"            [id=27740, stack(0x00000086e6900000,0x00000086e6a00000) (1024K)]
  0x0000022f012a14c0 WorkerThread "G1 Conc#0"                       [id=7876, stack(0x00000086e6a00000,0x00000086e6b00000) (1024K)]
  0x0000022f34964810 WorkerThread "G1 Conc#1"                       [id=31480, stack(0x00000086e9400000,0x00000086e9500000) (1024K)]
  0x0000022f349635f0 WorkerThread "G1 Conc#2"                       [id=27032, stack(0x00000086e9500000,0x00000086e9600000) (1024K)]
  0x0000022f312c99b0 ConcurrentGCThread "G1 Refine#0"               [id=39856, stack(0x00000086e6b00000,0x00000086e6c00000) (1024K)]
  0x0000022f312cb2e0 ConcurrentGCThread "G1 Service"                [id=34024, stack(0x00000086e6c00000,0x00000086e6d00000) (1024K)]
Total: 21

Threads with active compile tasks:
C2 CompilerThread0  3687846 157038       4       com.android.tools.r8.graph.E0$$Lambda/0x0000000802a6ec28::accept (16 bytes)
C2 CompilerThread1  3687846 157129       4       com.android.tools.r8.shaking.n4::b (51 bytes)
C2 CompilerThread2  3687846 157035       4       com.android.tools.r8.graph.E0::a (12 bytes)
Total: 3

VM state: at safepoint (normal execution)

VM Mutex/Monitor currently owned by a thread:  ([mutex/lock_event])
[0x00007ff8dce58690] Threads_lock - owner thread: 0x0000022f0129ff00
[0x00007ff8dce58790] Heap_lock - owner thread: 0x0000022f607e53f0

Heap address: 0x0000000600000000, size: 8192 MB, Compressed Oops mode: Zero based, Oop shift amount: 3

CDS archive(s) not mapped
Compressed class space mapped at: 0x0000000800000000-0x0000000840000000, reserved size: 1073741824
Narrow klass base: 0x0000000800000000, Narrow klass shift: 0, Narrow klass range: 0x40000000

GC Precious Log:
 CardTable entry size: 512
 Card Set container configuration: InlinePtr #cards 4 size 8 Array Of Cards #cards 32 size 80 Howl #buckets 8 coarsen threshold 7372 Howl Bitmap #cards 1024 size 144 coarsen threshold 921 Card regions per heap region 1 cards per card region 8192
 CPUs: 16 total, 16 available
 Memory: 16087M
 Large Page Support: Disabled
 NUMA Support: Disabled
 Compressed Oops: Enabled (Zero based)
 Heap Region Size: 4M
 Heap Min Capacity: 8M
 Heap Initial Capacity: 252M
 Heap Max Capacity: 8G
 Pre-touch: Disabled
 Parallel Workers: 13
 Concurrent Workers: 3
 Concurrent Refinement Workers: 13
 Periodic GC: Disabled

Heap:
 garbage-first heap   total 2654208K, used 1132661K [0x0000000600000000, 0x0000000800000000)
  region size 4096K, 8 young (32768K), 8 survivors (32768K)
 Metaspace       used 456617K, committed 460352K, reserved 1507328K
  class space    used 57309K, committed 59072K, reserved 1048576K

Heap Regions: E=young(eden), S=young(survivor), O=old, HS=humongous(starts), HC=humongous(continues), CS=collection set, F=free, TAMS=top-at-mark-start, PB=parsable bottom
|   0|0x0000000600000000, 0x0000000600400000, 0x0000000600400000|100%|HS|  |TAMS 0x0000000600000000| PB 0x0000000600000000| Complete 
|   1|0x0000000600400000, 0x0000000600800000, 0x0000000600800000|100%| O|  |TAMS 0x0000000600400000| PB 0x0000000600400000| Untracked 
|   2|0x0000000600800000, 0x0000000600c00000, 0x0000000600c00000|100%| O|  |TAMS 0x0000000600800000| PB 0x0000000600800000| Untracked 
|   3|0x0000000600c00000, 0x0000000601000000, 0x0000000601000000|100%| O|  |TAMS 0x0000000600c00000| PB 0x0000000600c00000| Untracked 
|   4|0x0000000601000000, 0x0000000601400000, 0x0000000601400000|100%| O|  |TAMS 0x0000000601000000| PB 0x0000000601000000| Untracked 
|   5|0x0000000601400000, 0x0000000601800000, 0x0000000601800000|100%| O|  |TAMS 0x0000000601400000| PB 0x0000000601400000| Untracked 
|   6|0x0000000601800000, 0x0000000601c00000, 0x0000000601c00000|100%| O|  |TAMS 0x0000000601800000| PB 0x0000000601800000| Untracked 
|   7|0x0000000601c00000, 0x0000000602000000, 0x0000000602000000|100%| O|  |TAMS 0x0000000601c00000| PB 0x0000000601c00000| Untracked 
|   8|0x0000000602000000, 0x0000000602400000, 0x0000000602400000|100%| O|  |TAMS 0x0000000602000000| PB 0x0000000602000000| Untracked 
|   9|0x0000000602400000, 0x0000000602800000, 0x0000000602800000|100%| O|  |TAMS 0x0000000602400000| PB 0x0000000602400000| Untracked 
|  10|0x0000000602800000, 0x0000000602c00000, 0x0000000602c00000|100%| O|  |TAMS 0x0000000602800000| PB 0x0000000602800000| Untracked 
|  11|0x0000000602c00000, 0x0000000603000000, 0x0000000603000000|100%|HS|  |TAMS 0x0000000602c00000| PB 0x0000000602c00000| Complete 
|  12|0x0000000603000000, 0x0000000603400000, 0x0000000603400000|100%| O|  |TAMS 0x0000000603000000| PB 0x0000000603000000| Untracked 
|  13|0x0000000603400000, 0x0000000603800000, 0x0000000603800000|100%| O|  |TAMS 0x0000000603400000| PB 0x0000000603400000| Untracked 
|  14|0x0000000603800000, 0x0000000603c00000, 0x0000000603c00000|100%| O|  |TAMS 0x0000000603800000| PB 0x0000000603800000| Untracked 
|  15|0x0000000603c00000, 0x0000000604000000, 0x0000000604000000|100%| O|  |TAMS 0x0000000603c00000| PB 0x0000000603c00000| Untracked 
|  16|0x0000000604000000, 0x0000000604400000, 0x0000000604400000|100%| O|  |TAMS 0x0000000604000000| PB 0x0000000604000000| Untracked 
|  17|0x0000000604400000, 0x0000000604800000, 0x0000000604800000|100%|HS|  |TAMS 0x0000000604400000| PB 0x0000000604400000| Complete 
|  18|0x0000000604800000, 0x0000000604c00000, 0x0000000604c00000|100%| O|  |TAMS 0x0000000604800000| PB 0x0000000604800000| Untracked 
|  19|0x0000000604c00000, 0x0000000605000000, 0x0000000605000000|100%| O|Cm|TAMS 0x0000000604c00000| PB 0x0000000604c00000| Complete 
|  20|0x0000000605000000, 0x0000000605400000, 0x0000000605400000|100%| O|Cm|TAMS 0x0000000605000000| PB 0x0000000605000000| Complete 
|  21|0x0000000605400000, 0x0000000605800000, 0x0000000605800000|100%| O|  |TAMS 0x0000000605400000| PB 0x0000000605400000| Untracked 
|  22|0x0000000605800000, 0x0000000605c00000, 0x0000000605c00000|100%| O|  |TAMS 0x0000000605800000| PB 0x0000000605800000| Untracked 
|  23|0x0000000605c00000, 0x0000000606000000, 0x0000000606000000|100%| O|  |TAMS 0x0000000605c00000| PB 0x0000000605c00000| Untracked 
|  24|0x0000000606000000, 0x0000000606400000, 0x0000000606400000|100%| O|Cm|TAMS 0x0000000606000000| PB 0x0000000606000000| Complete 
|  25|0x0000000606400000, 0x0000000606800000, 0x0000000606800000|100%| O|  |TAMS 0x0000000606400000| PB 0x0000000606400000| Untracked 
|  26|0x0000000606800000, 0x0000000606c00000, 0x0000000606c00000|100%| O|  |TAMS 0x0000000606800000| PB 0x0000000606800000| Untracked 
|  27|0x0000000606c00000, 0x0000000607000000, 0x0000000607000000|100%| O|  |TAMS 0x0000000606c00000| PB 0x0000000606c00000| Untracked 
|  28|0x0000000607000000, 0x0000000607400000, 0x0000000607400000|100%| O|  |TAMS 0x0000000607000000| PB 0x0000000607000000| Untracked 
|  29|0x0000000607400000, 0x0000000607800000, 0x0000000607800000|100%| O|  |TAMS 0x0000000607400000| PB 0x0000000607400000| Untracked 
|  30|0x0000000607800000, 0x0000000607c00000, 0x0000000607c00000|100%|HS|  |TAMS 0x0000000607800000| PB 0x0000000607800000| Complete 
|  31|0x0000000607c00000, 0x0000000608000000, 0x0000000608000000|100%| O|  |TAMS 0x0000000607c00000| PB 0x0000000607c00000| Untracked 
|  32|0x0000000608000000, 0x0000000608000000, 0x0000000608400000|  0%| F|  |TAMS 0x0000000608000000| PB 0x0000000608000000| Untracked 
|  33|0x0000000608400000, 0x0000000608400000, 0x0000000608800000|  0%| F|  |TAMS 0x0000000608400000| PB 0x0000000608400000| Untracked 
|  34|0x0000000608800000, 0x0000000608c00000, 0x0000000608c00000|100%| O|  |TAMS 0x0000000608800000| PB 0x0000000608800000| Untracked 
|  35|0x0000000608c00000, 0x0000000609000000, 0x0000000609000000|100%| O|Cm|TAMS 0x0000000608c00000| PB 0x0000000608c00000| Complete 
|  36|0x0000000609000000, 0x0000000609400000, 0x0000000609400000|100%| O|  |TAMS 0x0000000609000000| PB 0x0000000609000000| Untracked 
|  37|0x0000000609400000, 0x0000000609800000, 0x0000000609800000|100%| O|  |TAMS 0x0000000609400000| PB 0x0000000609400000| Untracked 
|  38|0x0000000609800000, 0x0000000609c00000, 0x0000000609c00000|100%| O|  |TAMS 0x0000000609800000| PB 0x0000000609800000| Untracked 
|  39|0x0000000609c00000, 0x000000060a000000, 0x000000060a000000|100%| O|Cm|TAMS 0x0000000609c00000| PB 0x0000000609c00000| Complete 
|  40|0x000000060a000000, 0x000000060a400000, 0x000000060a400000|100%| O|  |TAMS 0x000000060a000000| PB 0x000000060a000000| Untracked 
|  41|0x000000060a400000, 0x000000060a800000, 0x000000060a800000|100%| O|Cm|TAMS 0x000000060a400000| PB 0x000000060a400000| Complete 
|  42|0x000000060a800000, 0x000000060ac00000, 0x000000060ac00000|100%| O|  |TAMS 0x000000060a800000| PB 0x000000060a800000| Untracked 
|  43|0x000000060ac00000, 0x000000060b000000, 0x000000060b000000|100%| O|  |TAMS 0x000000060ac00000| PB 0x000000060ac00000| Untracked 
|  44|0x000000060b000000, 0x000000060b400000, 0x000000060b400000|100%| O|Cm|TAMS 0x000000060b000000| PB 0x000000060b000000| Complete 
|  45|0x000000060b400000, 0x000000060b800000, 0x000000060b800000|100%| O|Cm|TAMS 0x000000060b400000| PB 0x000000060b400000| Complete 
|  46|0x000000060b800000, 0x000000060bc00000, 0x000000060bc00000|100%| O|  |TAMS 0x000000060b800000| PB 0x000000060b800000| Untracked 
|  47|0x000000060bc00000, 0x000000060c000000, 0x000000060c000000|100%| O|  |TAMS 0x000000060bc00000| PB 0x000000060bc00000| Untracked 
|  48|0x000000060c000000, 0x000000060c400000, 0x000000060c400000|100%| O|  |TAMS 0x000000060c000000| PB 0x000000060c000000| Untracked 
|  49|0x000000060c400000, 0x000000060c800000, 0x000000060c800000|100%| O|  |TAMS 0x000000060c400000| PB 0x000000060c400000| Untracked 
|  50|0x000000060c800000, 0x000000060cc00000, 0x000000060cc00000|100%| O|  |TAMS 0x000000060c800000| PB 0x000000060c800000| Untracked 
|  51|0x000000060cc00000, 0x000000060d000000, 0x000000060d000000|100%| O|  |TAMS 0x000000060cc00000| PB 0x000000060cc00000| Untracked 
|  52|0x000000060d000000, 0x000000060d400000, 0x000000060d400000|100%| O|  |TAMS 0x000000060d000000| PB 0x000000060d000000| Untracked 
|  53|0x000000060d400000, 0x000000060d800000, 0x000000060d800000|100%| O|Cm|TAMS 0x000000060d400000| PB 0x000000060d400000| Complete 
|  54|0x000000060d800000, 0x000000060dc00000, 0x000000060dc00000|100%| O|Cm|TAMS 0x000000060d800000| PB 0x000000060d800000| Complete 
|  55|0x000000060dc00000, 0x000000060e000000, 0x000000060e000000|100%| O|  |TAMS 0x000000060dc00000| PB 0x000000060dc00000| Untracked 
|  56|0x000000060e000000, 0x000000060e400000, 0x000000060e400000|100%| O|  |TAMS 0x000000060e000000| PB 0x000000060e000000| Untracked 
|  57|0x000000060e400000, 0x000000060e800000, 0x000000060e800000|100%| O|  |TAMS 0x000000060e400000| PB 0x000000060e400000| Untracked 
|  58|0x000000060e800000, 0x000000060ec00000, 0x000000060ec00000|100%| O|Cm|TAMS 0x000000060e800000| PB 0x000000060e800000| Complete 
|  59|0x000000060ec00000, 0x000000060f000000, 0x000000060f000000|100%| O|  |TAMS 0x000000060ec00000| PB 0x000000060ec00000| Untracked 
|  60|0x000000060f000000, 0x000000060f400000, 0x000000060f400000|100%| O|  |TAMS 0x000000060f000000| PB 0x000000060f000000| Untracked 
|  61|0x000000060f400000, 0x000000060f800000, 0x000000060f800000|100%| O|  |TAMS 0x000000060f400000| PB 0x000000060f400000| Untracked 
|  62|0x000000060f800000, 0x000000060fc00000, 0x000000060fc00000|100%| O|  |TAMS 0x000000060f800000| PB 0x000000060f800000| Untracked 
|  63|0x000000060fc00000, 0x0000000610000000, 0x0000000610000000|100%| O|  |TAMS 0x000000060fc00000| PB 0x000000060fc00000| Untracked 
|  64|0x0000000610000000, 0x0000000610400000, 0x0000000610400000|100%| O|  |TAMS 0x0000000610000000| PB 0x0000000610000000| Untracked 
|  65|0x0000000610400000, 0x0000000610800000, 0x0000000610800000|100%| O|Cm|TAMS 0x0000000610400000| PB 0x0000000610400000| Complete 
|  66|0x0000000610800000, 0x0000000610c00000, 0x0000000610c00000|100%| O|  |TAMS 0x0000000610800000| PB 0x0000000610800000| Untracked 
|  67|0x0000000610c00000, 0x0000000611000000, 0x0000000611000000|100%| O|  |TAMS 0x0000000610c00000| PB 0x0000000610c00000| Untracked 
|  68|0x0000000611000000, 0x0000000611400000, 0x0000000611400000|100%| O|  |TAMS 0x0000000611000000| PB 0x0000000611000000| Untracked 
|  69|0x0000000611400000, 0x0000000611800000, 0x0000000611800000|100%| O|  |TAMS 0x0000000611400000| PB 0x0000000611400000| Untracked 
|  70|0x0000000611800000, 0x0000000611c00000, 0x0000000611c00000|100%| O|  |TAMS 0x0000000611800000| PB 0x0000000611800000| Untracked 
|  71|0x0000000611c00000, 0x0000000612000000, 0x0000000612000000|100%| O|  |TAMS 0x0000000611c00000| PB 0x0000000611c00000| Untracked 
|  72|0x0000000612000000, 0x0000000612400000, 0x0000000612400000|100%| O|  |TAMS 0x0000000612000000| PB 0x0000000612000000| Untracked 
|  73|0x0000000612400000, 0x0000000612800000, 0x0000000612800000|100%| O|  |TAMS 0x0000000612400000| PB 0x0000000612400000| Untracked 
|  74|0x0000000612800000, 0x0000000612c00000, 0x0000000612c00000|100%| O|  |TAMS 0x0000000612800000| PB 0x0000000612800000| Untracked 
|  75|0x0000000612c00000, 0x0000000613000000, 0x0000000613000000|100%| O|  |TAMS 0x0000000612c00000| PB 0x0000000612c00000| Untracked 
|  76|0x0000000613000000, 0x0000000613400000, 0x0000000613400000|100%| O|  |TAMS 0x0000000613000000| PB 0x0000000613000000| Untracked 
|  77|0x0000000613400000, 0x0000000613800000, 0x0000000613800000|100%| O|  |TAMS 0x0000000613400000| PB 0x0000000613400000| Untracked 
|  78|0x0000000613800000, 0x0000000613c00000, 0x0000000613c00000|100%| O|  |TAMS 0x0000000613800000| PB 0x0000000613800000| Untracked 
|  79|0x0000000613c00000, 0x0000000614000000, 0x0000000614000000|100%| O|  |TAMS 0x0000000613c00000| PB 0x0000000613c00000| Untracked 
|  80|0x0000000614000000, 0x0000000614400000, 0x0000000614400000|100%| O|  |TAMS 0x0000000614000000| PB 0x0000000614000000| Untracked 
|  81|0x0000000614400000, 0x0000000614800000, 0x0000000614800000|100%| O|  |TAMS 0x0000000614400000| PB 0x0000000614400000| Untracked 
|  82|0x0000000614800000, 0x0000000614800000, 0x0000000614c00000|  0%| F|  |TAMS 0x0000000614800000| PB 0x0000000614800000| Untracked 
|  83|0x0000000614c00000, 0x0000000615000000, 0x0000000615000000|100%| O|  |TAMS 0x0000000614c00000| PB 0x0000000614c00000| Untracked 
|  84|0x0000000615000000, 0x0000000615400000, 0x0000000615400000|100%| O|  |TAMS 0x0000000615000000| PB 0x0000000615000000| Untracked 
|  85|0x0000000615400000, 0x0000000615800000, 0x0000000615800000|100%| O|  |TAMS 0x0000000615400000| PB 0x0000000615400000| Untracked 
|  86|0x0000000615800000, 0x0000000615c00000, 0x0000000615c00000|100%|HS|  |TAMS 0x0000000615800000| PB 0x0000000615800000| Complete 
|  87|0x0000000615c00000, 0x0000000616000000, 0x0000000616000000|100%| O|  |TAMS 0x0000000615c00000| PB 0x0000000615c00000| Untracked 
|  88|0x0000000616000000, 0x0000000616400000, 0x0000000616400000|100%| O|  |TAMS 0x0000000616000000| PB 0x0000000616000000| Untracked 
|  89|0x0000000616400000, 0x0000000616800000, 0x0000000616800000|100%| O|  |TAMS 0x0000000616400000| PB 0x0000000616400000| Untracked 
|  90|0x0000000616800000, 0x0000000616c00000, 0x0000000616c00000|100%| O|  |TAMS 0x0000000616800000| PB 0x0000000616800000| Untracked 
|  91|0x0000000616c00000, 0x0000000617000000, 0x0000000617000000|100%| O|  |TAMS 0x0000000616c00000| PB 0x0000000616c00000| Untracked 
|  92|0x0000000617000000, 0x0000000617400000, 0x0000000617400000|100%| O|  |TAMS 0x0000000617000000| PB 0x0000000617000000| Untracked 
|  93|0x0000000617400000, 0x0000000617800000, 0x0000000617800000|100%| O|Cm|TAMS 0x0000000617400000| PB 0x0000000617400000| Complete 
|  94|0x0000000617800000, 0x0000000617c00000, 0x0000000617c00000|100%| O|Cm|TAMS 0x0000000617800000| PB 0x0000000617800000| Complete 
|  95|0x0000000617c00000, 0x0000000618000000, 0x0000000618000000|100%| O|Cm|TAMS 0x0000000617c00000| PB 0x0000000617c00000| Complete 
|  96|0x0000000618000000, 0x0000000618000000, 0x0000000618400000|  0%| F|  |TAMS 0x0000000618000000| PB 0x0000000618000000| Untracked 
|  97|0x0000000618400000, 0x0000000618400000, 0x0000000618800000|  0%| F|  |TAMS 0x0000000618400000| PB 0x0000000618400000| Untracked 
|  98|0x0000000618800000, 0x0000000618c00000, 0x0000000618c00000|100%| O|  |TAMS 0x0000000618800000| PB 0x0000000618800000| Untracked 
|  99|0x0000000618c00000, 0x0000000619000000, 0x0000000619000000|100%| O|Cm|TAMS 0x0000000618c00000| PB 0x0000000618c00000| Complete 
| 100|0x0000000619000000, 0x0000000619400000, 0x0000000619400000|100%| O|  |TAMS 0x0000000619000000| PB 0x0000000619000000| Untracked 
| 101|0x0000000619400000, 0x0000000619800000, 0x0000000619800000|100%| O|  |TAMS 0x0000000619400000| PB 0x0000000619400000| Untracked 
| 102|0x0000000619800000, 0x0000000619c00000, 0x0000000619c00000|100%| O|  |TAMS 0x0000000619800000| PB 0x0000000619800000| Untracked 
| 103|0x0000000619c00000, 0x000000061a000000, 0x000000061a000000|100%| O|Cm|TAMS 0x0000000619c00000| PB 0x0000000619c00000| Complete 
| 104|0x000000061a000000, 0x000000061a400000, 0x000000061a400000|100%| O|Cm|TAMS 0x000000061a000000| PB 0x000000061a000000| Complete 
| 105|0x000000061a400000, 0x000000061a400000, 0x000000061a800000|  0%| F|  |TAMS 0x000000061a400000| PB 0x000000061a400000| Untracked 
| 106|0x000000061a800000, 0x000000061ac00000, 0x000000061ac00000|100%| O|  |TAMS 0x000000061a800000| PB 0x000000061a800000| Untracked 
| 107|0x000000061ac00000, 0x000000061b000000, 0x000000061b000000|100%| O|  |TAMS 0x000000061ac00000| PB 0x000000061ac00000| Untracked 
| 108|0x000000061b000000, 0x000000061b400000, 0x000000061b400000|100%| O|  |TAMS 0x000000061b000000| PB 0x000000061b000000| Untracked 
| 109|0x000000061b400000, 0x000000061b800000, 0x000000061b800000|100%| O|  |TAMS 0x000000061b400000| PB 0x000000061b400000| Untracked 
| 110|0x000000061b800000, 0x000000061bc00000, 0x000000061bc00000|100%| O|  |TAMS 0x000000061b800000| PB 0x000000061b800000| Untracked 
| 111|0x000000061bc00000, 0x000000061bc00000, 0x000000061c000000|  0%| F|  |TAMS 0x000000061bc00000| PB 0x000000061bc00000| Untracked 
| 112|0x000000061c000000, 0x000000061c400000, 0x000000061c400000|100%| O|  |TAMS 0x000000061c000000| PB 0x000000061c000000| Untracked 
| 113|0x000000061c400000, 0x000000061c800000, 0x000000061c800000|100%| O|  |TAMS 0x000000061c400000| PB 0x000000061c400000| Untracked 
| 114|0x000000061c800000, 0x000000061cc00000, 0x000000061cc00000|100%| O|  |TAMS 0x000000061c800000| PB 0x000000061c800000| Untracked 
| 115|0x000000061cc00000, 0x000000061cc00000, 0x000000061d000000|  0%| F|  |TAMS 0x000000061cc00000| PB 0x000000061cc00000| Untracked 
| 116|0x000000061d000000, 0x000000061d000000, 0x000000061d400000|  0%| F|  |TAMS 0x000000061d000000| PB 0x000000061d000000| Untracked 
| 117|0x000000061d400000, 0x000000061d400000, 0x000000061d800000|  0%| F|  |TAMS 0x000000061d400000| PB 0x000000061d400000| Untracked 
| 118|0x000000061d800000, 0x000000061dc00000, 0x000000061dc00000|100%| O|  |TAMS 0x000000061d800000| PB 0x000000061d800000| Untracked 
| 119|0x000000061dc00000, 0x000000061e000000, 0x000000061e000000|100%| O|Cm|TAMS 0x000000061dc00000| PB 0x000000061dc00000| Complete 
| 120|0x000000061e000000, 0x000000061e400000, 0x000000061e400000|100%| O|  |TAMS 0x000000061e000000| PB 0x000000061e000000| Untracked 
| 121|0x000000061e400000, 0x000000061e800000, 0x000000061e800000|100%| O|  |TAMS 0x000000061e400000| PB 0x000000061e400000| Untracked 
| 122|0x000000061e800000, 0x000000061e800000, 0x000000061ec00000|  0%| F|  |TAMS 0x000000061e800000| PB 0x000000061e800000| Untracked 
| 123|0x000000061ec00000, 0x000000061f000000, 0x000000061f000000|100%| O|  |TAMS 0x000000061ec00000| PB 0x000000061ec00000| Untracked 
| 124|0x000000061f000000, 0x000000061f400000, 0x000000061f400000|100%| O|  |TAMS 0x000000061f000000| PB 0x000000061f000000| Untracked 
| 125|0x000000061f400000, 0x000000061f800000, 0x000000061f800000|100%| O|  |TAMS 0x000000061f400000| PB 0x000000061f400000| Untracked 
| 126|0x000000061f800000, 0x000000061fc00000, 0x000000061fc00000|100%| O|  |TAMS 0x000000061f800000| PB 0x000000061f800000| Untracked 
| 127|0x000000061fc00000, 0x000000061fc00000, 0x0000000620000000|  0%| F|  |TAMS 0x000000061fc00000| PB 0x000000061fc00000| Untracked 
| 128|0x0000000620000000, 0x0000000620000000, 0x0000000620400000|  0%| F|  |TAMS 0x0000000620000000| PB 0x0000000620000000| Untracked 
| 129|0x0000000620400000, 0x0000000620800000, 0x0000000620800000|100%| O|Cm|TAMS 0x0000000620400000| PB 0x0000000620400000| Complete 
| 130|0x0000000620800000, 0x0000000620c00000, 0x0000000620c00000|100%| O|Cm|TAMS 0x0000000620800000| PB 0x0000000620800000| Complete 
| 131|0x0000000620c00000, 0x0000000620c00000, 0x0000000621000000|  0%| F|  |TAMS 0x0000000620c00000| PB 0x0000000620c00000| Untracked 
| 132|0x0000000621000000, 0x0000000621000000, 0x0000000621400000|  0%| F|  |TAMS 0x0000000621000000| PB 0x0000000621000000| Untracked 
| 133|0x0000000621400000, 0x0000000621800000, 0x0000000621800000|100%| O|Cm|TAMS 0x0000000621400000| PB 0x0000000621400000| Complete 
| 134|0x0000000621800000, 0x0000000621c00000, 0x0000000621c00000|100%| O|Cm|TAMS 0x0000000621800000| PB 0x0000000621800000| Complete 
| 135|0x0000000621c00000, 0x0000000622000000, 0x0000000622000000|100%| O|  |TAMS 0x0000000621c00000| PB 0x0000000621c00000| Untracked 
| 136|0x0000000622000000, 0x0000000622400000, 0x0000000622400000|100%| O|Cm|TAMS 0x0000000622000000| PB 0x0000000622000000| Complete 
| 137|0x0000000622400000, 0x0000000622800000, 0x0000000622800000|100%| O|  |TAMS 0x0000000622400000| PB 0x0000000622400000| Untracked 
| 138|0x0000000622800000, 0x0000000622c00000, 0x0000000622c00000|100%| O|  |TAMS 0x0000000622800000| PB 0x0000000622800000| Untracked 
| 139|0x0000000622c00000, 0x0000000623000000, 0x0000000623000000|100%| O|  |TAMS 0x0000000622c00000| PB 0x0000000622c00000| Untracked 
| 140|0x0000000623000000, 0x0000000623400000, 0x0000000623400000|100%| O|  |TAMS 0x0000000623000000| PB 0x0000000623000000| Untracked 
| 141|0x0000000623400000, 0x0000000623800000, 0x0000000623800000|100%| O|  |TAMS 0x0000000623400000| PB 0x0000000623400000| Untracked 
| 142|0x0000000623800000, 0x0000000623c00000, 0x0000000623c00000|100%| O|  |TAMS 0x0000000623800000| PB 0x0000000623800000| Untracked 
| 143|0x0000000623c00000, 0x0000000624000000, 0x0000000624000000|100%| O|  |TAMS 0x0000000623c00000| PB 0x0000000623c00000| Untracked 
| 144|0x0000000624000000, 0x0000000624400000, 0x0000000624400000|100%| O|Cm|TAMS 0x0000000624000000| PB 0x0000000624000000| Complete 
| 145|0x0000000624400000, 0x0000000624800000, 0x0000000624800000|100%| O|  |TAMS 0x0000000624400000| PB 0x0000000624400000| Untracked 
| 146|0x0000000624800000, 0x0000000624c00000, 0x0000000624c00000|100%| O|  |TAMS 0x0000000624800000| PB 0x0000000624800000| Untracked 
| 147|0x0000000624c00000, 0x0000000625000000, 0x0000000625000000|100%| O|Cm|TAMS 0x0000000624c00000| PB 0x0000000624c00000| Complete 
| 148|0x0000000625000000, 0x0000000625400000, 0x0000000625400000|100%| O|Cm|TAMS 0x0000000625000000| PB 0x0000000625000000| Complete 
| 149|0x0000000625400000, 0x0000000625800000, 0x0000000625800000|100%| O|Cm|TAMS 0x0000000625400000| PB 0x0000000625400000| Complete 
| 150|0x0000000625800000, 0x0000000625c00000, 0x0000000625c00000|100%| O|  |TAMS 0x0000000625800000| PB 0x0000000625800000| Untracked 
| 151|0x0000000625c00000, 0x0000000626000000, 0x0000000626000000|100%| O|Cm|TAMS 0x0000000625c00000| PB 0x0000000625c00000| Complete 
| 152|0x0000000626000000, 0x0000000626000000, 0x0000000626400000|  0%| F|  |TAMS 0x0000000626000000| PB 0x0000000626000000| Untracked 
| 153|0x0000000626400000, 0x0000000626400000, 0x0000000626800000|  0%| F|  |TAMS 0x0000000626400000| PB 0x0000000626400000| Untracked 
| 154|0x0000000626800000, 0x0000000626c00000, 0x0000000626c00000|100%| O|  |TAMS 0x0000000626800000| PB 0x0000000626800000| Untracked 
| 155|0x0000000626c00000, 0x0000000627000000, 0x0000000627000000|100%| O|  |TAMS 0x0000000626c00000| PB 0x0000000626c00000| Untracked 
| 156|0x0000000627000000, 0x0000000627000000, 0x0000000627400000|  0%| F|  |TAMS 0x0000000627000000| PB 0x0000000627000000| Untracked 
| 157|0x0000000627400000, 0x0000000627800000, 0x0000000627800000|100%| O|Cm|TAMS 0x0000000627400000| PB 0x0000000627400000| Complete 
| 158|0x0000000627800000, 0x0000000627c00000, 0x0000000627c00000|100%| O|  |TAMS 0x0000000627800000| PB 0x0000000627800000| Untracked 
| 159|0x0000000627c00000, 0x0000000628000000, 0x0000000628000000|100%| O|  |TAMS 0x0000000627c00000| PB 0x0000000627c00000| Untracked 
| 160|0x0000000628000000, 0x0000000628000000, 0x0000000628400000|  0%| F|  |TAMS 0x0000000628000000| PB 0x0000000628000000| Untracked 
| 161|0x0000000628400000, 0x0000000628800000, 0x0000000628800000|100%| O|  |TAMS 0x0000000628400000| PB 0x0000000628400000| Untracked 
| 162|0x0000000628800000, 0x0000000628c00000, 0x0000000628c00000|100%| O|  |TAMS 0x0000000628800000| PB 0x0000000628800000| Untracked 
| 163|0x0000000628c00000, 0x0000000629000000, 0x0000000629000000|100%| O|Cm|TAMS 0x0000000628c00000| PB 0x0000000628c00000| Complete 
| 164|0x0000000629000000, 0x0000000629400000, 0x0000000629400000|100%| O|Cm|TAMS 0x0000000629000000| PB 0x0000000629000000| Complete 
| 165|0x0000000629400000, 0x0000000629800000, 0x0000000629800000|100%| O|Cm|TAMS 0x0000000629400000| PB 0x0000000629400000| Complete 
| 166|0x0000000629800000, 0x0000000629c00000, 0x0000000629c00000|100%| O|Cm|TAMS 0x0000000629800000| PB 0x0000000629800000| Complete 
| 167|0x0000000629c00000, 0x000000062a000000, 0x000000062a000000|100%| O|  |TAMS 0x0000000629c00000| PB 0x0000000629c00000| Untracked 
| 168|0x000000062a000000, 0x000000062a400000, 0x000000062a400000|100%| O|Cm|TAMS 0x000000062a000000| PB 0x000000062a000000| Complete 
| 169|0x000000062a400000, 0x000000062a800000, 0x000000062a800000|100%| O|Cm|TAMS 0x000000062a400000| PB 0x000000062a400000| Complete 
| 170|0x000000062a800000, 0x000000062ac00000, 0x000000062ac00000|100%| O|Cm|TAMS 0x000000062a800000| PB 0x000000062a800000| Complete 
| 171|0x000000062ac00000, 0x000000062b000000, 0x000000062b000000|100%| O|  |TAMS 0x000000062ac00000| PB 0x000000062ac00000| Untracked 
| 172|0x000000062b000000, 0x000000062b400000, 0x000000062b400000|100%| O|  |TAMS 0x000000062b000000| PB 0x000000062b000000| Untracked 
| 173|0x000000062b400000, 0x000000062b800000, 0x000000062b800000|100%| O|  |TAMS 0x000000062b400000| PB 0x000000062b400000| Untracked 
| 174|0x000000062b800000, 0x000000062bc00000, 0x000000062bc00000|100%| O|  |TAMS 0x000000062b800000| PB 0x000000062b800000| Untracked 
| 175|0x000000062bc00000, 0x000000062c000000, 0x000000062c000000|100%| O|  |TAMS 0x000000062bc00000| PB 0x000000062bc00000| Untracked 
| 176|0x000000062c000000, 0x000000062c400000, 0x000000062c400000|100%| O|  |TAMS 0x000000062c000000| PB 0x000000062c000000| Untracked 
| 177|0x000000062c400000, 0x000000062c800000, 0x000000062c800000|100%| O|Cm|TAMS 0x000000062c400000| PB 0x000000062c400000| Complete 
| 178|0x000000062c800000, 0x000000062cc00000, 0x000000062cc00000|100%| O|Cm|TAMS 0x000000062c800000| PB 0x000000062c800000| Complete 
| 179|0x000000062cc00000, 0x000000062d000000, 0x000000062d000000|100%| O|  |TAMS 0x000000062cc00000| PB 0x000000062cc00000| Untracked 
| 180|0x000000062d000000, 0x000000062d400000, 0x000000062d400000|100%| O|  |TAMS 0x000000062d000000| PB 0x000000062d000000| Untracked 
| 181|0x000000062d400000, 0x000000062d800000, 0x000000062d800000|100%| O|Cm|TAMS 0x000000062d400000| PB 0x000000062d400000| Complete 
| 182|0x000000062d800000, 0x000000062d800000, 0x000000062dc00000|  0%| F|  |TAMS 0x000000062d800000| PB 0x000000062d800000| Untracked 
| 183|0x000000062dc00000, 0x000000062dc00000, 0x000000062e000000|  0%| F|  |TAMS 0x000000062dc00000| PB 0x000000062dc00000| Untracked 
| 184|0x000000062e000000, 0x000000062e400000, 0x000000062e400000|100%| O|  |TAMS 0x000000062e000000| PB 0x000000062e000000| Untracked 
| 185|0x000000062e400000, 0x000000062e800000, 0x000000062e800000|100%| O|Cm|TAMS 0x000000062e400000| PB 0x000000062e400000| Complete 
| 186|0x000000062e800000, 0x000000062ec00000, 0x000000062ec00000|100%| O|  |TAMS 0x000000062e800000| PB 0x000000062e800000| Untracked 
| 187|0x000000062ec00000, 0x000000062f000000, 0x000000062f000000|100%| O|  |TAMS 0x000000062ec00000| PB 0x000000062ec00000| Untracked 
| 188|0x000000062f000000, 0x000000062f400000, 0x000000062f400000|100%| O|  |TAMS 0x000000062f000000| PB 0x000000062f000000| Untracked 
| 189|0x000000062f400000, 0x000000062f800000, 0x000000062f800000|100%| O|  |TAMS 0x000000062f400000| PB 0x000000062f400000| Untracked 
| 190|0x000000062f800000, 0x000000062fc00000, 0x000000062fc00000|100%| O|  |TAMS 0x000000062f800000| PB 0x000000062f800000| Untracked 
| 191|0x000000062fc00000, 0x0000000630000000, 0x0000000630000000|100%| O|  |TAMS 0x000000062fc00000| PB 0x000000062fc00000| Untracked 
| 192|0x0000000630000000, 0x0000000630400000, 0x0000000630400000|100%| O|  |TAMS 0x0000000630000000| PB 0x0000000630000000| Untracked 
| 193|0x0000000630400000, 0x0000000630800000, 0x0000000630800000|100%| O|Cm|TAMS 0x0000000630400000| PB 0x0000000630400000| Complete 
| 194|0x0000000630800000, 0x0000000630800000, 0x0000000630c00000|  0%| F|  |TAMS 0x0000000630800000| PB 0x0000000630800000| Untracked 
| 195|0x0000000630c00000, 0x0000000630c00000, 0x0000000631000000|  0%| F|  |TAMS 0x0000000630c00000| PB 0x0000000630c00000| Untracked 
| 196|0x0000000631000000, 0x0000000631000000, 0x0000000631400000|  0%| F|  |TAMS 0x0000000631000000| PB 0x0000000631000000| Untracked 
| 197|0x0000000631400000, 0x0000000631400000, 0x0000000631800000|  0%| F|  |TAMS 0x0000000631400000| PB 0x0000000631400000| Untracked 
| 198|0x0000000631800000, 0x0000000631c00000, 0x0000000631c00000|100%| O|  |TAMS 0x0000000631800000| PB 0x0000000631800000| Untracked 
| 199|0x0000000631c00000, 0x0000000632000000, 0x0000000632000000|100%| O|Cm|TAMS 0x0000000631c00000| PB 0x0000000631c00000| Complete 
| 200|0x0000000632000000, 0x0000000632000000, 0x0000000632400000|  0%| F|  |TAMS 0x0000000632000000| PB 0x0000000632000000| Untracked 
| 201|0x0000000632400000, 0x0000000632800000, 0x0000000632800000|100%| O|Cm|TAMS 0x0000000632400000| PB 0x0000000632400000| Complete 
| 202|0x0000000632800000, 0x0000000632c00000, 0x0000000632c00000|100%| O|Cm|TAMS 0x0000000632800000| PB 0x0000000632800000| Complete 
| 203|0x0000000632c00000, 0x0000000633000000, 0x0000000633000000|100%| O|Cm|TAMS 0x0000000632c00000| PB 0x0000000632c00000| Complete 
| 204|0x0000000633000000, 0x0000000633000000, 0x0000000633400000|  0%| F|  |TAMS 0x0000000633000000| PB 0x0000000633000000| Untracked 
| 205|0x0000000633400000, 0x0000000633400000, 0x0000000633800000|  0%| F|  |TAMS 0x0000000633400000| PB 0x0000000633400000| Untracked 
| 206|0x0000000633800000, 0x0000000633c00000, 0x0000000633c00000|100%| O|  |TAMS 0x0000000633800000| PB 0x0000000633800000| Untracked 
| 207|0x0000000633c00000, 0x0000000634000000, 0x0000000634000000|100%| O|  |TAMS 0x0000000633c00000| PB 0x0000000633c00000| Untracked 
| 208|0x0000000634000000, 0x0000000634400000, 0x0000000634400000|100%| O|  |TAMS 0x0000000634000000| PB 0x0000000634000000| Untracked 
| 209|0x0000000634400000, 0x0000000634800000, 0x0000000634800000|100%| O|  |TAMS 0x0000000634400000| PB 0x0000000634400000| Untracked 
| 210|0x0000000634800000, 0x0000000634c00000, 0x0000000634c00000|100%| O|  |TAMS 0x0000000634800000| PB 0x0000000634800000| Untracked 
| 211|0x0000000634c00000, 0x0000000634c00000, 0x0000000635000000|  0%| F|  |TAMS 0x0000000634c00000| PB 0x0000000634c00000| Untracked 
| 212|0x0000000635000000, 0x0000000635400000, 0x0000000635400000|100%| O|  |TAMS 0x0000000635000000| PB 0x0000000635000000| Untracked 
| 213|0x0000000635400000, 0x0000000635800000, 0x0000000635800000|100%| O|  |TAMS 0x0000000635400000| PB 0x0000000635400000| Untracked 
| 214|0x0000000635800000, 0x0000000635c00000, 0x0000000635c00000|100%|HS|  |TAMS 0x0000000635800000| PB 0x0000000635800000| Complete 
| 215|0x0000000635c00000, 0x0000000636000000, 0x0000000636000000|100%|HC|  |TAMS 0x0000000635c00000| PB 0x0000000635c00000| Complete 
| 216|0x0000000636000000, 0x0000000636400000, 0x0000000636400000|100%| O|  |TAMS 0x0000000636000000| PB 0x0000000636000000| Untracked 
| 217|0x0000000636400000, 0x0000000636400000, 0x0000000636800000|  0%| F|  |TAMS 0x0000000636400000| PB 0x0000000636400000| Untracked 
| 218|0x0000000636800000, 0x0000000636c00000, 0x0000000636c00000|100%| O|Cm|TAMS 0x0000000636800000| PB 0x0000000636800000| Complete 
| 219|0x0000000636c00000, 0x0000000637000000, 0x0000000637000000|100%| O|  |TAMS 0x0000000636c00000| PB 0x0000000636c00000| Untracked 
| 220|0x0000000637000000, 0x0000000637400000, 0x0000000637400000|100%| O|  |TAMS 0x0000000637000000| PB 0x0000000637000000| Untracked 
| 221|0x0000000637400000, 0x0000000637800000, 0x0000000637800000|100%| O|  |TAMS 0x0000000637400000| PB 0x0000000637400000| Untracked 
| 222|0x0000000637800000, 0x0000000637c00000, 0x0000000637c00000|100%| O|Cm|TAMS 0x0000000637800000| PB 0x0000000637800000| Complete 
| 223|0x0000000637c00000, 0x0000000638000000, 0x0000000638000000|100%| O|Cm|TAMS 0x0000000637c00000| PB 0x0000000637c00000| Complete 
| 224|0x0000000638000000, 0x0000000638000000, 0x0000000638400000|  0%| F|  |TAMS 0x0000000638000000| PB 0x0000000638000000| Untracked 
| 225|0x0000000638400000, 0x0000000638400000, 0x0000000638800000|  0%| F|  |TAMS 0x0000000638400000| PB 0x0000000638400000| Untracked 
| 226|0x0000000638800000, 0x0000000638c00000, 0x0000000638c00000|100%| O|Cm|TAMS 0x0000000638800000| PB 0x0000000638800000| Complete 
| 227|0x0000000638c00000, 0x0000000638c00000, 0x0000000639000000|  0%| F|  |TAMS 0x0000000638c00000| PB 0x0000000638c00000| Untracked 
| 228|0x0000000639000000, 0x0000000639400000, 0x0000000639400000|100%| O|  |TAMS 0x0000000639000000| PB 0x0000000639000000| Untracked 
| 229|0x0000000639400000, 0x0000000639800000, 0x0000000639800000|100%| O|  |TAMS 0x0000000639400000| PB 0x0000000639400000| Untracked 
| 230|0x0000000639800000, 0x0000000639c00000, 0x0000000639c00000|100%| O|  |TAMS 0x0000000639800000| PB 0x0000000639800000| Untracked 
| 231|0x0000000639c00000, 0x000000063a000000, 0x000000063a000000|100%| O|  |TAMS 0x0000000639c00000| PB 0x0000000639c00000| Untracked 
| 232|0x000000063a000000, 0x000000063a400000, 0x000000063a400000|100%| O|  |TAMS 0x000000063a000000| PB 0x000000063a000000| Untracked 
| 233|0x000000063a400000, 0x000000063a800000, 0x000000063a800000|100%| O|  |TAMS 0x000000063a400000| PB 0x000000063a400000| Untracked 
| 234|0x000000063a800000, 0x000000063ac00000, 0x000000063ac00000|100%| O|  |TAMS 0x000000063a800000| PB 0x000000063a800000| Untracked 
| 235|0x000000063ac00000, 0x000000063b000000, 0x000000063b000000|100%| O|Cm|TAMS 0x000000063ac00000| PB 0x000000063ac00000| Complete 
| 236|0x000000063b000000, 0x000000063b400000, 0x000000063b400000|100%| O|  |TAMS 0x000000063b000000| PB 0x000000063b000000| Untracked 
| 237|0x000000063b400000, 0x000000063b800000, 0x000000063b800000|100%| O|  |TAMS 0x000000063b400000| PB 0x000000063b400000| Untracked 
| 238|0x000000063b800000, 0x000000063bc00000, 0x000000063bc00000|100%| O|Cm|TAMS 0x000000063b800000| PB 0x000000063b800000| Complete 
| 239|0x000000063bc00000, 0x000000063c000000, 0x000000063c000000|100%| O|  |TAMS 0x000000063bc00000| PB 0x000000063bc00000| Untracked 
| 240|0x000000063c000000, 0x000000063c400000, 0x000000063c400000|100%| O|  |TAMS 0x000000063c000000| PB 0x000000063c000000| Untracked 
| 241|0x000000063c400000, 0x000000063c800000, 0x000000063c800000|100%| O|  |TAMS 0x000000063c400000| PB 0x000000063c400000| Untracked 
| 242|0x000000063c800000, 0x000000063cc00000, 0x000000063cc00000|100%| O|Cm|TAMS 0x000000063c800000| PB 0x000000063c800000| Complete 
| 243|0x000000063cc00000, 0x000000063d000000, 0x000000063d000000|100%| O|  |TAMS 0x000000063cc00000| PB 0x000000063cc00000| Untracked 
| 244|0x000000063d000000, 0x000000063d400000, 0x000000063d400000|100%| O|Cm|TAMS 0x000000063d000000| PB 0x000000063d000000| Complete 
| 245|0x000000063d400000, 0x000000063d800000, 0x000000063d800000|100%| O|Cm|TAMS 0x000000063d400000| PB 0x000000063d400000| Complete 
| 246|0x000000063d800000, 0x000000063dc00000, 0x000000063dc00000|100%| O|  |TAMS 0x000000063d800000| PB 0x000000063d800000| Untracked 
| 247|0x000000063dc00000, 0x000000063e000000, 0x000000063e000000|100%| O|  |TAMS 0x000000063dc00000| PB 0x000000063dc00000| Untracked 
| 248|0x000000063e000000, 0x000000063e400000, 0x000000063e400000|100%| O|  |TAMS 0x000000063e000000| PB 0x000000063e000000| Untracked 
| 249|0x000000063e400000, 0x000000063e800000, 0x000000063e800000|100%| O|  |TAMS 0x000000063e400000| PB 0x000000063e400000| Untracked 
| 250|0x000000063e800000, 0x000000063ec00000, 0x000000063ec00000|100%| O|  |TAMS 0x000000063e800000| PB 0x000000063e800000| Untracked 
| 251|0x000000063ec00000, 0x000000063f000000, 0x000000063f000000|100%| O|  |TAMS 0x000000063ec00000| PB 0x000000063ec00000| Untracked 
| 252|0x000000063f000000, 0x000000063f400000, 0x000000063f400000|100%| O|  |TAMS 0x000000063f000000| PB 0x000000063f000000| Untracked 
| 253|0x000000063f400000, 0x000000063f800000, 0x000000063f800000|100%| O|  |TAMS 0x000000063f400000| PB 0x000000063f400000| Untracked 
| 254|0x000000063f800000, 0x000000063fc00000, 0x000000063fc00000|100%| O|  |TAMS 0x000000063f800000| PB 0x000000063f800000| Untracked 
| 255|0x000000063fc00000, 0x0000000640000000, 0x0000000640000000|100%| O|  |TAMS 0x000000063fc00000| PB 0x000000063fc00000| Untracked 
| 256|0x0000000640000000, 0x0000000640400000, 0x0000000640400000|100%| O|  |TAMS 0x0000000640000000| PB 0x0000000640000000| Untracked 
| 257|0x0000000640400000, 0x0000000640800000, 0x0000000640800000|100%| O|  |TAMS 0x0000000640400000| PB 0x0000000640400000| Untracked 
| 258|0x0000000640800000, 0x0000000640c00000, 0x0000000640c00000|100%| O|  |TAMS 0x0000000640800000| PB 0x0000000640800000| Untracked 
| 259|0x0000000640c00000, 0x0000000641000000, 0x0000000641000000|100%| O|  |TAMS 0x0000000640c00000| PB 0x0000000640c00000| Untracked 
| 260|0x0000000641000000, 0x0000000641400000, 0x0000000641400000|100%| O|  |TAMS 0x0000000641000000| PB 0x0000000641000000| Untracked 
| 261|0x0000000641400000, 0x0000000641800000, 0x0000000641800000|100%| O|  |TAMS 0x0000000641400000| PB 0x0000000641400000| Untracked 
| 262|0x0000000641800000, 0x0000000641c00000, 0x0000000641c00000|100%| O|  |TAMS 0x0000000641800000| PB 0x0000000641800000| Untracked 
| 263|0x0000000641c00000, 0x0000000642000000, 0x0000000642000000|100%| O|  |TAMS 0x0000000641c00000| PB 0x0000000641c00000| Untracked 
| 264|0x0000000642000000, 0x0000000642400000, 0x0000000642400000|100%| O|  |TAMS 0x0000000642000000| PB 0x0000000642000000| Untracked 
| 265|0x0000000642400000, 0x0000000642800000, 0x0000000642800000|100%| O|  |TAMS 0x0000000642400000| PB 0x0000000642400000| Untracked 
| 266|0x0000000642800000, 0x0000000642c00000, 0x0000000642c00000|100%| O|  |TAMS 0x0000000642800000| PB 0x0000000642800000| Untracked 
| 267|0x0000000642c00000, 0x0000000643000000, 0x0000000643000000|100%| O|  |TAMS 0x0000000642c00000| PB 0x0000000642c00000| Untracked 
| 268|0x0000000643000000, 0x0000000643400000, 0x0000000643400000|100%| O|  |TAMS 0x0000000643000000| PB 0x0000000643000000| Untracked 
| 269|0x0000000643400000, 0x0000000643800000, 0x0000000643800000|100%| O|  |TAMS 0x0000000643400000| PB 0x0000000643400000| Untracked 
| 270|0x0000000643800000, 0x0000000643c00000, 0x0000000643c00000|100%| O|  |TAMS 0x0000000643800000| PB 0x0000000643800000| Untracked 
| 271|0x0000000643c00000, 0x0000000644000000, 0x0000000644000000|100%| O|  |TAMS 0x0000000643c00000| PB 0x0000000643c00000| Untracked 
| 272|0x0000000644000000, 0x0000000644400000, 0x0000000644400000|100%| O|  |TAMS 0x0000000644000000| PB 0x0000000644000000| Untracked 
| 273|0x0000000644400000, 0x0000000644800000, 0x0000000644800000|100%| O|  |TAMS 0x0000000644400000| PB 0x0000000644400000| Untracked 
| 274|0x0000000644800000, 0x0000000644c00000, 0x0000000644c00000|100%| O|  |TAMS 0x0000000644800000| PB 0x0000000644800000| Untracked 
| 275|0x0000000644c00000, 0x0000000645000000, 0x0000000645000000|100%| O|  |TAMS 0x0000000644c00000| PB 0x0000000644c00000| Untracked 
| 276|0x0000000645000000, 0x0000000645400000, 0x0000000645400000|100%| O|  |TAMS 0x0000000645000000| PB 0x0000000645000000| Untracked 
| 277|0x0000000645400000, 0x0000000645800000, 0x0000000645800000|100%| O|Cm|TAMS 0x0000000645400000| PB 0x0000000645400000| Complete 
| 278|0x0000000645800000, 0x0000000645c00000, 0x0000000645c00000|100%| O|Cm|TAMS 0x0000000645800000| PB 0x0000000645800000| Complete 
| 279|0x0000000645c00000, 0x0000000646000000, 0x0000000646000000|100%| O|  |TAMS 0x0000000645c00000| PB 0x0000000645c00000| Untracked 
| 280|0x0000000646000000, 0x0000000646400000, 0x0000000646400000|100%| O|  |TAMS 0x0000000646000000| PB 0x0000000646000000| Untracked 
| 281|0x0000000646400000, 0x0000000646800000, 0x0000000646800000|100%| O|  |TAMS 0x0000000646400000| PB 0x0000000646400000| Untracked 
| 282|0x0000000646800000, 0x0000000646c00000, 0x0000000646c00000|100%| O|  |TAMS 0x0000000646800000| PB 0x0000000646800000| Untracked 
| 283|0x0000000646c00000, 0x0000000647000000, 0x0000000647000000|100%| O|  |TAMS 0x0000000646c00000| PB 0x0000000646c00000| Untracked 
| 284|0x0000000647000000, 0x0000000647400000, 0x0000000647400000|100%| O|  |TAMS 0x0000000647000000| PB 0x0000000647000000| Untracked 
| 285|0x0000000647400000, 0x0000000647800000, 0x0000000647800000|100%| O|  |TAMS 0x0000000647400000| PB 0x0000000647400000| Untracked 
| 286|0x0000000647800000, 0x0000000647c00000, 0x0000000647c00000|100%| O|  |TAMS 0x0000000647800000| PB 0x0000000647800000| Untracked 
| 287|0x0000000647c00000, 0x0000000648000000, 0x0000000648000000|100%| O|  |TAMS 0x0000000647c00000| PB 0x0000000647c00000| Untracked 
| 288|0x0000000648000000, 0x0000000648400000, 0x0000000648400000|100%| O|  |TAMS 0x0000000648000000| PB 0x0000000648000000| Untracked 
| 289|0x0000000648400000, 0x0000000648800000, 0x0000000648800000|100%| O|  |TAMS 0x0000000648400000| PB 0x0000000648400000| Untracked 
| 290|0x0000000648800000, 0x0000000648c00000, 0x0000000648c00000|100%| O|  |TAMS 0x0000000648800000| PB 0x0000000648800000| Untracked 
| 291|0x0000000648c00000, 0x0000000649000000, 0x0000000649000000|100%| O|  |TAMS 0x0000000648c00000| PB 0x0000000648c00000| Untracked 
| 292|0x0000000649000000, 0x0000000649400000, 0x0000000649400000|100%| O|  |TAMS 0x0000000649000000| PB 0x0000000649000000| Untracked 
| 293|0x0000000649400000, 0x0000000649800000, 0x0000000649800000|100%| O|  |TAMS 0x0000000649400000| PB 0x0000000649400000| Untracked 
| 294|0x0000000649800000, 0x0000000649c00000, 0x0000000649c00000|100%| O|  |TAMS 0x0000000649800000| PB 0x0000000649800000| Untracked 
| 295|0x0000000649c00000, 0x000000064a000000, 0x000000064a000000|100%| O|  |TAMS 0x0000000649c00000| PB 0x0000000649c00000| Untracked 
| 296|0x000000064a000000, 0x000000064a400000, 0x000000064a400000|100%| O|  |TAMS 0x000000064a000000| PB 0x000000064a000000| Untracked 
| 297|0x000000064a400000, 0x000000064a800000, 0x000000064a800000|100%| O|  |TAMS 0x000000064a400000| PB 0x000000064a400000| Untracked 
| 298|0x000000064a800000, 0x000000064ac00000, 0x000000064ac00000|100%| O|  |TAMS 0x000000064a800000| PB 0x000000064a800000| Untracked 
| 299|0x000000064ac00000, 0x000000064ac00000, 0x000000064b000000|  0%| F|  |TAMS 0x000000064ac00000| PB 0x000000064ac00000| Untracked 
| 300|0x000000064b000000, 0x000000064b000000, 0x000000064b400000|  0%| F|  |TAMS 0x000000064b000000| PB 0x000000064b000000| Untracked 
| 301|0x000000064b400000, 0x000000064b400000, 0x000000064b800000|  0%| F|  |TAMS 0x000000064b400000| PB 0x000000064b400000| Untracked 
| 302|0x000000064b800000, 0x000000064b800000, 0x000000064bc00000|  0%| F|  |TAMS 0x000000064b800000| PB 0x000000064b800000| Untracked 
| 303|0x000000064bc00000, 0x000000064bc00000, 0x000000064c000000|  0%| F|  |TAMS 0x000000064bc00000| PB 0x000000064bc00000| Untracked 
| 304|0x000000064c000000, 0x000000064c400000, 0x000000064c400000|100%| O|Cm|TAMS 0x000000064c000000| PB 0x000000064c000000| Complete 
| 305|0x000000064c400000, 0x000000064c400000, 0x000000064c800000|  0%| F|  |TAMS 0x000000064c400000| PB 0x000000064c400000| Untracked 
| 306|0x000000064c800000, 0x000000064c800000, 0x000000064cc00000|  0%| F|  |TAMS 0x000000064c800000| PB 0x000000064c800000| Untracked 
| 307|0x000000064cc00000, 0x000000064cc00000, 0x000000064d000000|  0%| F|  |TAMS 0x000000064cc00000| PB 0x000000064cc00000| Untracked 
| 308|0x000000064d000000, 0x000000064d000000, 0x000000064d400000|  0%| F|  |TAMS 0x000000064d000000| PB 0x000000064d000000| Untracked 
| 309|0x000000064d400000, 0x000000064d400000, 0x000000064d800000|  0%| F|  |TAMS 0x000000064d400000| PB 0x000000064d400000| Untracked 
| 310|0x000000064d800000, 0x000000064d800000, 0x000000064dc00000|  0%| F|  |TAMS 0x000000064d800000| PB 0x000000064d800000| Untracked 
| 311|0x000000064dc00000, 0x000000064dc00000, 0x000000064e000000|  0%| F|  |TAMS 0x000000064dc00000| PB 0x000000064dc00000| Untracked 
| 312|0x000000064e000000, 0x000000064e000000, 0x000000064e400000|  0%| F|  |TAMS 0x000000064e000000| PB 0x000000064e000000| Untracked 
| 313|0x000000064e400000, 0x000000064e400000, 0x000000064e800000|  0%| F|  |TAMS 0x000000064e400000| PB 0x000000064e400000| Untracked 
| 314|0x000000064e800000, 0x000000064e800000, 0x000000064ec00000|  0%| F|  |TAMS 0x000000064e800000| PB 0x000000064e800000| Untracked 
| 315|0x000000064ec00000, 0x000000064ec00000, 0x000000064f000000|  0%| F|  |TAMS 0x000000064ec00000| PB 0x000000064ec00000| Untracked 
| 316|0x000000064f000000, 0x000000064f000000, 0x000000064f400000|  0%| F|  |TAMS 0x000000064f000000| PB 0x000000064f000000| Untracked 
| 317|0x000000064f400000, 0x000000064f400000, 0x000000064f800000|  0%| F|  |TAMS 0x000000064f400000| PB 0x000000064f400000| Untracked 
| 318|0x000000064f800000, 0x000000064f800000, 0x000000064fc00000|  0%| F|  |TAMS 0x000000064f800000| PB 0x000000064f800000| Untracked 
| 319|0x000000064fc00000, 0x000000064fc00000, 0x0000000650000000|  0%| F|  |TAMS 0x000000064fc00000| PB 0x000000064fc00000| Untracked 
| 320|0x0000000650000000, 0x0000000650000000, 0x0000000650400000|  0%| F|  |TAMS 0x0000000650000000| PB 0x0000000650000000| Untracked 
| 321|0x0000000650400000, 0x0000000650400000, 0x0000000650800000|  0%| F|  |TAMS 0x0000000650400000| PB 0x0000000650400000| Untracked 
| 322|0x0000000650800000, 0x0000000650800000, 0x0000000650c00000|  0%| F|  |TAMS 0x0000000650800000| PB 0x0000000650800000| Untracked 
| 323|0x0000000650c00000, 0x0000000650c00000, 0x0000000651000000|  0%| F|  |TAMS 0x0000000650c00000| PB 0x0000000650c00000| Untracked 
| 324|0x0000000651000000, 0x0000000651000000, 0x0000000651400000|  0%| F|  |TAMS 0x0000000651000000| PB 0x0000000651000000| Untracked 
| 325|0x0000000651400000, 0x0000000651400000, 0x0000000651800000|  0%| F|  |TAMS 0x0000000651400000| PB 0x0000000651400000| Untracked 
| 326|0x0000000651800000, 0x0000000651800000, 0x0000000651c00000|  0%| F|  |TAMS 0x0000000651800000| PB 0x0000000651800000| Untracked 
| 327|0x0000000651c00000, 0x0000000651c00000, 0x0000000652000000|  0%| F|  |TAMS 0x0000000651c00000| PB 0x0000000651c00000| Untracked 
| 328|0x0000000652000000, 0x0000000652000000, 0x0000000652400000|  0%| F|  |TAMS 0x0000000652000000| PB 0x0000000652000000| Untracked 
| 329|0x0000000652400000, 0x0000000652400000, 0x0000000652800000|  0%| F|  |TAMS 0x0000000652400000| PB 0x0000000652400000| Untracked 
| 330|0x0000000652800000, 0x0000000652800000, 0x0000000652c00000|  0%| F|  |TAMS 0x0000000652800000| PB 0x0000000652800000| Untracked 
| 331|0x0000000652c00000, 0x0000000652c00000, 0x0000000653000000|  0%| F|  |TAMS 0x0000000652c00000| PB 0x0000000652c00000| Untracked 
| 332|0x0000000653000000, 0x0000000653000000, 0x0000000653400000|  0%| F|  |TAMS 0x0000000653000000| PB 0x0000000653000000| Untracked 
| 333|0x0000000653400000, 0x0000000653400000, 0x0000000653800000|  0%| F|  |TAMS 0x0000000653400000| PB 0x0000000653400000| Untracked 
| 334|0x0000000653800000, 0x0000000653800000, 0x0000000653c00000|  0%| F|  |TAMS 0x0000000653800000| PB 0x0000000653800000| Untracked 
| 335|0x0000000653c00000, 0x0000000653c00000, 0x0000000654000000|  0%| F|  |TAMS 0x0000000653c00000| PB 0x0000000653c00000| Untracked 
| 336|0x0000000654000000, 0x0000000654000000, 0x0000000654400000|  0%| F|  |TAMS 0x0000000654000000| PB 0x0000000654000000| Untracked 
| 337|0x0000000654400000, 0x0000000654400000, 0x0000000654800000|  0%| F|  |TAMS 0x0000000654400000| PB 0x0000000654400000| Untracked 
| 338|0x0000000654800000, 0x0000000654800000, 0x0000000654c00000|  0%| F|  |TAMS 0x0000000654800000| PB 0x0000000654800000| Untracked 
| 339|0x0000000654c00000, 0x0000000654c00000, 0x0000000655000000|  0%| F|  |TAMS 0x0000000654c00000| PB 0x0000000654c00000| Untracked 
| 340|0x0000000655000000, 0x0000000655000000, 0x0000000655400000|  0%| F|  |TAMS 0x0000000655000000| PB 0x0000000655000000| Untracked 
| 341|0x0000000655400000, 0x0000000655400000, 0x0000000655800000|  0%| F|  |TAMS 0x0000000655400000| PB 0x0000000655400000| Untracked 
| 342|0x0000000655800000, 0x0000000655800000, 0x0000000655c00000|  0%| F|  |TAMS 0x0000000655800000| PB 0x0000000655800000| Untracked 
| 343|0x0000000655c00000, 0x0000000655c00000, 0x0000000656000000|  0%| F|  |TAMS 0x0000000655c00000| PB 0x0000000655c00000| Untracked 
| 344|0x0000000656000000, 0x0000000656000000, 0x0000000656400000|  0%| F|  |TAMS 0x0000000656000000| PB 0x0000000656000000| Untracked 
| 345|0x0000000656400000, 0x0000000656400000, 0x0000000656800000|  0%| F|  |TAMS 0x0000000656400000| PB 0x0000000656400000| Untracked 
| 346|0x0000000656800000, 0x0000000656800000, 0x0000000656c00000|  0%| F|  |TAMS 0x0000000656800000| PB 0x0000000656800000| Untracked 
| 347|0x0000000656c00000, 0x0000000656c00000, 0x0000000657000000|  0%| F|  |TAMS 0x0000000656c00000| PB 0x0000000656c00000| Untracked 
| 348|0x0000000657000000, 0x0000000657000000, 0x0000000657400000|  0%| F|  |TAMS 0x0000000657000000| PB 0x0000000657000000| Untracked 
| 349|0x0000000657400000, 0x0000000657400000, 0x0000000657800000|  0%| F|  |TAMS 0x0000000657400000| PB 0x0000000657400000| Untracked 
| 350|0x0000000657800000, 0x0000000657800000, 0x0000000657c00000|  0%| F|  |TAMS 0x0000000657800000| PB 0x0000000657800000| Untracked 
| 351|0x0000000657c00000, 0x0000000657c00000, 0x0000000658000000|  0%| F|  |TAMS 0x0000000657c00000| PB 0x0000000657c00000| Untracked 
| 352|0x0000000658000000, 0x0000000658000000, 0x0000000658400000|  0%| F|  |TAMS 0x0000000658000000| PB 0x0000000658000000| Untracked 
| 353|0x0000000658400000, 0x0000000658400000, 0x0000000658800000|  0%| F|  |TAMS 0x0000000658400000| PB 0x0000000658400000| Untracked 
| 354|0x0000000658800000, 0x0000000658800000, 0x0000000658c00000|  0%| F|  |TAMS 0x0000000658800000| PB 0x0000000658800000| Untracked 
| 355|0x0000000658c00000, 0x0000000658c00000, 0x0000000659000000|  0%| F|  |TAMS 0x0000000658c00000| PB 0x0000000658c00000| Untracked 
| 356|0x0000000659000000, 0x0000000659000000, 0x0000000659400000|  0%| F|  |TAMS 0x0000000659000000| PB 0x0000000659000000| Untracked 
| 357|0x0000000659400000, 0x0000000659400000, 0x0000000659800000|  0%| F|  |TAMS 0x0000000659400000| PB 0x0000000659400000| Untracked 
| 358|0x0000000659800000, 0x0000000659800000, 0x0000000659c00000|  0%| F|  |TAMS 0x0000000659800000| PB 0x0000000659800000| Untracked 
| 359|0x0000000659c00000, 0x0000000659c00000, 0x000000065a000000|  0%| F|  |TAMS 0x0000000659c00000| PB 0x0000000659c00000| Untracked 
| 360|0x000000065a000000, 0x000000065a000000, 0x000000065a400000|  0%| F|  |TAMS 0x000000065a000000| PB 0x000000065a000000| Untracked 
| 361|0x000000065a400000, 0x000000065a400000, 0x000000065a800000|  0%| F|  |TAMS 0x000000065a400000| PB 0x000000065a400000| Untracked 
| 362|0x000000065a800000, 0x000000065a800000, 0x000000065ac00000|  0%| F|  |TAMS 0x000000065a800000| PB 0x000000065a800000| Untracked 
| 363|0x000000065ac00000, 0x000000065ac00000, 0x000000065b000000|  0%| F|  |TAMS 0x000000065ac00000| PB 0x000000065ac00000| Untracked 
| 364|0x000000065b000000, 0x000000065b000000, 0x000000065b400000|  0%| F|  |TAMS 0x000000065b000000| PB 0x000000065b000000| Untracked 
| 365|0x000000065b400000, 0x000000065b400000, 0x000000065b800000|  0%| F|  |TAMS 0x000000065b400000| PB 0x000000065b400000| Untracked 
| 366|0x000000065b800000, 0x000000065b800000, 0x000000065bc00000|  0%| F|  |TAMS 0x000000065b800000| PB 0x000000065b800000| Untracked 
| 367|0x000000065bc00000, 0x000000065bc00000, 0x000000065c000000|  0%| F|  |TAMS 0x000000065bc00000| PB 0x000000065bc00000| Untracked 
| 368|0x000000065c000000, 0x000000065c000000, 0x000000065c400000|  0%| F|  |TAMS 0x000000065c000000| PB 0x000000065c000000| Untracked 
| 369|0x000000065c400000, 0x000000065c400000, 0x000000065c800000|  0%| F|  |TAMS 0x000000065c400000| PB 0x000000065c400000| Untracked 
| 370|0x000000065c800000, 0x000000065c800000, 0x000000065cc00000|  0%| F|  |TAMS 0x000000065c800000| PB 0x000000065c800000| Untracked 
| 371|0x000000065cc00000, 0x000000065cc00000, 0x000000065d000000|  0%| F|  |TAMS 0x000000065cc00000| PB 0x000000065cc00000| Untracked 
| 372|0x000000065d000000, 0x000000065d000000, 0x000000065d400000|  0%| F|  |TAMS 0x000000065d000000| PB 0x000000065d000000| Untracked 
| 373|0x000000065d400000, 0x000000065d400000, 0x000000065d800000|  0%| F|  |TAMS 0x000000065d400000| PB 0x000000065d400000| Untracked 
| 374|0x000000065d800000, 0x000000065d800000, 0x000000065dc00000|  0%| F|  |TAMS 0x000000065d800000| PB 0x000000065d800000| Untracked 
| 375|0x000000065dc00000, 0x000000065dc00000, 0x000000065e000000|  0%| F|  |TAMS 0x000000065dc00000| PB 0x000000065dc00000| Untracked 
| 376|0x000000065e000000, 0x000000065e000000, 0x000000065e400000|  0%| F|  |TAMS 0x000000065e000000| PB 0x000000065e000000| Untracked 
| 377|0x000000065e400000, 0x000000065e400000, 0x000000065e800000|  0%| F|  |TAMS 0x000000065e400000| PB 0x000000065e400000| Untracked 
| 378|0x000000065e800000, 0x000000065e800000, 0x000000065ec00000|  0%| F|  |TAMS 0x000000065e800000| PB 0x000000065e800000| Untracked 
| 379|0x000000065ec00000, 0x000000065ec00000, 0x000000065f000000|  0%| F|  |TAMS 0x000000065ec00000| PB 0x000000065ec00000| Untracked 
| 380|0x000000065f000000, 0x000000065f000000, 0x000000065f400000|  0%| F|  |TAMS 0x000000065f000000| PB 0x000000065f000000| Untracked 
| 381|0x000000065f400000, 0x000000065f400000, 0x000000065f800000|  0%| F|  |TAMS 0x000000065f400000| PB 0x000000065f400000| Untracked 
| 382|0x000000065f800000, 0x000000065f800000, 0x000000065fc00000|  0%| F|  |TAMS 0x000000065f800000| PB 0x000000065f800000| Untracked 
| 383|0x000000065fc00000, 0x000000065fc00000, 0x0000000660000000|  0%| F|  |TAMS 0x000000065fc00000| PB 0x000000065fc00000| Untracked 
| 384|0x0000000660000000, 0x0000000660000000, 0x0000000660400000|  0%| F|  |TAMS 0x0000000660000000| PB 0x0000000660000000| Untracked 
| 385|0x0000000660400000, 0x0000000660400000, 0x0000000660800000|  0%| F|  |TAMS 0x0000000660400000| PB 0x0000000660400000| Untracked 
| 386|0x0000000660800000, 0x0000000660800000, 0x0000000660c00000|  0%| F|  |TAMS 0x0000000660800000| PB 0x0000000660800000| Untracked 
| 387|0x0000000660c00000, 0x0000000660c00000, 0x0000000661000000|  0%| F|  |TAMS 0x0000000660c00000| PB 0x0000000660c00000| Untracked 
| 388|0x0000000661000000, 0x0000000661000000, 0x0000000661400000|  0%| F|  |TAMS 0x0000000661000000| PB 0x0000000661000000| Untracked 
| 389|0x0000000661400000, 0x0000000661400000, 0x0000000661800000|  0%| F|  |TAMS 0x0000000661400000| PB 0x0000000661400000| Untracked 
| 390|0x0000000661800000, 0x0000000661800000, 0x0000000661c00000|  0%| F|  |TAMS 0x0000000661800000| PB 0x0000000661800000| Untracked 
| 391|0x0000000661c00000, 0x0000000661c00000, 0x0000000662000000|  0%| F|  |TAMS 0x0000000661c00000| PB 0x0000000661c00000| Untracked 
| 392|0x0000000662000000, 0x0000000662000000, 0x0000000662400000|  0%| F|  |TAMS 0x0000000662000000| PB 0x0000000662000000| Untracked 
| 393|0x0000000662400000, 0x0000000662400000, 0x0000000662800000|  0%| F|  |TAMS 0x0000000662400000| PB 0x0000000662400000| Untracked 
| 394|0x0000000662800000, 0x0000000662800000, 0x0000000662c00000|  0%| F|  |TAMS 0x0000000662800000| PB 0x0000000662800000| Untracked 
| 395|0x0000000662c00000, 0x0000000662c00000, 0x0000000663000000|  0%| F|  |TAMS 0x0000000662c00000| PB 0x0000000662c00000| Untracked 
| 396|0x0000000663000000, 0x0000000663000000, 0x0000000663400000|  0%| F|  |TAMS 0x0000000663000000| PB 0x0000000663000000| Untracked 
| 397|0x0000000663400000, 0x0000000663400000, 0x0000000663800000|  0%| F|  |TAMS 0x0000000663400000| PB 0x0000000663400000| Untracked 
| 398|0x0000000663800000, 0x0000000663800000, 0x0000000663c00000|  0%| F|  |TAMS 0x0000000663800000| PB 0x0000000663800000| Untracked 
| 399|0x0000000663c00000, 0x0000000663c00000, 0x0000000664000000|  0%| F|  |TAMS 0x0000000663c00000| PB 0x0000000663c00000| Untracked 
| 400|0x0000000664000000, 0x0000000664000000, 0x0000000664400000|  0%| F|  |TAMS 0x0000000664000000| PB 0x0000000664000000| Untracked 
| 401|0x0000000664400000, 0x0000000664400000, 0x0000000664800000|  0%| F|  |TAMS 0x0000000664400000| PB 0x0000000664400000| Untracked 
| 402|0x0000000664800000, 0x0000000664800000, 0x0000000664c00000|  0%| F|  |TAMS 0x0000000664800000| PB 0x0000000664800000| Untracked 
| 403|0x0000000664c00000, 0x0000000664c00000, 0x0000000665000000|  0%| F|  |TAMS 0x0000000664c00000| PB 0x0000000664c00000| Untracked 
| 404|0x0000000665000000, 0x0000000665000000, 0x0000000665400000|  0%| F|  |TAMS 0x0000000665000000| PB 0x0000000665000000| Untracked 
| 405|0x0000000665400000, 0x0000000665400000, 0x0000000665800000|  0%| F|  |TAMS 0x0000000665400000| PB 0x0000000665400000| Untracked 
| 406|0x0000000665800000, 0x0000000665800000, 0x0000000665c00000|  0%| F|  |TAMS 0x0000000665800000| PB 0x0000000665800000| Untracked 
| 407|0x0000000665c00000, 0x0000000665c00000, 0x0000000666000000|  0%| F|  |TAMS 0x0000000665c00000| PB 0x0000000665c00000| Untracked 
| 408|0x0000000666000000, 0x0000000666000000, 0x0000000666400000|  0%| F|  |TAMS 0x0000000666000000| PB 0x0000000666000000| Untracked 
| 409|0x0000000666400000, 0x0000000666400000, 0x0000000666800000|  0%| F|  |TAMS 0x0000000666400000| PB 0x0000000666400000| Untracked 
| 410|0x0000000666800000, 0x0000000666800000, 0x0000000666c00000|  0%| F|  |TAMS 0x0000000666800000| PB 0x0000000666800000| Untracked 
| 411|0x0000000666c00000, 0x0000000666c00000, 0x0000000667000000|  0%| F|  |TAMS 0x0000000666c00000| PB 0x0000000666c00000| Untracked 
| 412|0x0000000667000000, 0x0000000667000000, 0x0000000667400000|  0%| F|  |TAMS 0x0000000667000000| PB 0x0000000667000000| Untracked 
| 413|0x0000000667400000, 0x0000000667400000, 0x0000000667800000|  0%| F|  |TAMS 0x0000000667400000| PB 0x0000000667400000| Untracked 
| 414|0x0000000667800000, 0x0000000667800000, 0x0000000667c00000|  0%| F|  |TAMS 0x0000000667800000| PB 0x0000000667800000| Untracked 
| 415|0x0000000667c00000, 0x0000000667c00000, 0x0000000668000000|  0%| F|  |TAMS 0x0000000667c00000| PB 0x0000000667c00000| Untracked 
| 416|0x0000000668000000, 0x0000000668000000, 0x0000000668400000|  0%| F|  |TAMS 0x0000000668000000| PB 0x0000000668000000| Untracked 
| 417|0x0000000668400000, 0x0000000668400000, 0x0000000668800000|  0%| F|  |TAMS 0x0000000668400000| PB 0x0000000668400000| Untracked 
| 418|0x0000000668800000, 0x0000000668800000, 0x0000000668c00000|  0%| F|  |TAMS 0x0000000668800000| PB 0x0000000668800000| Untracked 
| 419|0x0000000668c00000, 0x0000000668c00000, 0x0000000669000000|  0%| F|  |TAMS 0x0000000668c00000| PB 0x0000000668c00000| Untracked 
| 420|0x0000000669000000, 0x0000000669000000, 0x0000000669400000|  0%| F|  |TAMS 0x0000000669000000| PB 0x0000000669000000| Untracked 
| 421|0x0000000669400000, 0x0000000669400000, 0x0000000669800000|  0%| F|  |TAMS 0x0000000669400000| PB 0x0000000669400000| Untracked 
| 422|0x0000000669800000, 0x0000000669800000, 0x0000000669c00000|  0%| F|  |TAMS 0x0000000669800000| PB 0x0000000669800000| Untracked 
| 423|0x0000000669c00000, 0x0000000669c00000, 0x000000066a000000|  0%| F|  |TAMS 0x0000000669c00000| PB 0x0000000669c00000| Untracked 
| 424|0x000000066a000000, 0x000000066a000000, 0x000000066a400000|  0%| F|  |TAMS 0x000000066a000000| PB 0x000000066a000000| Untracked 
| 425|0x000000066a400000, 0x000000066a400000, 0x000000066a800000|  0%| F|  |TAMS 0x000000066a400000| PB 0x000000066a400000| Untracked 
| 426|0x000000066a800000, 0x000000066a800000, 0x000000066ac00000|  0%| F|  |TAMS 0x000000066a800000| PB 0x000000066a800000| Untracked 
| 427|0x000000066ac00000, 0x000000066ac00000, 0x000000066b000000|  0%| F|  |TAMS 0x000000066ac00000| PB 0x000000066ac00000| Untracked 
| 428|0x000000066b000000, 0x000000066b000000, 0x000000066b400000|  0%| F|  |TAMS 0x000000066b000000| PB 0x000000066b000000| Untracked 
| 429|0x000000066b400000, 0x000000066b400000, 0x000000066b800000|  0%| F|  |TAMS 0x000000066b400000| PB 0x000000066b400000| Untracked 
| 430|0x000000066b800000, 0x000000066b800000, 0x000000066bc00000|  0%| F|  |TAMS 0x000000066b800000| PB 0x000000066b800000| Untracked 
| 431|0x000000066bc00000, 0x000000066bc00000, 0x000000066c000000|  0%| F|  |TAMS 0x000000066bc00000| PB 0x000000066bc00000| Untracked 
| 432|0x000000066c000000, 0x000000066c000000, 0x000000066c400000|  0%| F|  |TAMS 0x000000066c000000| PB 0x000000066c000000| Untracked 
| 433|0x000000066c400000, 0x000000066c400000, 0x000000066c800000|  0%| F|  |TAMS 0x000000066c400000| PB 0x000000066c400000| Untracked 
| 434|0x000000066c800000, 0x000000066c800000, 0x000000066cc00000|  0%| F|  |TAMS 0x000000066c800000| PB 0x000000066c800000| Untracked 
| 435|0x000000066cc00000, 0x000000066cc00000, 0x000000066d000000|  0%| F|  |TAMS 0x000000066cc00000| PB 0x000000066cc00000| Untracked 
| 436|0x000000066d000000, 0x000000066d000000, 0x000000066d400000|  0%| F|  |TAMS 0x000000066d000000| PB 0x000000066d000000| Untracked 
| 437|0x000000066d400000, 0x000000066d400000, 0x000000066d800000|  0%| F|  |TAMS 0x000000066d400000| PB 0x000000066d400000| Untracked 
| 438|0x000000066d800000, 0x000000066d800000, 0x000000066dc00000|  0%| F|  |TAMS 0x000000066d800000| PB 0x000000066d800000| Untracked 
| 439|0x000000066dc00000, 0x000000066dc00000, 0x000000066e000000|  0%| F|  |TAMS 0x000000066dc00000| PB 0x000000066dc00000| Untracked 
| 440|0x000000066e000000, 0x000000066e000000, 0x000000066e400000|  0%| F|  |TAMS 0x000000066e000000| PB 0x000000066e000000| Untracked 
| 441|0x000000066e400000, 0x000000066e400000, 0x000000066e800000|  0%| F|  |TAMS 0x000000066e400000| PB 0x000000066e400000| Untracked 
| 442|0x000000066e800000, 0x000000066e800000, 0x000000066ec00000|  0%| F|  |TAMS 0x000000066e800000| PB 0x000000066e800000| Untracked 
| 443|0x000000066ec00000, 0x000000066ec00000, 0x000000066f000000|  0%| F|  |TAMS 0x000000066ec00000| PB 0x000000066ec00000| Untracked 
| 444|0x000000066f000000, 0x000000066f000000, 0x000000066f400000|  0%| F|  |TAMS 0x000000066f000000| PB 0x000000066f000000| Untracked 
| 445|0x000000066f400000, 0x000000066f400000, 0x000000066f800000|  0%| F|  |TAMS 0x000000066f400000| PB 0x000000066f400000| Untracked 
| 446|0x000000066f800000, 0x000000066f800000, 0x000000066fc00000|  0%| F|  |TAMS 0x000000066f800000| PB 0x000000066f800000| Untracked 
| 447|0x000000066fc00000, 0x000000066fc00000, 0x0000000670000000|  0%| F|  |TAMS 0x000000066fc00000| PB 0x000000066fc00000| Untracked 
| 448|0x0000000670000000, 0x0000000670000000, 0x0000000670400000|  0%| F|  |TAMS 0x0000000670000000| PB 0x0000000670000000| Untracked 
| 449|0x0000000670400000, 0x0000000670400000, 0x0000000670800000|  0%| F|  |TAMS 0x0000000670400000| PB 0x0000000670400000| Untracked 
| 450|0x0000000670800000, 0x0000000670800000, 0x0000000670c00000|  0%| F|  |TAMS 0x0000000670800000| PB 0x0000000670800000| Untracked 
| 451|0x0000000670c00000, 0x0000000670c00000, 0x0000000671000000|  0%| F|  |TAMS 0x0000000670c00000| PB 0x0000000670c00000| Untracked 
| 452|0x0000000671000000, 0x0000000671000000, 0x0000000671400000|  0%| F|  |TAMS 0x0000000671000000| PB 0x0000000671000000| Untracked 
| 453|0x0000000671400000, 0x0000000671400000, 0x0000000671800000|  0%| F|  |TAMS 0x0000000671400000| PB 0x0000000671400000| Untracked 
| 454|0x0000000671800000, 0x0000000671800000, 0x0000000671c00000|  0%| F|  |TAMS 0x0000000671800000| PB 0x0000000671800000| Untracked 
| 455|0x0000000671c00000, 0x0000000671c00000, 0x0000000672000000|  0%| F|  |TAMS 0x0000000671c00000| PB 0x0000000671c00000| Untracked 
| 456|0x0000000672000000, 0x0000000672000000, 0x0000000672400000|  0%| F|  |TAMS 0x0000000672000000| PB 0x0000000672000000| Untracked 
| 457|0x0000000672400000, 0x0000000672400000, 0x0000000672800000|  0%| F|  |TAMS 0x0000000672400000| PB 0x0000000672400000| Untracked 
| 458|0x0000000672800000, 0x0000000672800000, 0x0000000672c00000|  0%| F|  |TAMS 0x0000000672800000| PB 0x0000000672800000| Untracked 
| 459|0x0000000672c00000, 0x0000000672c00000, 0x0000000673000000|  0%| F|  |TAMS 0x0000000672c00000| PB 0x0000000672c00000| Untracked 
| 460|0x0000000673000000, 0x0000000673000000, 0x0000000673400000|  0%| F|  |TAMS 0x0000000673000000| PB 0x0000000673000000| Untracked 
| 461|0x0000000673400000, 0x0000000673400000, 0x0000000673800000|  0%| F|  |TAMS 0x0000000673400000| PB 0x0000000673400000| Untracked 
| 462|0x0000000673800000, 0x0000000673800000, 0x0000000673c00000|  0%| F|  |TAMS 0x0000000673800000| PB 0x0000000673800000| Untracked 
| 463|0x0000000673c00000, 0x0000000673c00000, 0x0000000674000000|  0%| F|  |TAMS 0x0000000673c00000| PB 0x0000000673c00000| Untracked 
| 464|0x0000000674000000, 0x0000000674000000, 0x0000000674400000|  0%| F|  |TAMS 0x0000000674000000| PB 0x0000000674000000| Untracked 
| 465|0x0000000674400000, 0x0000000674400000, 0x0000000674800000|  0%| F|  |TAMS 0x0000000674400000| PB 0x0000000674400000| Untracked 
| 466|0x0000000674800000, 0x0000000674800000, 0x0000000674c00000|  0%| F|  |TAMS 0x0000000674800000| PB 0x0000000674800000| Untracked 
| 467|0x0000000674c00000, 0x0000000674c00000, 0x0000000675000000|  0%| F|  |TAMS 0x0000000674c00000| PB 0x0000000674c00000| Untracked 
| 468|0x0000000675000000, 0x0000000675000000, 0x0000000675400000|  0%| F|  |TAMS 0x0000000675000000| PB 0x0000000675000000| Untracked 
| 469|0x0000000675400000, 0x0000000675400000, 0x0000000675800000|  0%| F|  |TAMS 0x0000000675400000| PB 0x0000000675400000| Untracked 
| 470|0x0000000675800000, 0x0000000675800000, 0x0000000675c00000|  0%| F|  |TAMS 0x0000000675800000| PB 0x0000000675800000| Untracked 
| 471|0x0000000675c00000, 0x0000000675c00000, 0x0000000676000000|  0%| F|  |TAMS 0x0000000675c00000| PB 0x0000000675c00000| Untracked 
| 472|0x0000000676000000, 0x0000000676000000, 0x0000000676400000|  0%| F|  |TAMS 0x0000000676000000| PB 0x0000000676000000| Untracked 
| 473|0x0000000676400000, 0x0000000676400000, 0x0000000676800000|  0%| F|  |TAMS 0x0000000676400000| PB 0x0000000676400000| Untracked 
| 474|0x0000000676800000, 0x0000000676800000, 0x0000000676c00000|  0%| F|  |TAMS 0x0000000676800000| PB 0x0000000676800000| Untracked 
| 475|0x0000000676c00000, 0x0000000676c00000, 0x0000000677000000|  0%| F|  |TAMS 0x0000000676c00000| PB 0x0000000676c00000| Untracked 
| 476|0x0000000677000000, 0x0000000677000000, 0x0000000677400000|  0%| F|  |TAMS 0x0000000677000000| PB 0x0000000677000000| Untracked 
| 477|0x0000000677400000, 0x0000000677400000, 0x0000000677800000|  0%| F|  |TAMS 0x0000000677400000| PB 0x0000000677400000| Untracked 
| 478|0x0000000677800000, 0x0000000677800000, 0x0000000677c00000|  0%| F|  |TAMS 0x0000000677800000| PB 0x0000000677800000| Untracked 
| 479|0x0000000677c00000, 0x0000000677c00000, 0x0000000678000000|  0%| F|  |TAMS 0x0000000677c00000| PB 0x0000000677c00000| Untracked 
| 480|0x0000000678000000, 0x0000000678000000, 0x0000000678400000|  0%| F|  |TAMS 0x0000000678000000| PB 0x0000000678000000| Untracked 
| 481|0x0000000678400000, 0x0000000678400000, 0x0000000678800000|  0%| F|  |TAMS 0x0000000678400000| PB 0x0000000678400000| Untracked 
| 482|0x0000000678800000, 0x0000000678800000, 0x0000000678c00000|  0%| F|  |TAMS 0x0000000678800000| PB 0x0000000678800000| Untracked 
| 483|0x0000000678c00000, 0x0000000678c00000, 0x0000000679000000|  0%| F|  |TAMS 0x0000000678c00000| PB 0x0000000678c00000| Untracked 
| 484|0x0000000679000000, 0x0000000679000000, 0x0000000679400000|  0%| F|  |TAMS 0x0000000679000000| PB 0x0000000679000000| Untracked 
| 485|0x0000000679400000, 0x0000000679400000, 0x0000000679800000|  0%| F|  |TAMS 0x0000000679400000| PB 0x0000000679400000| Untracked 
| 486|0x0000000679800000, 0x0000000679800000, 0x0000000679c00000|  0%| F|  |TAMS 0x0000000679800000| PB 0x0000000679800000| Untracked 
| 487|0x0000000679c00000, 0x0000000679c00000, 0x000000067a000000|  0%| F|  |TAMS 0x0000000679c00000| PB 0x0000000679c00000| Untracked 
| 488|0x000000067a000000, 0x000000067a000000, 0x000000067a400000|  0%| F|  |TAMS 0x000000067a000000| PB 0x000000067a000000| Untracked 
| 489|0x000000067a400000, 0x000000067a400000, 0x000000067a800000|  0%| F|  |TAMS 0x000000067a400000| PB 0x000000067a400000| Untracked 
| 490|0x000000067a800000, 0x000000067a800000, 0x000000067ac00000|  0%| F|  |TAMS 0x000000067a800000| PB 0x000000067a800000| Untracked 
| 491|0x000000067ac00000, 0x000000067ac00000, 0x000000067b000000|  0%| F|  |TAMS 0x000000067ac00000| PB 0x000000067ac00000| Untracked 
| 492|0x000000067b000000, 0x000000067b000000, 0x000000067b400000|  0%| F|  |TAMS 0x000000067b000000| PB 0x000000067b000000| Untracked 
| 493|0x000000067b400000, 0x000000067b400000, 0x000000067b800000|  0%| F|  |TAMS 0x000000067b400000| PB 0x000000067b400000| Untracked 
| 494|0x000000067b800000, 0x000000067b800000, 0x000000067bc00000|  0%| F|  |TAMS 0x000000067b800000| PB 0x000000067b800000| Untracked 
| 495|0x000000067bc00000, 0x000000067bc00000, 0x000000067c000000|  0%| F|  |TAMS 0x000000067bc00000| PB 0x000000067bc00000| Untracked 
| 496|0x000000067c000000, 0x000000067c000000, 0x000000067c400000|  0%| F|  |TAMS 0x000000067c000000| PB 0x000000067c000000| Untracked 
| 497|0x000000067c400000, 0x000000067c400000, 0x000000067c800000|  0%| F|  |TAMS 0x000000067c400000| PB 0x000000067c400000| Untracked 
| 498|0x000000067c800000, 0x000000067c800000, 0x000000067cc00000|  0%| F|  |TAMS 0x000000067c800000| PB 0x000000067c800000| Untracked 
| 499|0x000000067cc00000, 0x000000067cc00000, 0x000000067d000000|  0%| F|  |TAMS 0x000000067cc00000| PB 0x000000067cc00000| Untracked 
| 500|0x000000067d000000, 0x000000067d000000, 0x000000067d400000|  0%| F|  |TAMS 0x000000067d000000| PB 0x000000067d000000| Untracked 
| 501|0x000000067d400000, 0x000000067d400000, 0x000000067d800000|  0%| F|  |TAMS 0x000000067d400000| PB 0x000000067d400000| Untracked 
| 502|0x000000067d800000, 0x000000067d800000, 0x000000067dc00000|  0%| F|  |TAMS 0x000000067d800000| PB 0x000000067d800000| Untracked 
| 503|0x000000067dc00000, 0x000000067dc00000, 0x000000067e000000|  0%| F|  |TAMS 0x000000067dc00000| PB 0x000000067dc00000| Untracked 
| 504|0x000000067e000000, 0x000000067e000000, 0x000000067e400000|  0%| F|  |TAMS 0x000000067e000000| PB 0x000000067e000000| Untracked 
| 505|0x000000067e400000, 0x000000067e400000, 0x000000067e800000|  0%| F|  |TAMS 0x000000067e400000| PB 0x000000067e400000| Untracked 
| 506|0x000000067e800000, 0x000000067e800000, 0x000000067ec00000|  0%| F|  |TAMS 0x000000067e800000| PB 0x000000067e800000| Untracked 
| 507|0x000000067ec00000, 0x000000067ec00000, 0x000000067f000000|  0%| F|  |TAMS 0x000000067ec00000| PB 0x000000067ec00000| Untracked 
| 508|0x000000067f000000, 0x000000067f000000, 0x000000067f400000|  0%| F|  |TAMS 0x000000067f000000| PB 0x000000067f000000| Untracked 
| 509|0x000000067f400000, 0x000000067f400000, 0x000000067f800000|  0%| F|  |TAMS 0x000000067f400000| PB 0x000000067f400000| Untracked 
| 510|0x000000067f800000, 0x000000067f800000, 0x000000067fc00000|  0%| F|  |TAMS 0x000000067f800000| PB 0x000000067f800000| Untracked 
| 511|0x000000067fc00000, 0x000000067fc00000, 0x0000000680000000|  0%| F|  |TAMS 0x000000067fc00000| PB 0x000000067fc00000| Untracked 
| 512|0x0000000680000000, 0x0000000680000000, 0x0000000680400000|  0%| F|  |TAMS 0x0000000680000000| PB 0x0000000680000000| Untracked 
| 513|0x0000000680400000, 0x0000000680400000, 0x0000000680800000|  0%| F|  |TAMS 0x0000000680400000| PB 0x0000000680400000| Untracked 
| 514|0x0000000680800000, 0x0000000680800000, 0x0000000680c00000|  0%| F|  |TAMS 0x0000000680800000| PB 0x0000000680800000| Untracked 
| 515|0x0000000680c00000, 0x0000000680c00000, 0x0000000681000000|  0%| F|  |TAMS 0x0000000680c00000| PB 0x0000000680c00000| Untracked 
| 516|0x0000000681000000, 0x0000000681000000, 0x0000000681400000|  0%| F|  |TAMS 0x0000000681000000| PB 0x0000000681000000| Untracked 
| 517|0x0000000681400000, 0x0000000681400000, 0x0000000681800000|  0%| F|  |TAMS 0x0000000681400000| PB 0x0000000681400000| Untracked 
| 518|0x0000000681800000, 0x0000000681800000, 0x0000000681c00000|  0%| F|  |TAMS 0x0000000681800000| PB 0x0000000681800000| Untracked 
| 519|0x0000000681c00000, 0x0000000681c00000, 0x0000000682000000|  0%| F|  |TAMS 0x0000000681c00000| PB 0x0000000681c00000| Untracked 
| 520|0x0000000682000000, 0x0000000682000000, 0x0000000682400000|  0%| F|  |TAMS 0x0000000682000000| PB 0x0000000682000000| Untracked 
| 521|0x0000000682400000, 0x0000000682400000, 0x0000000682800000|  0%| F|  |TAMS 0x0000000682400000| PB 0x0000000682400000| Untracked 
| 522|0x0000000682800000, 0x0000000682800000, 0x0000000682c00000|  0%| F|  |TAMS 0x0000000682800000| PB 0x0000000682800000| Untracked 
| 523|0x0000000682c00000, 0x0000000682c00000, 0x0000000683000000|  0%| F|  |TAMS 0x0000000682c00000| PB 0x0000000682c00000| Untracked 
| 524|0x0000000683000000, 0x0000000683000000, 0x0000000683400000|  0%| F|  |TAMS 0x0000000683000000| PB 0x0000000683000000| Untracked 
| 525|0x0000000683400000, 0x0000000683400000, 0x0000000683800000|  0%| F|  |TAMS 0x0000000683400000| PB 0x0000000683400000| Untracked 
| 526|0x0000000683800000, 0x0000000683800000, 0x0000000683c00000|  0%| F|  |TAMS 0x0000000683800000| PB 0x0000000683800000| Untracked 
| 527|0x0000000683c00000, 0x0000000683c00000, 0x0000000684000000|  0%| F|  |TAMS 0x0000000683c00000| PB 0x0000000683c00000| Untracked 
| 528|0x0000000684000000, 0x0000000684000000, 0x0000000684400000|  0%| F|  |TAMS 0x0000000684000000| PB 0x0000000684000000| Untracked 
| 529|0x0000000684400000, 0x0000000684400000, 0x0000000684800000|  0%| F|  |TAMS 0x0000000684400000| PB 0x0000000684400000| Untracked 
| 530|0x0000000684800000, 0x0000000684800000, 0x0000000684c00000|  0%| F|  |TAMS 0x0000000684800000| PB 0x0000000684800000| Untracked 
| 531|0x0000000684c00000, 0x0000000684c00000, 0x0000000685000000|  0%| F|  |TAMS 0x0000000684c00000| PB 0x0000000684c00000| Untracked 
| 532|0x0000000685000000, 0x0000000685000000, 0x0000000685400000|  0%| F|  |TAMS 0x0000000685000000| PB 0x0000000685000000| Untracked 
| 533|0x0000000685400000, 0x0000000685400000, 0x0000000685800000|  0%| F|  |TAMS 0x0000000685400000| PB 0x0000000685400000| Untracked 
| 534|0x0000000685800000, 0x0000000685800000, 0x0000000685c00000|  0%| F|  |TAMS 0x0000000685800000| PB 0x0000000685800000| Untracked 
| 535|0x0000000685c00000, 0x0000000685c00000, 0x0000000686000000|  0%| F|  |TAMS 0x0000000685c00000| PB 0x0000000685c00000| Untracked 
| 536|0x0000000686000000, 0x0000000686000000, 0x0000000686400000|  0%| F|  |TAMS 0x0000000686000000| PB 0x0000000686000000| Untracked 
| 537|0x0000000686400000, 0x0000000686400000, 0x0000000686800000|  0%| F|  |TAMS 0x0000000686400000| PB 0x0000000686400000| Untracked 
| 538|0x0000000686800000, 0x0000000686800000, 0x0000000686c00000|  0%| F|  |TAMS 0x0000000686800000| PB 0x0000000686800000| Untracked 
| 539|0x0000000686c00000, 0x0000000686c00000, 0x0000000687000000|  0%| F|  |TAMS 0x0000000686c00000| PB 0x0000000686c00000| Untracked 
| 540|0x0000000687000000, 0x0000000687000000, 0x0000000687400000|  0%| F|  |TAMS 0x0000000687000000| PB 0x0000000687000000| Untracked 
| 541|0x0000000687400000, 0x0000000687400000, 0x0000000687800000|  0%| F|  |TAMS 0x0000000687400000| PB 0x0000000687400000| Untracked 
| 542|0x0000000687800000, 0x0000000687800000, 0x0000000687c00000|  0%| F|  |TAMS 0x0000000687800000| PB 0x0000000687800000| Untracked 
| 543|0x0000000687c00000, 0x0000000687c00000, 0x0000000688000000|  0%| F|  |TAMS 0x0000000687c00000| PB 0x0000000687c00000| Untracked 
| 544|0x0000000688000000, 0x0000000688000000, 0x0000000688400000|  0%| F|  |TAMS 0x0000000688000000| PB 0x0000000688000000| Untracked 
| 545|0x0000000688400000, 0x0000000688400000, 0x0000000688800000|  0%| F|  |TAMS 0x0000000688400000| PB 0x0000000688400000| Untracked 
| 546|0x0000000688800000, 0x0000000688800000, 0x0000000688c00000|  0%| F|  |TAMS 0x0000000688800000| PB 0x0000000688800000| Untracked 
| 547|0x0000000688c00000, 0x0000000688c00000, 0x0000000689000000|  0%| F|  |TAMS 0x0000000688c00000| PB 0x0000000688c00000| Untracked 
| 548|0x0000000689000000, 0x0000000689000000, 0x0000000689400000|  0%| F|  |TAMS 0x0000000689000000| PB 0x0000000689000000| Untracked 
| 549|0x0000000689400000, 0x0000000689400000, 0x0000000689800000|  0%| F|  |TAMS 0x0000000689400000| PB 0x0000000689400000| Untracked 
| 550|0x0000000689800000, 0x0000000689800000, 0x0000000689c00000|  0%| F|  |TAMS 0x0000000689800000| PB 0x0000000689800000| Untracked 
| 551|0x0000000689c00000, 0x0000000689c00000, 0x000000068a000000|  0%| F|  |TAMS 0x0000000689c00000| PB 0x0000000689c00000| Untracked 
| 552|0x000000068a000000, 0x000000068a000000, 0x000000068a400000|  0%| F|  |TAMS 0x000000068a000000| PB 0x000000068a000000| Untracked 
| 553|0x000000068a400000, 0x000000068a400000, 0x000000068a800000|  0%| F|  |TAMS 0x000000068a400000| PB 0x000000068a400000| Untracked 
| 554|0x000000068a800000, 0x000000068a800000, 0x000000068ac00000|  0%| F|  |TAMS 0x000000068a800000| PB 0x000000068a800000| Untracked 
| 555|0x000000068ac00000, 0x000000068ac00000, 0x000000068b000000|  0%| F|  |TAMS 0x000000068ac00000| PB 0x000000068ac00000| Untracked 
| 556|0x000000068b000000, 0x000000068b000000, 0x000000068b400000|  0%| F|  |TAMS 0x000000068b000000| PB 0x000000068b000000| Untracked 
| 557|0x000000068b400000, 0x000000068b400000, 0x000000068b800000|  0%| F|  |TAMS 0x000000068b400000| PB 0x000000068b400000| Untracked 
| 558|0x000000068b800000, 0x000000068b800000, 0x000000068bc00000|  0%| F|  |TAMS 0x000000068b800000| PB 0x000000068b800000| Untracked 
| 559|0x000000068bc00000, 0x000000068bc00000, 0x000000068c000000|  0%| F|  |TAMS 0x000000068bc00000| PB 0x000000068bc00000| Untracked 
| 560|0x000000068c000000, 0x000000068c000000, 0x000000068c400000|  0%| F|  |TAMS 0x000000068c000000| PB 0x000000068c000000| Untracked 
| 561|0x000000068c400000, 0x000000068c400000, 0x000000068c800000|  0%| F|  |TAMS 0x000000068c400000| PB 0x000000068c400000| Untracked 
| 562|0x000000068c800000, 0x000000068c800000, 0x000000068cc00000|  0%| F|  |TAMS 0x000000068c800000| PB 0x000000068c800000| Untracked 
| 563|0x000000068cc00000, 0x000000068cc00000, 0x000000068d000000|  0%| F|  |TAMS 0x000000068cc00000| PB 0x000000068cc00000| Untracked 
| 564|0x000000068d000000, 0x000000068d000000, 0x000000068d400000|  0%| F|  |TAMS 0x000000068d000000| PB 0x000000068d000000| Untracked 
| 565|0x000000068d400000, 0x000000068d400000, 0x000000068d800000|  0%| F|  |TAMS 0x000000068d400000| PB 0x000000068d400000| Untracked 
| 566|0x000000068d800000, 0x000000068d800000, 0x000000068dc00000|  0%| F|  |TAMS 0x000000068d800000| PB 0x000000068d800000| Untracked 
| 567|0x000000068dc00000, 0x000000068dc00000, 0x000000068e000000|  0%| F|  |TAMS 0x000000068dc00000| PB 0x000000068dc00000| Untracked 
| 568|0x000000068e000000, 0x000000068e000000, 0x000000068e400000|  0%| F|  |TAMS 0x000000068e000000| PB 0x000000068e000000| Untracked 
| 569|0x000000068e400000, 0x000000068e400000, 0x000000068e800000|  0%| F|  |TAMS 0x000000068e400000| PB 0x000000068e400000| Untracked 
| 570|0x000000068e800000, 0x000000068e800000, 0x000000068ec00000|  0%| F|  |TAMS 0x000000068e800000| PB 0x000000068e800000| Untracked 
| 571|0x000000068ec00000, 0x000000068ec00000, 0x000000068f000000|  0%| F|  |TAMS 0x000000068ec00000| PB 0x000000068ec00000| Untracked 
| 572|0x000000068f000000, 0x000000068f000000, 0x000000068f400000|  0%| F|  |TAMS 0x000000068f000000| PB 0x000000068f000000| Untracked 
| 573|0x000000068f400000, 0x000000068f400000, 0x000000068f800000|  0%| F|  |TAMS 0x000000068f400000| PB 0x000000068f400000| Untracked 
| 574|0x000000068f800000, 0x000000068f800000, 0x000000068fc00000|  0%| F|  |TAMS 0x000000068f800000| PB 0x000000068f800000| Untracked 
| 575|0x000000068fc00000, 0x000000068fc00000, 0x0000000690000000|  0%| F|  |TAMS 0x000000068fc00000| PB 0x000000068fc00000| Untracked 
| 576|0x0000000690000000, 0x0000000690000000, 0x0000000690400000|  0%| F|  |TAMS 0x0000000690000000| PB 0x0000000690000000| Untracked 
| 577|0x0000000690400000, 0x0000000690400000, 0x0000000690800000|  0%| F|  |TAMS 0x0000000690400000| PB 0x0000000690400000| Untracked 
| 578|0x0000000690800000, 0x0000000690800000, 0x0000000690c00000|  0%| F|  |TAMS 0x0000000690800000| PB 0x0000000690800000| Untracked 
| 579|0x0000000690c00000, 0x0000000690c00000, 0x0000000691000000|  0%| F|  |TAMS 0x0000000690c00000| PB 0x0000000690c00000| Untracked 
| 580|0x0000000691000000, 0x000000069121d798, 0x0000000691400000| 52%| S|CS|TAMS 0x0000000691000000| PB 0x0000000691000000| Complete 
| 581|0x0000000691400000, 0x0000000691800000, 0x0000000691800000|100%| S|CS|TAMS 0x0000000691400000| PB 0x0000000691400000| Complete 
| 582|0x0000000691800000, 0x0000000691c00000, 0x0000000691c00000|100%| S|CS|TAMS 0x0000000691800000| PB 0x0000000691800000| Complete 
| 583|0x0000000691c00000, 0x0000000692000000, 0x0000000692000000|100%| S|CS|TAMS 0x0000000691c00000| PB 0x0000000691c00000| Complete 
| 584|0x0000000692000000, 0x0000000692400000, 0x0000000692400000|100%| S|CS|TAMS 0x0000000692000000| PB 0x0000000692000000| Complete 
| 585|0x0000000692400000, 0x0000000692800000, 0x0000000692800000|100%| S|CS|TAMS 0x0000000692400000| PB 0x0000000692400000| Complete 
| 586|0x0000000692800000, 0x0000000692c00000, 0x0000000692c00000|100%| S|CS|TAMS 0x0000000692800000| PB 0x0000000692800000| Complete 
| 587|0x0000000692c00000, 0x0000000693000000, 0x0000000693000000|100%| S|CS|TAMS 0x0000000692c00000| PB 0x0000000692c00000| Complete 
| 588|0x0000000693000000, 0x0000000693000000, 0x0000000693400000|  0%| F|  |TAMS 0x0000000693000000| PB 0x0000000693000000| Untracked 
| 589|0x0000000693400000, 0x0000000693400000, 0x0000000693800000|  0%| F|  |TAMS 0x0000000693400000| PB 0x0000000693400000| Untracked 
| 590|0x0000000693800000, 0x0000000693800000, 0x0000000693c00000|  0%| F|  |TAMS 0x0000000693800000| PB 0x0000000693800000| Untracked 
| 591|0x0000000693c00000, 0x0000000693c00000, 0x0000000694000000|  0%| F|  |TAMS 0x0000000693c00000| PB 0x0000000693c00000| Untracked 
| 592|0x0000000694000000, 0x0000000694000000, 0x0000000694400000|  0%| F|  |TAMS 0x0000000694000000| PB 0x0000000694000000| Untracked 
| 593|0x0000000694400000, 0x0000000694400000, 0x0000000694800000|  0%| F|  |TAMS 0x0000000694400000| PB 0x0000000694400000| Untracked 
| 594|0x0000000694800000, 0x0000000694800000, 0x0000000694c00000|  0%| F|  |TAMS 0x0000000694800000| PB 0x0000000694800000| Untracked 
| 595|0x0000000694c00000, 0x0000000694c00000, 0x0000000695000000|  0%| F|  |TAMS 0x0000000694c00000| PB 0x0000000694c00000| Untracked 
| 596|0x0000000695000000, 0x0000000695000000, 0x0000000695400000|  0%| F|  |TAMS 0x0000000695000000| PB 0x0000000695000000| Untracked 
| 597|0x0000000695400000, 0x0000000695400000, 0x0000000695800000|  0%| F|  |TAMS 0x0000000695400000| PB 0x0000000695400000| Untracked 
| 598|0x0000000695800000, 0x0000000695800000, 0x0000000695c00000|  0%| F|  |TAMS 0x0000000695800000| PB 0x0000000695800000| Untracked 
| 599|0x0000000695c00000, 0x0000000695c00000, 0x0000000696000000|  0%| F|  |TAMS 0x0000000695c00000| PB 0x0000000695c00000| Untracked 
| 600|0x0000000696000000, 0x0000000696000000, 0x0000000696400000|  0%| F|  |TAMS 0x0000000696000000| PB 0x0000000696000000| Untracked 
| 601|0x0000000696400000, 0x0000000696400000, 0x0000000696800000|  0%| F|  |TAMS 0x0000000696400000| PB 0x0000000696400000| Untracked 
| 602|0x0000000696800000, 0x0000000696800000, 0x0000000696c00000|  0%| F|  |TAMS 0x0000000696800000| PB 0x0000000696800000| Untracked 
| 603|0x0000000696c00000, 0x0000000696c00000, 0x0000000697000000|  0%| F|  |TAMS 0x0000000696c00000| PB 0x0000000696c00000| Untracked 
| 604|0x0000000697000000, 0x0000000697000000, 0x0000000697400000|  0%| F|  |TAMS 0x0000000697000000| PB 0x0000000697000000| Untracked 
| 605|0x0000000697400000, 0x0000000697400000, 0x0000000697800000|  0%| F|  |TAMS 0x0000000697400000| PB 0x0000000697400000| Untracked 
| 606|0x0000000697800000, 0x0000000697800000, 0x0000000697c00000|  0%| F|  |TAMS 0x0000000697800000| PB 0x0000000697800000| Untracked 
| 607|0x0000000697c00000, 0x0000000697c00000, 0x0000000698000000|  0%| F|  |TAMS 0x0000000697c00000| PB 0x0000000697c00000| Untracked 
| 608|0x0000000698000000, 0x0000000698000000, 0x0000000698400000|  0%| F|  |TAMS 0x0000000698000000| PB 0x0000000698000000| Untracked 
| 609|0x0000000698400000, 0x0000000698400000, 0x0000000698800000|  0%| F|  |TAMS 0x0000000698400000| PB 0x0000000698400000| Untracked 
| 610|0x0000000698800000, 0x0000000698800000, 0x0000000698c00000|  0%| F|  |TAMS 0x0000000698800000| PB 0x0000000698800000| Untracked 
| 611|0x0000000698c00000, 0x0000000698c00000, 0x0000000699000000|  0%| F|  |TAMS 0x0000000698c00000| PB 0x0000000698c00000| Untracked 
| 612|0x0000000699000000, 0x0000000699000000, 0x0000000699400000|  0%| F|  |TAMS 0x0000000699000000| PB 0x0000000699000000| Untracked 
| 613|0x0000000699400000, 0x0000000699400000, 0x0000000699800000|  0%| F|  |TAMS 0x0000000699400000| PB 0x0000000699400000| Untracked 
| 614|0x0000000699800000, 0x0000000699800000, 0x0000000699c00000|  0%| F|  |TAMS 0x0000000699800000| PB 0x0000000699800000| Untracked 
| 615|0x0000000699c00000, 0x0000000699c00000, 0x000000069a000000|  0%| F|  |TAMS 0x0000000699c00000| PB 0x0000000699c00000| Untracked 
| 616|0x000000069a000000, 0x000000069a000000, 0x000000069a400000|  0%| F|  |TAMS 0x000000069a000000| PB 0x000000069a000000| Untracked 
| 617|0x000000069a400000, 0x000000069a400000, 0x000000069a800000|  0%| F|  |TAMS 0x000000069a400000| PB 0x000000069a400000| Untracked 
| 618|0x000000069a800000, 0x000000069a800000, 0x000000069ac00000|  0%| F|  |TAMS 0x000000069a800000| PB 0x000000069a800000| Untracked 
| 619|0x000000069ac00000, 0x000000069ac00000, 0x000000069b000000|  0%| F|  |TAMS 0x000000069ac00000| PB 0x000000069ac00000| Untracked 
| 620|0x000000069b000000, 0x000000069b000000, 0x000000069b400000|  0%| F|  |TAMS 0x000000069b000000| PB 0x000000069b000000| Untracked 
| 621|0x000000069b400000, 0x000000069b400000, 0x000000069b800000|  0%| F|  |TAMS 0x000000069b400000| PB 0x000000069b400000| Untracked 
| 622|0x000000069b800000, 0x000000069b800000, 0x000000069bc00000|  0%| F|  |TAMS 0x000000069b800000| PB 0x000000069b800000| Untracked 
| 623|0x000000069bc00000, 0x000000069bc00000, 0x000000069c000000|  0%| F|  |TAMS 0x000000069bc00000| PB 0x000000069bc00000| Untracked 
| 624|0x000000069c000000, 0x000000069c000000, 0x000000069c400000|  0%| F|  |TAMS 0x000000069c000000| PB 0x000000069c000000| Untracked 
| 625|0x000000069c400000, 0x000000069c400000, 0x000000069c800000|  0%| F|  |TAMS 0x000000069c400000| PB 0x000000069c400000| Untracked 
| 626|0x000000069c800000, 0x000000069c800000, 0x000000069cc00000|  0%| F|  |TAMS 0x000000069c800000| PB 0x000000069c800000| Untracked 
| 627|0x000000069cc00000, 0x000000069cc00000, 0x000000069d000000|  0%| F|  |TAMS 0x000000069cc00000| PB 0x000000069cc00000| Untracked 
| 628|0x000000069d000000, 0x000000069d000000, 0x000000069d400000|  0%| F|  |TAMS 0x000000069d000000| PB 0x000000069d000000| Untracked 
| 629|0x000000069d400000, 0x000000069d400000, 0x000000069d800000|  0%| F|  |TAMS 0x000000069d400000| PB 0x000000069d400000| Untracked 
| 630|0x000000069d800000, 0x000000069d800000, 0x000000069dc00000|  0%| F|  |TAMS 0x000000069d800000| PB 0x000000069d800000| Untracked 
| 631|0x000000069dc00000, 0x000000069dc00000, 0x000000069e000000|  0%| F|  |TAMS 0x000000069dc00000| PB 0x000000069dc00000| Untracked 
| 632|0x000000069e000000, 0x000000069e000000, 0x000000069e400000|  0%| F|  |TAMS 0x000000069e000000| PB 0x000000069e000000| Untracked 
|2033|0x00000007fc400000, 0x00000007fc800000, 0x00000007fc800000|100%| O|Cm|TAMS 0x00000007fc400000| PB 0x00000007fc400000| Complete 
|2034|0x00000007fc800000, 0x00000007fc800000, 0x00000007fcc00000|  0%| F|  |TAMS 0x00000007fc800000| PB 0x00000007fc800000| Untracked 
|2035|0x00000007fcc00000, 0x00000007fcc00000, 0x00000007fd000000|  0%| F|  |TAMS 0x00000007fcc00000| PB 0x00000007fcc00000| Untracked 
|2036|0x00000007fd000000, 0x00000007fd000000, 0x00000007fd400000|  0%| F|  |TAMS 0x00000007fd000000| PB 0x00000007fd000000| Untracked 
|2037|0x00000007fd400000, 0x00000007fd400000, 0x00000007fd800000|  0%| F|  |TAMS 0x00000007fd400000| PB 0x00000007fd400000| Untracked 
|2038|0x00000007fd800000, 0x00000007fd800000, 0x00000007fdc00000|  0%| F|  |TAMS 0x00000007fd800000| PB 0x00000007fd800000| Untracked 
|2039|0x00000007fdc00000, 0x00000007fdc00000, 0x00000007fe000000|  0%| F|  |TAMS 0x00000007fdc00000| PB 0x00000007fdc00000| Untracked 
|2040|0x00000007fe000000, 0x00000007fe000000, 0x00000007fe400000|  0%| F|  |TAMS 0x00000007fe000000| PB 0x00000007fe000000| Untracked 
|2041|0x00000007fe400000, 0x00000007fe400000, 0x00000007fe800000|  0%| F|  |TAMS 0x00000007fe400000| PB 0x00000007fe400000| Untracked 
|2042|0x00000007fe800000, 0x00000007fe800000, 0x00000007fec00000|  0%| F|  |TAMS 0x00000007fe800000| PB 0x00000007fe800000| Untracked 
|2043|0x00000007fec00000, 0x00000007fec00000, 0x00000007ff000000|  0%| F|  |TAMS 0x00000007fec00000| PB 0x00000007fec00000| Untracked 
|2044|0x00000007ff000000, 0x00000007ff000000, 0x00000007ff400000|  0%| F|  |TAMS 0x00000007ff000000| PB 0x00000007ff000000| Untracked 
|2045|0x00000007ff400000, 0x00000007ff400000, 0x00000007ff800000|  0%| F|  |TAMS 0x00000007ff400000| PB 0x00000007ff400000| Untracked 
|2046|0x00000007ff800000, 0x00000007ff800000, 0x00000007ffc00000|  0%| F|  |TAMS 0x00000007ff800000| PB 0x00000007ff800000| Untracked 
|2047|0x00000007ffc00000, 0x0000000800000000, 0x0000000800000000|100%| O|  |TAMS 0x00000007ffc00000| PB 0x00000007ffc00000| Untracked 

Card table byte_map: [0x0000022f28160000,0x0000022f29160000] _byte_map_base: 0x0000022f25160000

Marking Bits: (CMBitMap*) 0x0000022f0360b040
 Bits: [0x0000022f29160000, 0x0000022f31160000)

Polling page: 0x0000022f01550000

Metaspace:

Usage:
  Non-class:    389.95 MB used.
      Class:     55.97 MB used.
       Both:    445.92 MB used.

Virtual space:
  Non-class space:      448.00 MB reserved,     391.88 MB ( 87%) committed,  7 nodes.
      Class space:        1.00 GB reserved,      57.69 MB (  6%) committed,  1 nodes.
             Both:        1.44 GB reserved,     449.56 MB ( 31%) committed. 

Chunk freelists:
   Non-Class:  7.97 MB
       Class:  6.29 MB
        Both:  14.26 MB

MaxMetaspaceSize: 4.00 GB
CompressedClassSpaceSize: 1.00 GB
Initial GC threshold: 21.00 MB
Current GC threshold: 744.19 MB
CDS: off
 - commit_granule_bytes: 65536.
 - commit_granule_words: 8192.
 - virtual_space_node_default_size: 8388608.
 - enlarge_chunks_in_place: 1.
 - use_allocation_guard: 0.


Internal statistics:

num_allocs_failed_limit: 12.
num_arena_births: 7330.
num_arena_deaths: 338.
num_vsnodes_births: 8.
num_vsnodes_deaths: 0.
num_space_committed: 7203.
num_space_uncommitted: 16.
num_chunks_returned_to_freelist: 761.
num_chunks_taken_from_freelist: 26468.
num_chunk_merges: 185.
num_chunk_splits: 18633.
num_chunks_enlarged: 13681.
num_inconsistent_stats: 0.

CodeHeap 'non-profiled nmethods': size=258432Kb used=57672Kb max_used=59781Kb free=200759Kb
 bounds [0x0000022f16a60000, 0x0000022f1a4e0000, 0x0000022f266c0000]
CodeHeap 'profiled nmethods': size=258368Kb used=127018Kb max_used=166819Kb free=131349Kb
 bounds [0x0000022f066c0000, 0x0000022f109d0000, 0x0000022f16310000]
CodeHeap 'non-nmethods': size=7488Kb used=5149Kb max_used=5254Kb free=2338Kb
 bounds [0x0000022f16310000, 0x0000022f16840000, 0x0000022f16a60000]
CodeCache: size=524288Kb, used=189839Kb, max_used=231854Kb, free=334446Kb
 total_blobs=56997, nmethods=55355, adapters=1537, full_count=0
Compilation: enabled, stopped_count=0, restarted_count=0

Compilation events (20 events):
Event: 3687.730 Thread 0x0000022f5aed87a0 157154       4       com.android.tools.r8.graph.C5::j (51 bytes)
Event: 3687.730 Thread 0x0000022f3440bc40 157251       4       com.android.tools.r8.internal.Gt::m (4 bytes)
Event: 3687.731 Thread 0x0000022f5d2ff770 157126  s    4       com.android.tools.r8.shaking.q4$b::c (6 bytes)
Event: 3687.731 Thread 0x0000022f34d31070 nmethod 157442 0x0000022f10156690 code [0x0000022f10156920, 0x0000022f10157040]
Event: 3687.731 Thread 0x0000022f34431690 nmethod 157443 0x0000022f10155b10 code [0x0000022f10155d60, 0x0000022f101562b8]
Event: 3687.731 Thread 0x0000022f3440bc40 nmethod 157251 0x0000022f16cdb610 code [0x0000022f16cdb7a0, 0x0000022f16cdb810]
Event: 3687.731 Thread 0x0000022f3440bc40 157122       4       com.android.tools.r8.graph.K5::b (2 bytes)
Event: 3687.731 Thread 0x0000022f5aed87a0 nmethod 157154 0x0000022f16cdb310 code [0x0000022f16cdb4a0, 0x0000022f16cdb580]
Event: 3687.732 Thread 0x0000022f5aed87a0 157143       4       com.android.tools.r8.shaking.n4$$Lambda/0x0000000802a918c0::accept (8 bytes)
Event: 3687.732 Thread 0x0000022f3440bc40 nmethod 157122 0x0000022f16cdb010 code [0x0000022f16cdb1a0, 0x0000022f16cdb228]
Event: 3687.732 Thread 0x0000022f3440bc40 157238       4       com.android.tools.r8.graph.H0::getAccessFlags (5 bytes)
Event: 3687.732 Thread 0x0000022f5d2ff770 nmethod 157126 0x0000022f16cdab90 code [0x0000022f16cdad20, 0x0000022f16cdaf48]
Event: 3687.732 Thread 0x0000022f5f1976d0 nmethod 157444 0x0000022f10154910 code [0x0000022f10154c00, 0x0000022f10155558]
Event: 3687.732 Thread 0x0000022f5d2ff770 157017       4       com.android.tools.r8.shaking.h1::a (11 bytes)
Event: 3687.733 Thread 0x0000022f5d2ff770 nmethod 157017 0x0000022f16cda690 code [0x0000022f16cda820, 0x0000022f16cda8b8]
Event: 3687.733 Thread 0x0000022f5d2ff770 157129       4       com.android.tools.r8.shaking.n4::b (51 bytes)
Event: 3687.733 Thread 0x0000022f3440bc40 nmethod 157238 0x0000022f18c56210 code [0x0000022f18c563a0, 0x0000022f18c56470]
Event: 3687.733 Thread 0x0000022f3440bc40 157038       4       com.android.tools.r8.graph.E0$$Lambda/0x0000000802a6ec28::accept (16 bytes)
Event: 3687.734 Thread 0x0000022f5aed87a0 nmethod 157143 0x0000022f18c55d10 code [0x0000022f18c55ea0, 0x0000022f18c56100]
Event: 3687.734 Thread 0x0000022f5aed87a0 157035       4       com.android.tools.r8.graph.E0::a (12 bytes)

GC Heap History (20 events):
Event: 344.651 GC heap after
{Heap after GC invocations=217 (full 0):
 garbage-first heap   total 2580480K, used 989862K [0x0000000600000000, 0x0000000800000000)
  region size 4096K, 8 young (32768K), 8 survivors (32768K)
 Metaspace       used 449375K, committed 452992K, reserved 1507328K
  class space    used 56856K, committed 58560K, reserved 1048576K
}
Event: 3570.693 GC heap before
{Heap before GC invocations=218 (full 0):
 garbage-first heap   total 2580480K, used 2521766K [0x0000000600000000, 0x0000000800000000)
  region size 4096K, 363 young (1486848K), 8 survivors (32768K)
 Metaspace       used 451864K, committed 455552K, reserved 1507328K
  class space    used 57138K, committed 58880K, reserved 1048576K
}
Event: 3571.272 GC heap after
{Heap after GC invocations=219 (full 0):
 garbage-first heap   total 2654208K, used 1080260K [0x0000000600000000, 0x0000000800000000)
  region size 4096K, 30 young (122880K), 30 survivors (122880K)
 Metaspace       used 451864K, committed 455552K, reserved 1507328K
  class space    used 57138K, committed 58880K, reserved 1048576K
}
Event: 3576.522 GC heap before
{Heap before GC invocations=219 (full 0):
 garbage-first heap   total 2654208K, used 2489284K [0x0000000600000000, 0x0000000800000000)
  region size 4096K, 375 young (1536000K), 30 survivors (122880K)
 Metaspace       used 451870K, committed 455552K, reserved 1507328K
  class space    used 57138K, committed 58880K, reserved 1048576K
}
Event: 3576.917 GC heap after
{Heap after GC invocations=220 (full 0):
 garbage-first heap   total 2654208K, used 1066455K [0x0000000600000000, 0x0000000800000000)
  region size 4096K, 31 young (126976K), 31 survivors (126976K)
 Metaspace       used 451870K, committed 455552K, reserved 1507328K
  class space    used 57138K, committed 58880K, reserved 1048576K
}
Event: 3576.940 GC heap before
{Heap before GC invocations=220 (full 0):
 garbage-first heap   total 2654208K, used 1074647K [0x0000000600000000, 0x0000000800000000)
  region size 4096K, 33 young (135168K), 31 survivors (126976K)
 Metaspace       used 451870K, committed 455552K, reserved 1507328K
  class space    used 57138K, committed 58880K, reserved 1048576K
}
Event: 3577.007 GC heap after
{Heap after GC invocations=221 (full 0):
 garbage-first heap   total 2654208K, used 1075401K [0x0000000600000000, 0x0000000800000000)
  region size 4096K, 4 young (16384K), 4 survivors (16384K)
 Metaspace       used 451870K, committed 455552K, reserved 1507328K
  class space    used 57138K, committed 58880K, reserved 1048576K
}
Event: 3647.319 GC heap before
{Heap before GC invocations=222 (full 0):
 garbage-first heap   total 2654208K, used 2476233K [0x0000000600000000, 0x0000000800000000)
  region size 4096K, 355 young (1454080K), 4 survivors (16384K)
 Metaspace       used 453048K, committed 456640K, reserved 1507328K
  class space    used 57178K, committed 58880K, reserved 1048576K
}
Event: 3647.445 GC heap after
{Heap after GC invocations=223 (full 0):
 garbage-first heap   total 2654208K, used 1060256K [0x0000000600000000, 0x0000000800000000)
  region size 4096K, 12 young (49152K), 12 survivors (49152K)
 Metaspace       used 453048K, committed 456640K, reserved 1507328K
  class space    used 57178K, committed 58880K, reserved 1048576K
}
Event: 3678.685 GC heap before
{Heap before GC invocations=223 (full 0):
 garbage-first heap   total 2654208K, used 2489760K [0x0000000600000000, 0x0000000800000000)
  region size 4096K, 320 young (1310720K), 12 survivors (49152K)
 Metaspace       used 453525K, committed 457216K, reserved 1507328K
  class space    used 57188K, committed 58944K, reserved 1048576K
}
Event: 3678.774 GC heap after
{Heap after GC invocations=224 (full 0):
 garbage-first heap   total 2654208K, used 1077853K [0x0000000600000000, 0x0000000800000000)
  region size 4096K, 16 young (65536K), 16 survivors (65536K)
 Metaspace       used 453525K, committed 457216K, reserved 1507328K
  class space    used 57188K, committed 58944K, reserved 1048576K
}
Event: 3683.159 GC heap before
{Heap before GC invocations=225 (full 0):
 garbage-first heap   total 2654208K, used 2089565K [0x0000000600000000, 0x0000000800000000)
  region size 4096K, 273 young (1118208K), 16 survivors (65536K)
 Metaspace       used 454653K, committed 458368K, reserved 1507328K
  class space    used 57282K, committed 59008K, reserved 1048576K
}
Event: 3683.201 GC heap after
{Heap after GC invocations=226 (full 0):
 garbage-first heap   total 2654208K, used 1097991K [0x0000000600000000, 0x0000000800000000)
  region size 4096K, 30 young (122880K), 30 survivors (122880K)
 Metaspace       used 454653K, committed 458368K, reserved 1507328K
  class space    used 57282K, committed 59008K, reserved 1048576K
}
Event: 3686.304 GC heap before
{Heap before GC invocations=226 (full 0):
 garbage-first heap   total 2654208K, used 2052359K [0x0000000600000000, 0x0000000800000000)
  region size 4096K, 264 young (1081344K), 30 survivors (122880K)
 Metaspace       used 456076K, committed 459776K, reserved 1507328K
  class space    used 57307K, committed 59072K, reserved 1048576K
}
Event: 3686.494 GC heap after
{Heap after GC invocations=227 (full 0):
 garbage-first heap   total 2654208K, used 1228800K [0x0000000600000000, 0x0000000800000000)
  region size 4096K, 33 young (135168K), 33 survivors (135168K)
 Metaspace       used 456076K, committed 459776K, reserved 1507328K
  class space    used 57307K, committed 59072K, reserved 1048576K
}
Event: 3686.504 GC heap before
{Heap before GC invocations=227 (full 0):
 garbage-first heap   total 2654208K, used 1232896K [0x0000000600000000, 0x0000000800000000)
  region size 4096K, 34 young (139264K), 33 survivors (135168K)
 Metaspace       used 456080K, committed 459840K, reserved 1507328K
  class space    used 57307K, committed 59072K, reserved 1048576K
}
Event: 3686.643 GC heap after
{Heap after GC invocations=228 (full 0):
 garbage-first heap   total 2654208K, used 1197926K [0x0000000600000000, 0x0000000800000000)
  region size 4096K, 5 young (20480K), 5 survivors (20480K)
 Metaspace       used 456080K, committed 459840K, reserved 1507328K
  class space    used 57307K, committed 59072K, reserved 1048576K
}
Event: 3687.157 GC heap before
{Heap before GC invocations=228 (full 0):
 garbage-first heap   total 2654208K, used 1312614K [0x0000000600000000, 0x0000000800000000)
  region size 4096K, 32 young (131072K), 5 survivors (20480K)
 Metaspace       used 456387K, committed 460096K, reserved 1507328K
  class space    used 57309K, committed 59072K, reserved 1048576K
}
Event: 3687.206 GC heap after
{Heap after GC invocations=229 (full 0):
 garbage-first heap   total 2654208K, used 1165293K [0x0000000600000000, 0x0000000800000000)
  region size 4096K, 4 young (16384K), 4 survivors (16384K)
 Metaspace       used 456387K, committed 460096K, reserved 1507328K
  class space    used 57309K, committed 59072K, reserved 1048576K
}
Event: 3687.736 GC heap before
{Heap before GC invocations=229 (full 0):
 garbage-first heap   total 2654208K, used 1386477K [0x0000000600000000, 0x0000000800000000)
  region size 4096K, 58 young (237568K), 4 survivors (16384K)
 Metaspace       used 456617K, committed 460352K, reserved 1507328K
  class space    used 57309K, committed 59072K, reserved 1048576K
}

Dll operation events (3 events):
Event: 0.013 Loaded shared library C:\Program Files\Android\Android Studio\jbr\bin\java.dll
Event: 0.020 Loaded shared library C:\Program Files\Android\Android Studio\jbr\bin\zip.dll
Event: 0.765 Loaded shared library C:\Program Files\Android\Android Studio\jbr\bin\verify.dll

Deoptimization events (20 events):
Event: 3686.151 Thread 0x0000022f5d126350 Uncommon trap: trap_request=0xffffffbe fr.pc=0x0000022f16cff99c relative=0x00000000000006dc
Event: 3686.151 Thread 0x0000022f5d126350 Uncommon trap: reason=profile_predicate action=maybe_recompile pc=0x0000022f16cff99c method=com.android.tools.r8.graph.v2.<init>(Lcom/android/tools/r8/graph/M2;Lcom/android/tools/r8/ProgramResource$Kind;Lcom/android/tools/r8/origin/Origin;Lcom/android/too
Event: 3686.151 Thread 0x0000022f5d126350 DEOPT PACKING pc=0x0000022f16cff99c sp=0x00000086f75fd010
Event: 3686.151 Thread 0x0000022f5d126350 DEOPT UNPACKING pc=0x0000022f16364422 sp=0x00000086f75fcf78 mode 2
Event: 3686.151 Thread 0x0000022f5d126350 Uncommon trap: trap_request=0xffffffbe fr.pc=0x0000022f18fd1d08 relative=0x0000000000000388
Event: 3686.151 Thread 0x0000022f5d126350 Uncommon trap: reason=profile_predicate action=maybe_recompile pc=0x0000022f18fd1d08 method=com.android.tools.r8.graph.v2.<init>(Lcom/android/tools/r8/graph/M2;Lcom/android/tools/r8/ProgramResource$Kind;Lcom/android/tools/r8/origin/Origin;Lcom/android/too
Event: 3686.151 Thread 0x0000022f5d126350 DEOPT PACKING pc=0x0000022f18fd1d08 sp=0x00000086f75fd040
Event: 3686.151 Thread 0x0000022f5d126350 DEOPT UNPACKING pc=0x0000022f16364422 sp=0x00000086f75fcf80 mode 2
Event: 3686.154 Thread 0x0000022f5d126350 Uncommon trap: trap_request=0xffffffbe fr.pc=0x0000022f16cff99c relative=0x00000000000006dc
Event: 3686.154 Thread 0x0000022f5d126350 Uncommon trap: reason=profile_predicate action=maybe_recompile pc=0x0000022f16cff99c method=com.android.tools.r8.graph.v2.<init>(Lcom/android/tools/r8/graph/M2;Lcom/android/tools/r8/ProgramResource$Kind;Lcom/android/tools/r8/origin/Origin;Lcom/android/too
Event: 3686.154 Thread 0x0000022f5d126350 DEOPT PACKING pc=0x0000022f16cff99c sp=0x00000086f75fd010
Event: 3686.154 Thread 0x0000022f5d126350 DEOPT UNPACKING pc=0x0000022f16364422 sp=0x00000086f75fcf78 mode 2
Event: 3686.690 Thread 0x0000022f6cf9ceb0 DEOPT PACKING pc=0x0000022f0bcd1b76 sp=0x00000086f80f57f0
Event: 3686.690 Thread 0x0000022f6cf9ceb0 DEOPT UNPACKING pc=0x0000022f16364bc2 sp=0x00000086f80f4c50 mode 0
Event: 3686.780 Thread 0x0000022f5d126350 DEOPT PACKING pc=0x0000022f07602f62 sp=0x00000086f75fd2c0
Event: 3686.780 Thread 0x0000022f5d126350 DEOPT UNPACKING pc=0x0000022f16364bc2 sp=0x00000086f75fc7c8 mode 0
Event: 3687.353 Thread 0x0000022f6cf9ceb0 DEOPT PACKING pc=0x0000022f093b3bc8 sp=0x00000086f80fb9a0
Event: 3687.353 Thread 0x0000022f6cf9ceb0 DEOPT UNPACKING pc=0x0000022f16364bc2 sp=0x00000086f80fae38 mode 0
Event: 3687.604 Thread 0x0000022f6cf9ceb0 DEOPT PACKING pc=0x0000022f0ccf5881 sp=0x00000086f80fbcf0
Event: 3687.604 Thread 0x0000022f6cf9ceb0 DEOPT UNPACKING pc=0x0000022f16364bc2 sp=0x00000086f80fb1c8 mode 0

Classes loaded (20 events):
Event: 1574.872 Loading class java/lang/StackStreamFactory
Event: 1574.878 Loading class java/lang/StackStreamFactory done
Event: 1574.878 Loading class java/lang/StackWalker$ExtendedOption
Event: 1574.878 Loading class java/lang/StackWalker$ExtendedOption done
Event: 1574.879 Loading class java/lang/StackStreamFactory$StackFrameTraverser
Event: 1574.879 Loading class java/lang/StackStreamFactory$StackFrameTraverser done
Event: 1574.879 Loading class java/lang/StackStreamFactory$WalkerState
Event: 1574.879 Loading class java/lang/StackStreamFactory$WalkerState done
Event: 1574.880 Loading class java/lang/StackStreamFactory$StackFrameTraverser$StackFrameBuffer
Event: 1574.880 Loading class java/lang/StackStreamFactory$FrameBuffer
Event: 1574.887 Loading class java/lang/StackStreamFactory$FrameBuffer done
Event: 1574.887 Loading class java/lang/StackStreamFactory$StackFrameTraverser$StackFrameBuffer done
Event: 1574.889 Loading class java/util/logging/LogRecord
Event: 1574.890 Loading class java/util/logging/LogRecord done
Event: 3549.389 Loading class jdk/internal/math/FormattedFPDecimal
Event: 3549.439 Loading class jdk/internal/math/FormattedFPDecimal done
Event: 3581.408 Loading class sun/rmi/transport/ObjectTable$1
Event: 3581.439 Loading class sun/rmi/transport/ObjectTable$1 done
Event: 3651.674 Loading class com/sun/org/apache/xerces/internal/xni/grammars/XMLGrammarPool
Event: 3651.675 Loading class com/sun/org/apache/xerces/internal/xni/grammars/XMLGrammarPool done

Classes unloaded (20 events):
Event: 3579.548 Thread 0x0000022f0129ff00 Unloading class 0x0000000803720000 'java/lang/invoke/LambdaForm$MH+0x0000000803720000'
Event: 3579.548 Thread 0x0000022f0129ff00 Unloading class 0x000000080371bc00 'java/lang/invoke/LambdaForm$MH+0x000000080371bc00'
Event: 3579.548 Thread 0x0000022f0129ff00 Unloading class 0x000000080371b000 'java/lang/invoke/LambdaForm$MH+0x000000080371b000'
Event: 3579.548 Thread 0x0000022f0129ff00 Unloading class 0x000000080371b400 'java/lang/invoke/LambdaForm$MH+0x000000080371b400'
Event: 3579.548 Thread 0x0000022f0129ff00 Unloading class 0x000000080371ac00 'java/lang/invoke/LambdaForm$DMH+0x000000080371ac00'
Event: 3579.548 Thread 0x0000022f0129ff00 Unloading class 0x000000080371a800 'java/lang/invoke/LambdaForm$DMH+0x000000080371a800'
Event: 3579.548 Thread 0x0000022f0129ff00 Unloading class 0x000000080371a400 'java/lang/invoke/LambdaForm$DMH+0x000000080371a400'
Event: 3579.549 Thread 0x0000022f0129ff00 Unloading class 0x0000000803719c00 'java/lang/invoke/LambdaForm$DMH+0x0000000803719c00'
Event: 3579.549 Thread 0x0000022f0129ff00 Unloading class 0x0000000803719800 'java/lang/invoke/LambdaForm$DMH+0x0000000803719800'
Event: 3579.549 Thread 0x0000022f0129ff00 Unloading class 0x0000000803719400 'java/lang/invoke/LambdaForm$DMH+0x0000000803719400'
Event: 3579.549 Thread 0x0000022f0129ff00 Unloading class 0x0000000803719000 'java/lang/invoke/LambdaForm$DMH+0x0000000803719000'
Event: 3579.549 Thread 0x0000022f0129ff00 Unloading class 0x0000000803718c00 'java/lang/invoke/LambdaForm$DMH+0x0000000803718c00'
Event: 3579.549 Thread 0x0000022f0129ff00 Unloading class 0x0000000803718800 'java/lang/invoke/LambdaForm$DMH+0x0000000803718800'
Event: 3579.549 Thread 0x0000022f0129ff00 Unloading class 0x0000000803718400 'java/lang/invoke/LambdaForm$DMH+0x0000000803718400'
Event: 3579.549 Thread 0x0000022f0129ff00 Unloading class 0x0000000803718000 'java/lang/invoke/LambdaForm$DMH+0x0000000803718000'
Event: 3579.549 Thread 0x0000022f0129ff00 Unloading class 0x0000000803715c00 'java/lang/invoke/LambdaForm$DMH+0x0000000803715c00'
Event: 3579.550 Thread 0x0000022f0129ff00 Unloading class 0x0000000803715400 'java/lang/invoke/LambdaForm$DMH+0x0000000803715400'
Event: 3579.550 Thread 0x0000022f0129ff00 Unloading class 0x0000000803714c00 'java/lang/invoke/LambdaForm$DMH+0x0000000803714c00'
Event: 3579.550 Thread 0x0000022f0129ff00 Unloading class 0x0000000803715000 'java/lang/invoke/LambdaForm$DMH+0x0000000803715000'
Event: 3579.550 Thread 0x0000022f0129ff00 Unloading class 0x0000000803714800 'java/lang/invoke/LambdaForm$DMH+0x0000000803714800'

Classes redefined (0 events):
No events

Internal exceptions (20 events):
Event: 3684.163 Thread 0x0000022f5d113c00 Exception <a 'sun/nio/fs/WindowsException'{0x000000069d6e5978}> (0x000000069d6e5978) 
thrown [s\src\hotspot\share\prims\jni.cpp, line 537]
Event: 3684.164 Thread 0x0000022f5d113c00 Exception <a 'sun/nio/fs/WindowsException'{0x000000069d6e7070}> (0x000000069d6e7070) 
thrown [s\src\hotspot\share\prims\jni.cpp, line 537]
Event: 3684.166 Thread 0x0000022f5d113c00 Exception <a 'sun/nio/fs/WindowsException'{0x000000069d6e86f8}> (0x000000069d6e86f8) 
thrown [s\src\hotspot\share\prims\jni.cpp, line 537]
Event: 3684.168 Thread 0x0000022f5d113c00 Exception <a 'sun/nio/fs/WindowsException'{0x000000069d6e9d80}> (0x000000069d6e9d80) 
thrown [s\src\hotspot\share\prims\jni.cpp, line 537]
Event: 3684.169 Thread 0x0000022f5d113c00 Exception <a 'sun/nio/fs/WindowsException'{0x000000069d6eb618}> (0x000000069d6eb618) 
thrown [s\src\hotspot\share\prims\jni.cpp, line 537]
Event: 3684.171 Thread 0x0000022f5d113c00 Exception <a 'sun/nio/fs/WindowsException'{0x000000069d6eccf0}> (0x000000069d6eccf0) 
thrown [s\src\hotspot\share\prims\jni.cpp, line 537]
Event: 3684.172 Thread 0x0000022f5d113c00 Exception <a 'sun/nio/fs/WindowsException'{0x000000069d6ef7b8}> (0x000000069d6ef7b8) 
thrown [s\src\hotspot\share\prims\jni.cpp, line 537]
Event: 3684.174 Thread 0x0000022f5d113c00 Exception <a 'sun/nio/fs/WindowsException'{0x000000069d6f0d08}> (0x000000069d6f0d08) 
thrown [s\src\hotspot\share\prims\jni.cpp, line 537]
Event: 3684.177 Thread 0x0000022f5d113c00 Exception <a 'sun/nio/fs/WindowsException'{0x000000069d700f38}> (0x000000069d700f38) 
thrown [s\src\hotspot\share\prims\jni.cpp, line 537]
Event: 3684.182 Thread 0x0000022f5d113c00 Exception <a 'sun/nio/fs/WindowsException'{0x000000069d73f9c0}> (0x000000069d73f9c0) 
thrown [s\src\hotspot\share\prims\jni.cpp, line 537]
Event: 3684.212 Thread 0x0000022f5d126350 Exception <a 'sun/nio/fs/WindowsException'{0x000000069ced92d0}> (0x000000069ced92d0) 
thrown [s\src\hotspot\share\prims\jni.cpp, line 537]
Event: 3684.244 Thread 0x0000022f5d126350 Exception <a 'sun/nio/fs/WindowsException'{0x000000069cf28f90}> (0x000000069cf28f90) 
thrown [s\src\hotspot\share\prims\jni.cpp, line 537]
Event: 3684.244 Thread 0x0000022f5d126350 Exception <a 'sun/nio/fs/WindowsException'{0x000000069cf29070}> (0x000000069cf29070) 
thrown [s\src\hotspot\share\prims\jni.cpp, line 537]
Event: 3684.244 Thread 0x0000022f5d126350 Exception <a 'sun/nio/fs/WindowsException'{0x000000069cf29150}> (0x000000069cf29150) 
thrown [s\src\hotspot\share\prims\jni.cpp, line 537]
Event: 3684.244 Thread 0x0000022f5d126350 Exception <a 'sun/nio/fs/WindowsException'{0x000000069cf29240}> (0x000000069cf29240) 
thrown [s\src\hotspot\share\prims\jni.cpp, line 537]
Event: 3684.244 Thread 0x0000022f5d126350 Exception <a 'sun/nio/fs/WindowsException'{0x000000069cf29330}> (0x000000069cf29330) 
thrown [s\src\hotspot\share\prims\jni.cpp, line 537]
Event: 3684.244 Thread 0x0000022f5d126350 Exception <a 'sun/nio/fs/WindowsException'{0x000000069cf294b0}> (0x000000069cf294b0) 
thrown [s\src\hotspot\share\prims\jni.cpp, line 537]
Event: 3685.003 Thread 0x0000022f5d126350 Exception <a 'sun/nio/fs/WindowsException'{0x000000068e83fbb0}> (0x000000068e83fbb0) 
thrown [s\src\hotspot\share\prims\jni.cpp, line 537]
Event: 3685.305 Thread 0x0000022f5d126350 Implicit null exception at 0x0000022f18191ef5 to 0x0000022f181927a8
Event: 3685.318 Thread 0x0000022f5d126350 Implicit null exception at 0x0000022f16af1cc1 to 0x0000022f16af216c

ZGC Phase Switch (0 events):
No events

VM Operations (20 events):
Event: 3686.973 Executing VM operation: ICBufferFull done
Event: 3687.157 Executing VM operation: G1CollectForAllocation (G1 Evacuation Pause)
Event: 3687.206 Executing VM operation: G1CollectForAllocation (G1 Evacuation Pause) done
Event: 3687.324 Executing VM operation: ICBufferFull
Event: 3687.324 Executing VM operation: ICBufferFull done
Event: 3687.414 Executing VM operation: ICBufferFull
Event: 3687.415 Executing VM operation: ICBufferFull done
Event: 3687.447 Executing VM operation: ICBufferFull
Event: 3687.447 Executing VM operation: ICBufferFull done
Event: 3687.728 Executing VM operation: ICBufferFull
Event: 3687.728 Executing VM operation: ICBufferFull done
Event: 3687.728 Executing VM operation: ICBufferFull
Event: 3687.728 Executing VM operation: ICBufferFull done
Event: 3687.728 Executing VM operation: ICBufferFull
Event: 3687.728 Executing VM operation: ICBufferFull done
Event: 3687.728 Executing VM operation: ICBufferFull
Event: 3687.729 Executing VM operation: ICBufferFull done
Event: 3687.729 Executing VM operation: ICBufferFull
Event: 3687.729 Executing VM operation: ICBufferFull done
Event: 3687.736 Executing VM operation: G1CollectForAllocation (G1 Evacuation Pause)

Memory protections (0 events):
No events

Nmethod flushes (20 events):
Event: 3679.328 Thread 0x0000022f0129ff00 flushing  nmethod 0x0000022f0efdee10
Event: 3679.328 Thread 0x0000022f0129ff00 flushing  nmethod 0x0000022f0efdf390
Event: 3679.328 Thread 0x0000022f0129ff00 flushing  nmethod 0x0000022f0fc2a390
Event: 3679.328 Thread 0x0000022f0129ff00 flushing  nmethod 0x0000022f1020e410
Event: 3679.329 Thread 0x0000022f0129ff00 flushing  nmethod 0x0000022f102a1390
Event: 3679.329 Thread 0x0000022f0129ff00 flushing  nmethod 0x0000022f10302410
Event: 3679.329 Thread 0x0000022f0129ff00 flushing  nmethod 0x0000022f104ad990
Event: 3679.329 Thread 0x0000022f0129ff00 flushing  nmethod 0x0000022f104ae210
Event: 3679.329 Thread 0x0000022f0129ff00 flushing  nmethod 0x0000022f10729290
Event: 3679.329 Thread 0x0000022f0129ff00 flushing  nmethod 0x0000022f10729810
Event: 3679.329 Thread 0x0000022f0129ff00 flushing  nmethod 0x0000022f10729c10
Event: 3679.329 Thread 0x0000022f0129ff00 flushing  nmethod 0x0000022f10915b90
Event: 3679.329 Thread 0x0000022f0129ff00 flushing  nmethod 0x0000022f10916090
Event: 3679.329 Thread 0x0000022f0129ff00 flushing  nmethod 0x0000022f10916590
Event: 3679.329 Thread 0x0000022f0129ff00 flushing  nmethod 0x0000022f10916a90
Event: 3679.329 Thread 0x0000022f0129ff00 flushing  nmethod 0x0000022f1091fd90
Event: 3679.329 Thread 0x0000022f0129ff00 flushing  nmethod 0x0000022f10920390
Event: 3679.329 Thread 0x0000022f0129ff00 flushing  nmethod 0x0000022f10920910
Event: 3679.329 Thread 0x0000022f0129ff00 flushing  nmethod 0x0000022f10920d10
Event: 3679.329 Thread 0x0000022f0129ff00 flushing  nmethod 0x0000022f10922410

Events (20 events):
Event: 3681.746 Thread 0x0000022f6cf9ceb0 Thread added: 0x0000022f59d240d0
Event: 3681.842 Thread 0x0000022f6cf9ceb0 Thread added: 0x0000022f50c4cd10
Event: 3683.206 Thread 0x0000022f59d25480 Thread exited: 0x0000022f59d25480
Event: 3684.750 Thread 0x0000022f6cf9ceb0 Thread added: 0x0000022f518bf460
Event: 3685.289 Thread 0x0000022f5d126350 Thread added: 0x0000022f607e4040
Event: 3685.289 Thread 0x0000022f607e4040 Thread added: 0x0000022f607e53f0
Event: 3685.290 Thread 0x0000022f607e53f0 Thread added: 0x0000022f5dbe71a0
Event: 3685.292 Thread 0x0000022f5dbe71a0 Thread added: 0x0000022f5d16e900
Event: 3685.292 Thread 0x0000022f5d16e900 Thread added: 0x0000022f59d27550
Event: 3685.293 Thread 0x0000022f5d126350 Thread added: 0x0000022f518bfaf0
Event: 3685.293 Thread 0x0000022f59d27550 Thread added: 0x0000022f3ae06120
Event: 3685.294 Thread 0x0000022f5d126350 Thread added: 0x0000022f518bc670
Event: 3685.294 Thread 0x0000022f518bfaf0 Thread added: 0x0000022f5b03f4e0
Event: 3685.295 Thread 0x0000022f5d126350 Thread added: 0x0000022f518bda20
Event: 3685.295 Thread 0x0000022f5b03f4e0 Thread added: 0x0000022f5dbe7ec0
Event: 3685.296 Thread 0x0000022f518bc670 Thread added: 0x0000022f5b03e130
Event: 3685.297 Thread 0x0000022f3ae06120 Thread added: 0x0000022f50c4d3a0
Event: 3685.298 Thread 0x0000022f5d126350 Thread added: 0x0000022f50c4da30
Event: 3685.299 Thread 0x0000022f518bda20 Thread added: 0x0000022f5b03c6f0
Event: 3685.302 Thread 0x0000022f5dbe7ec0 Thread added: 0x0000022f5b03e7c0


Dynamic libraries:
0x00007ff715780000 - 0x00007ff71578a000 	C:\Program Files\Android\Android Studio\jbr\bin\java.exe
0x00007ff9ec1a0000 - 0x00007ff9ec406000 	C:\windows\SYSTEM32\ntdll.dll
0x00007ff9eb2b0000 - 0x00007ff9eb379000 	C:\windows\System32\KERNEL32.DLL
0x00007ff9e95e0000 - 0x00007ff9e99de000 	C:\windows\System32\KERNELBASE.dll
0x00007ff9e93c0000 - 0x00007ff9e950c000 	C:\windows\System32\ucrtbase.dll
0x00007ff998ed0000 - 0x00007ff998ee8000 	C:\Program Files\Android\Android Studio\jbr\bin\jli.dll
0x00007ff998e90000 - 0x00007ff998eab000 	C:\Program Files\Android\Android Studio\jbr\bin\VCRUNTIME140.dll
0x00007ff9ebba0000 - 0x00007ff9ebd67000 	C:\windows\System32\USER32.dll
0x00007ff9e95b0000 - 0x00007ff9e95d7000 	C:\windows\System32\win32u.dll
0x00007ff9ec130000 - 0x00007ff9ec15b000 	C:\windows\System32\GDI32.dll
0x00007ff9bc830000 - 0x00007ff9bcac2000 	C:\windows\WinSxS\amd64_microsoft.windows.common-controls_6595b64144ccf1df_6.0.26100.8875_none_3e0d5d42e32fe9dd\COMCTL32.dll
0x00007ff9e9ab0000 - 0x00007ff9e9bda000 	C:\windows\System32\gdi32full.dll
0x00007ff9ebf10000 - 0x00007ff9ebfb9000 	C:\windows\System32\msvcrt.dll
0x00007ff9e9e20000 - 0x00007ff9e9ec3000 	C:\windows\System32\msvcp_win.dll
0x00007ff9eb440000 - 0x00007ff9eb472000 	C:\windows\System32\IMM32.DLL
0x00007ff9e0d30000 - 0x00007ff9e0d3c000 	C:\Program Files\Android\Android Studio\jbr\bin\vcruntime140_1.dll
0x00007ff994300000 - 0x00007ff99438d000 	C:\Program Files\Android\Android Studio\jbr\bin\msvcp140.dll
0x00007ff8dc2a0000 - 0x00007ff8dcf36000 	C:\Program Files\Android\Android Studio\jbr\bin\server\jvm.dll
0x00007ff9eafd0000 - 0x00007ff9eb087000 	C:\windows\System32\ADVAPI32.dll
0x00007ff9eb560000 - 0x00007ff9eb60a000 	C:\windows\System32\sechost.dll
0x00007ff9ebde0000 - 0x00007ff9ebef8000 	C:\windows\System32\RPCRT4.dll
0x00007ff9ead60000 - 0x00007ff9eade0000 	C:\windows\System32\WS2_32.dll
0x00007ff9e7f00000 - 0x00007ff9e7f5e000 	C:\windows\SYSTEM32\POWRPROF.dll
0x00007ff9e3530000 - 0x00007ff9e3566000 	C:\windows\SYSTEM32\WINMM.dll
0x00007ff9de950000 - 0x00007ff9de95b000 	C:\windows\SYSTEM32\VERSION.dll
0x00007ff9e7ee0000 - 0x00007ff9e7ef4000 	C:\windows\SYSTEM32\UMPDC.dll
0x00007ff9e81c0000 - 0x00007ff9e81db000 	C:\windows\SYSTEM32\kernel.appcore.dll
0x00007ff9c5010000 - 0x00007ff9c501a000 	C:\Program Files\Android\Android Studio\jbr\bin\jimage.dll
0x00007ff9e6960000 - 0x00007ff9e6ba2000 	C:\windows\SYSTEM32\DBGHELP.DLL
0x00007ff9eb650000 - 0x00007ff9eb9d3000 	C:\windows\System32\combase.dll
0x00007ff9eb480000 - 0x00007ff9eb559000 	C:\windows\System32\OLEAUT32.dll
0x00007ff9c5030000 - 0x00007ff9c506b000 	C:\windows\SYSTEM32\dbgcore.DLL
0x00007ff9e99f0000 - 0x00007ff9e9a9c000 	C:\windows\System32\bcryptPrimitives.dll
0x00007ff998760000 - 0x00007ff99876e000 	C:\Program Files\Android\Android Studio\jbr\bin\instrument.dll
0x00007ff998e50000 - 0x00007ff998e70000 	C:\Program Files\Android\Android Studio\jbr\bin\java.dll
0x00007ff998840000 - 0x00007ff998858000 	C:\Program Files\Android\Android Studio\jbr\bin\zip.dll
0x00007ff9e9f00000 - 0x00007ff9ea692000 	C:\windows\System32\SHELL32.dll
0x00007ff9e6e40000 - 0x00007ff9e76d2000 	C:\windows\SYSTEM32\windows.storage.dll
0x00007ff9eb0b0000 - 0x00007ff9eb1a7000 	C:\windows\System32\SHCORE.dll
0x00007ff9ebd70000 - 0x00007ff9ebdd7000 	C:\windows\System32\shlwapi.dll
0x00007ff9e92e0000 - 0x00007ff9e9309000 	C:\windows\SYSTEM32\profapi.dll
0x00007ff9a4d80000 - 0x00007ff9a4d90000 	C:\Program Files\Android\Android Studio\jbr\bin\net.dll
0x00007ff9df800000 - 0x00007ff9df927000 	C:\windows\SYSTEM32\WINHTTP.dll
0x00007ff9e8770000 - 0x00007ff9e87dc000 	C:\windows\system32\mswsock.dll
0x00007ff998160000 - 0x00007ff998176000 	C:\Program Files\Android\Android Studio\jbr\bin\nio.dll
0x00007ff998b60000 - 0x00007ff998b70000 	C:\Program Files\Android\Android Studio\jbr\bin\verify.dll
0x00007ff998770000 - 0x00007ff998797000 	C:\Users\VICTUS\.gradle\native\1def1411415f61bf3af743bc5b6707747c0891f09f0c88961ee8f79bc544acac\windows-amd64\native-platform.dll
0x00007ff993a50000 - 0x00007ff993ac8000 	C:\Users\VICTUS\.gradle\native\0.2.7\x86_64-windows-gnu\gradle-fileevents.dll
0x00007ff998830000 - 0x00007ff998839000 	C:\Program Files\Android\Android Studio\jbr\bin\management.dll
0x00007ff9987a0000 - 0x00007ff9987ab000 	C:\Program Files\Android\Android Studio\jbr\bin\management_ext.dll
0x00007ff9ebf00000 - 0x00007ff9ebf08000 	C:\windows\System32\PSAPI.DLL
0x00007ff9e7aa0000 - 0x00007ff9e7ad3000 	C:\windows\SYSTEM32\IPHLPAPI.DLL
0x00007ff9eb620000 - 0x00007ff9eb62a000 	C:\windows\System32\NSI.dll
0x00007ff998a30000 - 0x00007ff998a39000 	C:\Program Files\Android\Android Studio\jbr\bin\extnet.dll
0x00007ff9e8a70000 - 0x00007ff9e8a8b000 	C:\windows\SYSTEM32\CRYPTSP.dll
0x00007ff9e8120000 - 0x00007ff9e8159000 	C:\windows\system32\rsaenh.dll
0x00007ff9e8830000 - 0x00007ff9e8862000 	C:\windows\SYSTEM32\USERENV.dll
0x00007ff9e92b0000 - 0x00007ff9e92da000 	C:\windows\SYSTEM32\bcrypt.dll
0x00007ff9e8a90000 - 0x00007ff9e8a9c000 	C:\windows\SYSTEM32\CRYPTBASE.dll
0x00007ff9c42e0000 - 0x00007ff9c42e8000 	C:\windows\system32\wshunix.dll
0x00007ff9e7b30000 - 0x00007ff9e7c86000 	C:\windows\SYSTEM32\DNSAPI.dll
0x00007ff9e8570000 - 0x00007ff9e857d000 	C:\windows\SYSTEM32\DSPARSE.dll
0x00007ff9df1a0000 - 0x00007ff9df1ab000 	C:\Windows\System32\rasadhlp.dll
0x00007ff9e06d0000 - 0x00007ff9e0756000 	C:\windows\System32\fwpuclnt.dll
0x00007ff9e82f0000 - 0x00007ff9e8326000 	C:\windows\SYSTEM32\ntmarta.dll
0x00007ff9e0cb0000 - 0x00007ff9e0cb7000 	C:\Program Files\Android\Android Studio\jbr\bin\rmi.dll
0x00007ff9e2cb0000 - 0x00007ff9e2d50000 	C:\windows\system32\apphelp.dll
0x00007ff93e8e0000 - 0x00007ff93ea78000 	C:\Program Files\Android\Android Studio\jbr\bin\awt.dll
0x00007ff9e3450000 - 0x00007ff9e347f000 	C:\windows\SYSTEM32\dwmapi.dll
0x00007ff994260000 - 0x00007ff9942a4000 	C:\Program Files\Android\Android Studio\jbr\bin\nvdaControllerClient64.dll
0x00007ff9d4000000 - 0x00007ff9d4073000 	C:\windows\SYSTEM32\OLEACC.dll
0x00007ff9e3140000 - 0x00007ff9e31e9000 	C:\windows\system32\uxtheme.dll
0x00007ff9ebfc0000 - 0x00007ff9ec11d000 	C:\windows\System32\MSCTF.dll
0x00007ff9eabc0000 - 0x00007ff9ead59000 	C:\windows\System32\ole32.dll

JVMTI agents:
C:\Users\VICTUS\.gradle\wrapper\dists\gradle-8.14-bin\38aieal9i53h9rfe7vjup95b9\gradle-8.14\lib\agents\gradle-instrumentation-agent-8.14.jar path:C:\Program Files\Android\Android Studio\jbr\bin\instrument.dll, loaded, initialized, instrumentlib options:none

dbghelp: loaded successfully - version: 4.0.5 - missing functions: none
symbol engine: initialized successfully - sym options: 0x614 - pdb path: .;C:\Program Files\Android\Android Studio\jbr\bin;C:\windows\SYSTEM32;C:\windows\WinSxS\amd64_microsoft.windows.common-controls_6595b64144ccf1df_6.0.26100.8875_none_3e0d5d42e32fe9dd;C:\Program Files\Android\Android Studio\jbr\bin\server;C:\Users\VICTUS\.gradle\native\1def1411415f61bf3af743bc5b6707747c0891f09f0c88961ee8f79bc544acac\windows-amd64;C:\Users\VICTUS\.gradle\native\0.2.7\x86_64-windows-gnu

VM Arguments:
jvm_args: --add-opens=java.base/java.lang=ALL-UNNAMED --add-opens=java.base/java.lang.invoke=ALL-UNNAMED --add-opens=java.base/java.util=ALL-UNNAMED --add-opens=java.prefs/java.util.prefs=ALL-UNNAMED --add-exports=jdk.compiler/com.sun.tools.javac.api=ALL-UNNAMED --add-exports=jdk.compiler/com.sun.tools.javac.util=ALL-UNNAMED --add-opens=java.base/java.util=ALL-UNNAMED --add-opens=java.prefs/java.util.prefs=ALL-UNNAMED --add-opens=java.base/java.nio.charset=ALL-UNNAMED --add-opens=java.base/java.net=ALL-UNNAMED --add-opens=java.base/java.util.concurrent.atomic=ALL-UNNAMED --add-opens=java.xml/javax.xml.namespace=ALL-UNNAMED -XX:MaxMetaspaceSize=4G -XX:ReservedCodeCacheSize=512m -XX:+HeapDumpOnOutOfMemoryError -Xmx8G -Dfile.encoding=UTF-8 -Duser.country=IN -Duser.language=en -Duser.variant -javaagent:C:\Users\VICTUS\.gradle\wrapper\dists\gradle-8.14-bin\38aieal9i53h9rfe7vjup95b9\gradle-8.14\lib\agents\gradle-instrumentation-agent-8.14.jar 
java_command: org.gradle.launcher.daemon.bootstrap.GradleDaemon 8.14
java_class_path (initial): C:\Users\VICTUS\.gradle\wrapper\dists\gradle-8.14-bin\38aieal9i53h9rfe7vjup95b9\gradle-8.14\lib\gradle-daemon-main-8.14.jar
Launcher Type: SUN_STANDARD

[Global flags]
     intx CICompilerCount                          = 12                                        {product} {ergonomic}
     uint ConcGCThreads                            = 3                                         {product} {ergonomic}
     uint G1ConcRefinementThreads                  = 13                                        {product} {ergonomic}
   size_t G1HeapRegionSize                         = 4194304                                   {product} {ergonomic}
    uintx GCDrainStackTargetSize                   = 64                                        {product} {ergonomic}
     bool HeapDumpOnOutOfMemoryError               = true                                   {manageable} {command line}
   size_t InitialHeapSize                          = 264241152                                 {product} {ergonomic}
   size_t MarkStackSize                            = 4194304                                   {product} {ergonomic}
   size_t MaxHeapSize                              = 8589934592                                {product} {command line}
   size_t MaxMetaspaceSize                         = 4294967296                                {product} {command line}
   size_t MaxNewSize                               = 5150605312                                {product} {ergonomic}
   size_t MinHeapDeltaBytes                        = 4194304                                   {product} {ergonomic}
   size_t MinHeapSize                              = 8388608                                   {product} {ergonomic}
    uintx NonNMethodCodeHeapSize                   = 7602480                                {pd product} {ergonomic}
    uintx NonProfiledCodeHeapSize                  = 264634216                              {pd product} {ergonomic}
    uintx ProfiledCodeHeapSize                     = 264634216                              {pd product} {ergonomic}
    uintx ReservedCodeCacheSize                    = 536870912                              {pd product} {command line}
     bool SegmentedCodeCache                       = true                                      {product} {ergonomic}
   size_t SoftMaxHeapSize                          = 8589934592                             {manageable} {ergonomic}
     bool UseCompressedOops                        = true                           {product lp64_product} {ergonomic}
     bool UseG1GC                                  = true                                      {product} {ergonomic}
     bool UseLargePagesIndividualAllocation        = false                                  {pd product} {ergonomic}

Logging:
Log output configuration:
 #0: stdout all=warning uptime,level,tags foldmultilines=false
 #1: stderr all=off uptime,level,tags foldmultilines=false

Release file:
JAVA_VERSION="21.0.9" 
MODULES="java.base java.compiler java.datatransfer java.xml java.prefs java.desktop java.instrument java.logging java.management java.security.sasl java.naming java.rmi java.management.rmi java.net.http java.scripting java.security.jgss java.transaction.xa java.sql java.sql.rowset java.xml.crypto java.se java.smartcardio jdk.accessibility jdk.internal.jvmstat jdk.attach jdk.charsets jdk.internal.opt jdk.zipfs jdk.compiler jdk.crypto.ec jdk.crypto.cryptoki jdk.dynalink jdk.hotspot.agent jdk.httpserver jdk.internal.ed jdk.internal.le jdk.internal.vm.ci jdk.jartool jdk.javadoc jdk.jcmd jdk.jdeps jdk.jdwp.agent jdk.jdi jdk.jfr jdk.jlink jdk.jsobject jdk.localedata jdk.management jdk.management.agent jdk.management.jfr jdk.naming.dns jdk.naming.rmi jdk.net jdk.sctp jdk.security.auth jdk.security.jgss jdk.unsupported jdk.unsupported.desktop jdk.xml.dom" 
IMPLEMENTOR="JetBrains s.r.o." 
JAVA_RUNTIME_VERSION="21.0.9+-14787801-b1163.94" 
LIBC="default" 
OS_ARCH="x86_64" 
OS_NAME="Windows" 
SOURCE=".:git:0c757ddc9f2f" 

Environment Variables:
JAVA_HOME=C:\Program Files\Android\Android Studio\jbr
CLASSPATH=E:\KaamSetu_Phase4C_ProfessionalInfo\android\\gradle\wrapper\gradle-wrapper.jar
PATH=C:\Program Files\Android\Android Studio\jbr\bin;C:\dev\flutter\bin\;C:\windows\system32;C:\windows;C:\windows\System32\Wbem;C:\windows\System32\WindowsPowerShell\v1.0\;C:\windows\System32\OpenSSH\;C:\Program Files (x86)\NVIDIA Corporation\PhysX\Common;C:\Users\Administrator\AppData\Local\Microsoft\WindowsApps;C:\Program Files\HP\OMEN-Broadcast\Common;C:\MinGW\bin;C:\Program Files\NVIDIA Corporation\NVIDIA App\NvDLISR;C:\MinGW\bin;C:\Program Files (x86)\Windows Kits\10\Windows Performance Toolkit\;C:\Program Files\dotnet\;C:\Users\VICTUS\AppData\Local\Programs\Python\Python314;C:\Users\VICTUS\.jdks\openjdk-26\bin;C:\Intellij IDE\IntelliJ IDEA 2026.1\bin;C:\Program Files\Git\cmd;C:\Program Files\Git\mingw64\bin;C:\Program Files\Git\usr\bin;C:\Program Files\nodejs\;C:\Users\VICTUS\AppData\Local\Programs\Python\Launcher\;C:\Users\VICTUS\.local\bin;C:\Users\VICTUS\AppData\Local\Microsoft\WindowsApps;C:\Users\VICTUS\AppData\Local\Programs\Microsoft VS Code\bin;C:\MinGW\bin;C:\Users\VICTUS\AppData\Local\Programs\Antigravity\bin;C:\Users\VICTUS\AppData\Local\JetBrains\Toolbox\scripts;C:\Users\VICTUS\AppData\Roaming\npm;C:\Program Files\JetBrains\PyCharm 2026.1.4\bin;C:\dev\flutter\bin;;C:\dev\flutter\bin\mingit\cmd
USERNAME=VICTUS
LANG=en_US.UTF-8
OS=Windows_NT
PROCESSOR_IDENTIFIER=Intel64 Family 6 Model 183 Stepping 1, GenuineIntel
TMP=C:\Users\VICTUS\AppData\Local\Temp
TEMP=C:\Users\VICTUS\AppData\Local\Temp




Periodic native trim disabled

JNI global refs:
JNI global refs: 50, weak refs: 556

JNI global refs memory usage: 835, weak refs: 7977

Process memory usage:
Resident Set Size: 3051136K (18% of 16473912K total physical memory with 452048K free physical memory)

OOME stack traces (most recent first):
Classloader memory used:
Loader org.gradle.internal.classloader.VisitableURLClassLoader                         : 136M
Loader org.gradle.internal.classloader.VisitableURLClassLoader$InstrumentingVisitableURLClassLoader: 120M
Loader java.net.URLClassLoader                                                         : 115M
Loader bootstrap                                                                       : 44216K
Loader org.gradle.initialization.MixInLegacyTypesClassLoader                           : 16013K
Loader jdk.internal.loader.ClassLoaders$AppClassLoader                                 : 10962K
Loader jdk.internal.loader.ClassLoaders$PlatformClassLoader                            : 1143K
Loader jdk.internal.reflect.DelegatingClassLoader                                      : 941K
Loader org.gradle.groovy.scripts.internal.DefaultScriptCompilationHandler$ScriptClassLoader: 719K
Loader jdk.internal.jrtfs.JrtFileSystemProvider$JrtFsLoader                            : 647K
Loader org.gradle.internal.classloader.VisitableURLClassLoader                         : 465K
Loader com.intellij.util.lang.UrlClassLoader                                           : 384K
Loader org.codehaus.groovy.runtime.callsite.CallSiteClassLoader                        : 47192B
Loader sun.reflect.misc.MethodUtil                                                     : 2984B

Classes loaded by more than one classloader:
Class Program                                                                         : loaded 17 times (x 72B)
Class Build_gradle                                                                    : loaded 10 times (x 130B)
Class Build_gradle$1                                                                  : loaded 10 times (x 74B)
Class Build_gradle$2                                                                  : loaded 9 times (x 74B)
Class Build_gradle$1$1                                                                : loaded 8 times (x 78B)
Class Build_gradle$3                                                                  : loaded 6 times (x 74B)
Class org.jetbrains.kotlin.metadata.deserialization.ProtoTypeTableUtilKt              : loaded 4 times (x 71B)
Class org.jetbrains.kotlin.protobuf.GeneratedMessageLite$ExtendableMessage            : loaded 4 times (x 113B)
Class org.jetbrains.kotlin.metadata.ProtoBuf$MemberKind                               : loaded 4 times (x 82B)
Class org.jetbrains.kotlin.metadata.ProtoBuf$Package                                  : loaded 4 times (x 129B)
Class org.jetbrains.kotlin.metadata.ProtoBuf$TypeTableOrBuilder                       : loaded 4 times (x 70B)
Class org.jetbrains.kotlin.metadata.ProtoBuf$TypeOrBuilder                            : loaded 4 times (x 70B)
Class org.jetbrains.kotlin.protobuf.CodedOutputStream$OutOfSpaceException             : loaded 4 times (x 82B)
Class org.jetbrains.kotlin.metadata.ProtoBuf$Annotation$Argument$Value                : loaded 4 times (x 127B)
Class org.jetbrains.kotlin.metadata.ProtoBuf$Annotation$Argument$Value$Type$1         : loaded 4 times (x 74B)
Class [Lorg.jetbrains.kotlin.metadata.ProtoBuf$MemberKind;                            : loaded 4 times (x 69B)
Class kotlin.collections.ArraysKt___ArraysJvmKt                                       : loaded 4 times (x 71B)
Class kotlin.text.StringsKt__RegexExtensionsJVMKt                                     : loaded 4 times (x 71B)
Class kotlin.collections.CollectionsKt__CollectionsKt                                 : loaded 4 times (x 71B)
Class kotlin._Assertions                                                              : loaded 4 times (x 71B)
Class kotlin.collections.CollectionsKt                                                : loaded 4 times (x 71B)
Class org.jetbrains.kotlin.metadata.jvm.JvmProtoBuf$StringTableTypes$RecordOrBuilder  : loaded 4 times (x 70B)
Class org.jetbrains.kotlin.protobuf.FieldSet                                          : loaded 4 times (x 72B)
Class [Lorg.jetbrains.org.objectweb.asm.Label;                                        : loaded 4 times (x 69B)
Class org.jetbrains.kotlin.metadata.jvm.JvmProtoBuf$StringTableTypes$Record           : loaded 4 times (x 119B)
Class org.jetbrains.kotlin.metadata.ProtoBuf$MemberKind$1                             : loaded 4 times (x 74B)
Class org.jetbrains.kotlin.resolve.jvm.JvmClassName                                   : loaded 4 times (x 76B)
Class org.jetbrains.kotlin.protobuf.AbstractMessageLite                               : loaded 4 times (x 98B)
Class org.jetbrains.kotlin.protobuf.FieldSet$FieldDescriptorLite                      : loaded 4 times (x 70B)
Class org.jetbrains.kotlin.descriptors.SourceElement                                  : loaded 4 times (x 70B)
Class org.jetbrains.kotlin.metadata.ProtoBuf$Annotation$ArgumentOrBuilder             : loaded 4 times (x 70B)
Class org.jetbrains.kotlin.metadata.ProtoBuf$TypeParameter$Variance$1                 : loaded 4 times (x 74B)
Class org.jetbrains.kotlin.metadata.ProtoBuf$Annotation$Argument$Value$Type           : loaded 4 times (x 82B)
Class kotlin.jvm.internal.FunctionReference                                           : loaded 4 times (x 122B)
Class kotlin.jvm.internal.FunctionBase                                                : loaded 4 times (x 70B)
Class org.jetbrains.kotlin.load.java.JvmAnnotationNames                               : loaded 4 times (x 71B)
Class org.jetbrains.kotlin.metadata.jvm.deserialization.JvmNameResolverBase$Companion : loaded 4 times (x 71B)
Class kotlin.enums.EnumEntriesList                                                    : loaded 4 times (x 223B)
Class org.jetbrains.kotlin.metadata.ProtoBuf$Package$1                                : loaded 4 times (x 144B)
Class org.jetbrains.kotlin.protobuf.SmallSortedMap$Entry                              : loaded 4 times (x 88B)
Class org.jetbrains.kotlin.metadata.ProtoBuf$Class$Kind$1                             : loaded 4 times (x 74B)
Class org.jetbrains.kotlin.util.capitalizeDecapitalize.CapitalizeDecapitalizeKt       : loaded 4 times (x 71B)
Class org.jetbrains.kotlin.metadata.jvm.deserialization.ClassMapperLite               : loaded 4 times (x 71B)
Class org.jetbrains.kotlin.metadata.jvm.JvmProtoBuf$StringTableTypes                  : loaded 4 times (x 110B)
Class kotlin.comparisons.ComparisonsKt___ComparisonsJvmKt                             : loaded 4 times (x 71B)
Class kotlin.collections.CollectionsKt__IteratorsJVMKt                                : loaded 4 times (x 71B)
Class org.jetbrains.kotlin.metadata.jvm.JvmProtoBuf$StringTableTypes$1                : loaded 4 times (x 144B)
Class org.jetbrains.kotlin.protobuf.FieldSet$1                                        : loaded 4 times (x 71B)
Class kotlin.text.StringsKt__StringsKt                                                : loaded 4 times (x 71B)
Class kotlin.NotImplementedError                                                      : loaded 4 times (x 82B)
Class org.jetbrains.kotlin.utils.CollectionsKt                                        : loaded 4 times (x 71B)
Class org.jetbrains.kotlin.metadata.ProtoBuf$VersionRequirement$Level$1               : loaded 4 times (x 74B)
Class org.jetbrains.kotlin.metadata.ProtoBuf$PropertyOrBuilder                        : loaded 4 times (x 70B)
Class org.jetbrains.kotlin.metadata.ProtoBuf$Constructor$1                            : loaded 4 times (x 144B)
Class org.jetbrains.kotlin.build.report.metrics.GradleBuildTime                       : loaded 4 times (x 88B)
Class kotlin.jvm.internal.markers.KMappedMarker                                       : loaded 4 times (x 70B)
Class org.jetbrains.kotlin.protobuf.MessageLite$Builder                               : loaded 4 times (x 70B)
Class org.jetbrains.kotlin.mpp.DeclarationSymbolMarker                                : loaded 4 times (x 70B)
Class org.jetbrains.kotlin.metadata.ProtoBuf$1                                        : loaded 4 times (x 71B)
Class [Lorg.jetbrains.org.objectweb.asm.Attribute;                                    : loaded 4 times (x 69B)
Class org.jetbrains.kotlin.load.kotlin.header.ReadKotlinClassHeaderAnnotationVisitor$CollectStringArrayAnnotationVisitor: loaded 4 times (x 85B)
Class kotlin.sequences.ConstrainedOnceSequence                                        : loaded 4 times (x 75B)
Class org.jetbrains.kotlin.protobuf.CodedInputStream                                  : loaded 4 times (x 72B)
Class org.jetbrains.kotlin.protobuf.RopeByteString$RopeInputStream                    : loaded 4 times (x 92B)
Class org.jetbrains.org.objectweb.asm.Context                                         : loaded 4 times (x 72B)
Class org.jetbrains.kotlin.descriptors.Visibility                                     : loaded 4 times (x 79B)
Class kotlin.text.StringsKt__StringNumberConversionsJVMKt                             : loaded 4 times (x 71B)
Class kotlin.sequences.Sequence                                                       : loaded 4 times (x 70B)
Class kotlin.Pair                                                                     : loaded 4 times (x 72B)
Class [Lkotlin.Function;                                                              : loaded 4 times (x 69B)
Class org.jetbrains.kotlin.protobuf.ExtensionRegistryLite                             : loaded 4 times (x 74B)
Class kotlin.io.CloseableKt                                                           : loaded 4 times (x 71B)
Class [Lkotlin.jvm.functions.Function1;                                               : loaded 4 times (x 69B)
Class org.jetbrains.kotlin.metadata.jvm.JvmProtoBuf$JvmFieldSignature                 : loaded 4 times (x 108B)
Class org.jetbrains.kotlin.metadata.ProtoBuf$Modality                                 : loaded 4 times (x 82B)
Class org.jetbrains.org.objectweb.asm.RecordComponentVisitor                          : loaded 4 times (x 77B)
Class org.jetbrains.kotlin.load.kotlin.FileBasedKotlinClass$OuterAndInnerName         : loaded 4 times (x 72B)
Class org.jetbrains.kotlin.metadata.ProtoBuf$Effect                                   : loaded 4 times (x 113B)
Class [Lorg.jetbrains.kotlin.metadata.ProtoBuf$Expression$ConstantValue;              : loaded 4 times (x 69B)
Class kotlin.NoWhenBranchMatchedException                                             : loaded 4 times (x 82B)
Class kotlin.collections.CollectionsKt__MutableCollectionsKt                          : loaded 4 times (x 71B)
Class org.jetbrains.kotlin.metadata.deserialization.ProtoBufUtilKt                    : loaded 4 times (x 71B)
Class kotlin.Lazy                                                                     : loaded 4 times (x 70B)
Class kotlin.io.FilesKt__FilePathComponentsKt                                         : loaded 4 times (x 71B)
Class kotlin.reflect.KCallable                                                        : loaded 4 times (x 70B)
Class org.jetbrains.kotlin.protobuf.AbstractMessageLite$Builder                       : loaded 4 times (x 122B)
Class kotlin.jvm.internal.CallableReference$NoReceiver                                : loaded 4 times (x 71B)
Class kotlin.text.StringsKt__StringBuilderKt                                          : loaded 4 times (x 71B)
Class org.jetbrains.kotlin.metadata.ProtoBuf$EnumEntryOrBuilder                       : loaded 4 times (x 70B)
Class org.jetbrains.org.objectweb.asm.TypeReference                                   : loaded 4 times (x 80B)
Class org.jetbrains.kotlin.protobuf.Internal$EnumLiteMap                              : loaded 4 times (x 70B)
Class org.jetbrains.kotlin.metadata.jvm.JvmProtoBuf$JvmPropertySignature$1            : loaded 4 times (x 144B)
Class org.jetbrains.kotlin.protobuf.GeneratedMessageLite                              : loaded 4 times (x 101B)
Class [Lorg.jetbrains.kotlin.metadata.ProtoBuf$Visibility;                            : loaded 4 times (x 69B)
Class org.jetbrains.org.objectweb.asm.MethodWriter                                    : loaded 4 times (x 106B)
Class org.jetbrains.kotlin.descriptors.ValidateableDescriptor                         : loaded 4 times (x 70B)
Class org.jetbrains.kotlin.cli.common.messages.MessageCollector$Companion             : loaded 4 times (x 71B)
Class org.jetbrains.kotlin.metadata.jvm.JvmProtoBuf$JvmPropertySignatureOrBuilder     : loaded 4 times (x 70B)
Class org.jetbrains.kotlin.metadata.ProtoBuf$ContractOrBuilder                        : loaded 4 times (x 70B)
Class org.jetbrains.kotlin.descriptors.Visibilities$Unknown                           : loaded 4 times (x 79B)
Class kotlin.collections.ArraysKt__ArraysJVMKt                                        : loaded 4 times (x 71B)
Class org.jetbrains.kotlin.cli.common.messages.MessageCollector$Companion$NONE$1      : loaded 4 times (x 76B)
Class [Lorg.jetbrains.kotlin.metadata.ProtoBuf$Type$Argument$Projection;              : loaded 4 times (x 69B)
Class org.jetbrains.kotlin.protobuf.Parser                                            : loaded 4 times (x 70B)
Class org.jetbrains.kotlin.config.KotlinCompilerVersion                               : loaded 4 times (x 71B)
Class [Lorg.jetbrains.kotlin.build.report.metrics.BuildTime;                          : loaded 4 times (x 69B)
Class org.jetbrains.kotlin.metadata.jvm.deserialization.JvmMemberSignature$Method     : loaded 4 times (x 75B)
Class org.jetbrains.kotlin.metadata.ProtoBuf$ExpressionOrBuilder                      : loaded 4 times (x 70B)
Class [Lorg.jetbrains.kotlin.metadata.ProtoBuf$VersionRequirement$Level;              : loaded 4 times (x 69B)
Class org.jetbrains.kotlin.protobuf.WireFormat$JavaType                               : loaded 4 times (x 79B)
Class kotlin.jvm.internal.CollectionToArray                                           : loaded 4 times (x 71B)
Class kotlin.io.FilesKt__FileTreeWalkKt                                               : loaded 4 times (x 71B)
Class kotlin.sequences.FilteringSequence$iterator$1                                   : loaded 4 times (x 79B)
Class kotlin.sequences.SequencesKt__SequenceBuilderKt                                 : loaded 4 times (x 71B)
Class kotlin.collections.CollectionsKt__ReversedViewsKt                               : loaded 4 times (x 71B)
Class org.jetbrains.kotlin.descriptors.Visibilities$PrivateToThis                     : loaded 4 times (x 79B)
Class org.jetbrains.kotlin.protobuf.SmallSortedMap$1                                  : loaded 4 times (x 130B)
Class kotlin.collections.MapsKt__MapsJVMKt                                            : loaded 4 times (x 71B)
Class kotlin.collections.EmptyList                                                    : loaded 4 times (x 174B)
Class org.jetbrains.kotlin.metadata.ProtoBuf$Effect$EffectType$1                      : loaded 4 times (x 74B)
Class kotlin.collections.SetsKt__SetsKt                                               : loaded 4 times (x 71B)
Class kotlin.LazyKt                                                                   : loaded 4 times (x 71B)
Class org.jetbrains.kotlin.metadata.ProtoBuf$EffectOrBuilder                          : loaded 4 times (x 70B)
Class [Lkotlin.reflect.KCallable;                                                     : loaded 4 times (x 69B)
Class org.jetbrains.kotlin.protobuf.BoundedByteString                                 : loaded 4 times (x 112B)
Class org.jetbrains.kotlin.metadata.ProtoBuf$Expression$1                             : loaded 4 times (x 144B)
Class org.jetbrains.kotlin.metadata.jvm.deserialization.JvmNameResolverKt             : loaded 4 times (x 71B)
Class org.jetbrains.kotlin.descriptors.Visibilities$InvisibleFake                     : loaded 4 times (x 79B)
Class org.jetbrains.kotlin.protobuf.CodedOutputStream$ByteBufferOutputStream          : loaded 4 times (x 86B)
Class org.jetbrains.kotlin.protobuf.UninitializedMessageException                     : loaded 4 times (x 84B)
Class org.jetbrains.kotlin.metadata.ProtoBuf$TypeParameter$Variance                   : loaded 4 times (x 82B)
Class org.jetbrains.kotlin.metadata.ProtoBuf$Annotation$Argument$Value$1              : loaded 4 times (x 144B)
Class org.jetbrains.kotlin.name.ClassId                                               : loaded 4 times (x 72B)
Class kotlin.collections.ArraysKt                                                     : loaded 4 times (x 71B)
Class org.jetbrains.kotlin.descriptors.SourceElement$1                                : loaded 4 times (x 74B)
Class org.jetbrains.kotlin.descriptors.annotations.Annotated                          : loaded 4 times (x 70B)
Class org.jetbrains.kotlin.metadata.ProtoBuf$VersionRequirement$VersionKind           : loaded 4 times (x 82B)
Class [Lorg.jetbrains.kotlin.metadata.ProtoBuf$Effect$InvocationKind;                 : loaded 4 times (x 69B)
Class org.jetbrains.kotlin.metadata.jvm.JvmProtoBuf$StringTableTypes$Record$Operation$1: loaded 4 times (x 74B)
Class kotlin.collections.IndexingIterable                                             : loaded 4 times (x 79B)
Class org.jetbrains.kotlin.descriptors.Named                                          : loaded 4 times (x 70B)
Class org.jetbrains.org.objectweb.asm.FieldVisitor                                    : loaded 4 times (x 77B)
Class org.jetbrains.kotlin.metadata.ProtoBuf$Visibility$1                             : loaded 4 times (x 74B)
Class kotlin.ranges.RangesKt___RangesKt                                               : loaded 4 times (x 71B)
Class org.jetbrains.kotlin.metadata.ProtoBuf$VersionRequirement                       : loaded 4 times (x 116B)
Class org.jetbrains.kotlin.protobuf.GeneratedMessageLite$ExtensionDescriptor          : loaded 4 times (x 84B)
Class org.jetbrains.kotlin.protobuf.InvalidProtocolBufferException                    : loaded 4 times (x 84B)
Class kotlin.KotlinNullPointerException                                               : loaded 4 times (x 83B)
Class org.jetbrains.kotlin.cli.common.CompilerSystemProperties$Companion              : loaded 4 times (x 71B)
Class org.jetbrains.kotlin.metadata.ProtoBuf$Modality$1                               : loaded 4 times (x 74B)
Class org.jetbrains.kotlin.resolve.scopes.receivers.Receiver                          : loaded 4 times (x 70B)
Class org.jetbrains.kotlin.metadata.deserialization.NameResolver                      : loaded 4 times (x 70B)
Class kotlin.collections.CollectionsKt__IterablesKt                                   : loaded 4 times (x 71B)
Class kotlin.collections.MapsKt                                                       : loaded 4 times (x 71B)
Class org.jetbrains.kotlin.metadata.ProtoBuf$Type$Argument                            : loaded 4 times (x 110B)
Class kotlin.collections.ArraysKt__ArraysKt                                           : loaded 4 times (x 71B)
Class org.jetbrains.kotlin.protobuf.ByteString$ByteIterator                           : loaded 4 times (x 70B)
Class org.jetbrains.kotlin.load.kotlin.FileBasedKotlinClass$InnerClassesInfo          : loaded 4 times (x 74B)
Class kotlin.collections.SetsKt__SetsJVMKt                                            : loaded 4 times (x 71B)
Class org.gradle.kotlin.dsl.ImplementationConfigurationAccessorsKt                    : loaded 4 times (x 71B)
Class kotlin.Function                                                                 : loaded 4 times (x 70B)
Class org.jetbrains.kotlin.metadata.deserialization.Flags$FlagField                   : loaded 4 times (x 73B)
Class kotlin.jvm.internal.Intrinsics                                                  : loaded 4 times (x 71B)
Class kotlin.reflect.KAnnotatedElement                                                : loaded 4 times (x 70B)
Class org.jetbrains.kotlin.metadata.jvm.JvmProtoBuf$StringTableTypes$Record$Operation : loaded 4 times (x 82B)
Class kotlin.internal.ProgressionUtilKt                                               : loaded 4 times (x 71B)
Class org.jetbrains.kotlin.protobuf.WireFormat                                        : loaded 4 times (x 71B)
Class org.jetbrains.kotlin.metadata.ProtoBuf$TypeAliasOrBuilder                       : loaded 4 times (x 70B)
Class [Lorg.jetbrains.kotlin.metadata.ProtoBuf$Class$Kind;                            : loaded 4 times (x 69B)
Class [Lorg.jetbrains.kotlin.metadata.ProtoBuf$Modality;                              : loaded 4 times (x 69B)
Class org.jetbrains.org.objectweb.asm.Attribute                                       : loaded 4 times (x 77B)
Class org.jetbrains.org.objectweb.asm.Label                                           : loaded 4 times (x 73B)
Class org.jetbrains.kotlin.metadata.jvm.deserialization.BitEncoding                   : loaded 4 times (x 71B)
Class org.jetbrains.kotlin.metadata.jvm.deserialization.JvmNameResolverBase$WhenMappings: loaded 4 times (x 71B)
Class kotlin.collections.IndexingIterator                                             : loaded 4 times (x 79B)
Class org.jetbrains.kotlin.protobuf.LazyFieldLite                                     : loaded 4 times (x 82B)
Class org.jetbrains.kotlin.descriptors.Visibilities$Local                             : loaded 4 times (x 79B)
Class kotlin.enums.EnumEntriesKt                                                      : loaded 4 times (x 71B)
Class kotlin.collections.CollectionsKt__MutableCollectionsJVMKt                       : loaded 4 times (x 71B)
Class kotlin.text.StringsKt___StringsKt                                               : loaded 4 times (x 71B)
Class org.jetbrains.kotlin.metadata.ProtoBuf$VersionRequirementTable$1                : loaded 4 times (x 144B)
Class org.jetbrains.kotlin.metadata.ProtoBuf$Contract                                 : loaded 4 times (x 107B)
Class org.jetbrains.kotlin.protobuf.LiteralByteString                                 : loaded 4 times (x 112B)
Class org.jetbrains.kotlin.build.report.metrics.BuildMetricsReporter                  : loaded 4 times (x 70B)
Class org.jetbrains.org.objectweb.asm.MethodVisitor                                   : loaded 4 times (x 105B)
Class [Lkotlin.reflect.KAnnotatedElement;                                             : loaded 4 times (x 69B)
Class kotlin.collections.MapsKt__MapWithDefaultKt                                     : loaded 4 times (x 71B)
Class kotlin.text.StringsKt__AppendableKt                                             : loaded 4 times (x 71B)
Class org.jetbrains.kotlin.metadata.jvm.JvmProtoBuf$JvmPropertySignature$Builder      : loaded 4 times (x 141B)
Class org.jetbrains.kotlin.load.kotlin.KotlinJvmBinaryClass                           : loaded 4 times (x 70B)
Class org.jetbrains.kotlin.metadata.ProtoBuf$Type$Argument$Projection$1               : loaded 4 times (x 74B)
Class org.jetbrains.kotlin.protobuf.SmallSortedMap$EmptySet$1                         : loaded 4 times (x 78B)
Class kotlin.collections.ArraysKt___ArraysKt                                          : loaded 4 times (x 71B)
Class kotlin.collections.MapsKt___MapsKt                                              : loaded 4 times (x 71B)
Class kotlin.io.FilesKt                                                               : loaded 4 times (x 71B)
Class org.jetbrains.kotlin.metadata.ProtoBuf$EnumEntry$1                              : loaded 4 times (x 144B)
Class org.jetbrains.kotlin.metadata.ProtoBuf$Type$Argument$Projection                 : loaded 4 times (x 82B)
Class org.jetbrains.kotlin.protobuf.AbstractMessageLite$Builder$LimitedInputStream    : loaded 4 times (x 92B)
Class org.jetbrains.kotlin.cli.common.messages.MessageCollector                       : loaded 4 times (x 70B)
Class org.jetbrains.kotlin.metadata.ProtoBuf$EnumEntry                                : loaded 4 times (x 121B)
Class kotlin.reflect.KDeclarationContainer                                            : loaded 4 times (x 70B)
Class kotlin.text.StringsKt___StringsJvmKt                                            : loaded 4 times (x 71B)
Class org.jetbrains.kotlin.descriptors.Visibilities$Protected                         : loaded 4 times (x 79B)
Class org.jetbrains.kotlin.metadata.deserialization.BinaryVersion                     : loaded 4 times (x 74B)
Class org.jetbrains.kotlin.metadata.jvm.JvmProtoBuf$JvmPropertySignature              : loaded 4 times (x 114B)
Class org.jetbrains.kotlin.metadata.ProtoBuf$ValueParameterOrBuilder                  : loaded 4 times (x 70B)
Class org.jetbrains.kotlin.protobuf.SmallSortedMap$EmptySet$2                         : loaded 4 times (x 78B)
Class org.jetbrains.kotlin.metadata.ProtoBuf$PackageOrBuilder                         : loaded 4 times (x 70B)
Class kotlin.text.StringsKt__StringsJVMKt                                             : loaded 4 times (x 71B)
Class org.jetbrains.kotlin.metadata.ProtoBuf$Annotation$Builder                       : loaded 4 times (x 136B)
Class org.jetbrains.kotlin.load.kotlin.KotlinJvmBinaryClass$AnnotationArrayArgumentVisitor: loaded 4 times (x 70B)
Class org.jetbrains.kotlin.metadata.ProtoBuf$Effect$InvocationKind$1                  : loaded 4 times (x 74B)
Class kotlin.collections.CollectionsKt___CollectionsKt                                : loaded 4 times (x 71B)
Class kotlin.collections.EmptySet                                                     : loaded 4 times (x 122B)
Class org.jetbrains.kotlin.protobuf.RopeByteString                                    : loaded 4 times (x 110B)
Class org.jetbrains.kotlin.descriptors.DeclarationDescriptor                          : loaded 4 times (x 70B)
Class kotlin.collections.SetsKt                                                       : loaded 4 times (x 71B)
Class org.jetbrains.kotlin.metadata.jvm.deserialization.JvmNameResolverBase           : loaded 4 times (x 80B)
Class kotlin.text.StringsKt__IndentKt                                                 : loaded 4 times (x 71B)
Class kotlin.sequences.SequencesKt__SequencesKt$asSequence$$inlined$Sequence$1        : loaded 4 times (x 75B)
Class kotlin.collections.MapsKt___MapsJvmKt                                           : loaded 4 times (x 71B)
Class kotlin.jvm.functions.Function3                                                  : loaded 4 times (x 70B)
Class org.jetbrains.kotlin.load.kotlin.FileBasedKotlinClass$1                         : loaded 4 times (x 88B)
Class org.jetbrains.kotlin.metadata.deserialization.TypeTable                         : loaded 4 times (x 72B)
Class org.jetbrains.kotlin.protobuf.Internal$EnumLite                                 : loaded 4 times (x 70B)
Class kotlin.reflect.KFunction                                                        : loaded 4 times (x 70B)
Class org.jetbrains.kotlin.load.kotlin.FileBasedKotlinClass$2                         : loaded 4 times (x 88B)
Class org.jetbrains.kotlin.serialization.deserialization.ProtoEnumFlags               : loaded 4 times (x 71B)
Class org.jetbrains.kotlin.metadata.ProtoBuf$Type$ArgumentOrBuilder                   : loaded 4 times (x 70B)
Class org.jetbrains.kotlin.protobuf.GeneratedMessageLite$1                            : loaded 4 times (x 71B)
Class org.jetbrains.kotlin.metadata.ProtoBuf$FunctionOrBuilder                        : loaded 4 times (x 70B)
Class org.jetbrains.kotlin.protobuf.GeneratedMessageLite$ExtendableMessageOrBuilder   : loaded 4 times (x 70B)
Class kotlin.jvm.functions.Function2                                                  : loaded 4 times (x 70B)
Class org.jetbrains.kotlin.protobuf.GeneratedMessageLite$GeneratedExtension           : loaded 4 times (x 79B)
Class [Lorg.jetbrains.kotlin.load.kotlin.header.KotlinClassHeader$Kind;               : loaded 4 times (x 69B)
Class [Lorg.jetbrains.kotlin.metadata.jvm.JvmProtoBuf$StringTableTypes$Record$Operation;: loaded 4 times (x 69B)
Class kotlin.collections.MapsKt__MapsKt                                               : loaded 4 times (x 71B)
Class org.jetbrains.kotlin.load.kotlin.FileBasedKotlinClass$3                         : loaded 4 times (x 78B)
Class org.jetbrains.kotlin.metadata.ProtoBuf$Property$1                               : loaded 4 times (x 144B)
Class org.jetbrains.kotlin.metadata.ProtoBuf$Type                                     : loaded 4 times (x 145B)
Class kotlin.jvm.functions.Function1                                                  : loaded 4 times (x 70B)
Class org.jetbrains.kotlin.metadata.ProtoBuf$Annotation                               : loaded 4 times (x 109B)
Class org.jetbrains.kotlin.protobuf.CodedOutputStream                                 : loaded 4 times (x 72B)
Class org.jetbrains.kotlin.metadata.ProtoBuf$Class                                    : loaded 4 times (x 186B)
Class [Lorg.jetbrains.kotlin.metadata.ProtoBuf$VersionRequirement$VersionKind;        : loaded 4 times (x 69B)
Class Build_gradle$2$1                                                                : loaded 4 times (x 78B)
Class org.jetbrains.kotlin.load.kotlin.FileBasedKotlinClass$4                         : loaded 4 times (x 88B)
Class kotlin.UninitializedPropertyAccessException                                     : loaded 4 times (x 82B)
Class kotlin.jvm.functions.Function0                                                  : loaded 4 times (x 70B)
Class kotlin.collections.ArraysUtilJVM                                                : loaded 4 times (x 71B)
Class org.jetbrains.kotlin.metadata.ProtoBuf$Class$Kind                               : loaded 4 times (x 82B)
Class org.jetbrains.kotlin.metadata.jvm.JvmProtoBuf$JvmMethodSignatureOrBuilder       : loaded 4 times (x 70B)
Class kotlin.ranges.RangesKt                                                          : loaded 4 times (x 71B)
Class org.jetbrains.kotlin.protobuf.GeneratedMessageLite$Builder                      : loaded 4 times (x 128B)
Class org.jetbrains.kotlin.metadata.ProtoBuf$Annotation$Argument                      : loaded 4 times (x 108B)
Class org.jetbrains.kotlin.protobuf.WireFormat$FieldType$1                            : loaded 4 times (x 83B)
Class org.jetbrains.kotlin.protobuf.ByteString                                        : loaded 4 times (x 108B)
Class kotlin.sequences.SequencesKt___SequencesJvmKt                                   : loaded 4 times (x 71B)
Class kotlin.TuplesKt                                                                 : loaded 4 times (x 71B)
Class org.jetbrains.kotlin.metadata.ProtoBuf$Type$Argument$1                          : loaded 4 times (x 144B)
Class kotlin.Unit                                                                     : loaded 4 times (x 71B)
Class org.jetbrains.kotlin.metadata.deserialization.Flags$EnumLiteFlagField           : loaded 4 times (x 76B)
Class org.jetbrains.kotlin.protobuf.MessageLite                                       : loaded 4 times (x 70B)
Class org.jetbrains.kotlin.protobuf.SmallSortedMap$EmptySet                           : loaded 4 times (x 71B)
Class org.jetbrains.kotlin.load.kotlin.header.KotlinClassHeader$Kind$Companion        : loaded 4 times (x 71B)
Class org.jetbrains.kotlin.metadata.ProtoBuf$TypeParameter                            : loaded 4 times (x 130B)
Class kotlin.jvm.internal.FunctionReferenceImpl                                       : loaded 4 times (x 122B)
Class kotlin.collections.CollectionsKt___CollectionsJvmKt                             : loaded 4 times (x 71B)
Class org.jetbrains.kotlin.protobuf.SmallSortedMap                                    : loaded 4 times (x 130B)
Class org.jetbrains.kotlin.descriptors.DeclarationDescriptorWithVisibility            : loaded 4 times (x 70B)
Class org.jetbrains.org.objectweb.asm.ClassReader                                     : loaded 4 times (x 93B)
Class org.jetbrains.kotlin.metadata.ProtoBuf$ValueParameter$1                         : loaded 4 times (x 144B)
Class [Lorg.jetbrains.kotlin.protobuf.WireFormat$FieldType;                           : loaded 4 times (x 69B)
Class org.jetbrains.kotlin.protobuf.WireFormat$FieldType$2                            : loaded 4 times (x 83B)
Class org.jetbrains.org.objectweb.asm.AnnotationVisitor                               : loaded 4 times (x 78B)
Class org.jetbrains.kotlin.metadata.ProtoBuf$ConstructorOrBuilder                     : loaded 4 times (x 70B)
Class org.jetbrains.kotlin.metadata.jvm.JvmProtoBuf                                   : loaded 4 times (x 71B)
Class org.jetbrains.kotlin.metadata.ProtoBuf$Visibility                               : loaded 4 times (x 82B)
Class org.jetbrains.kotlin.protobuf.WireFormat$FieldType$3                            : loaded 4 times (x 83B)
Class org.jetbrains.kotlin.metadata.ProtoBuf$Effect$1                                 : loaded 4 times (x 144B)
Class org.jetbrains.kotlin.metadata.jvm.deserialization.JvmMemberSignature$Field      : loaded 4 times (x 75B)
Class [Lorg.jetbrains.kotlin.build.report.metrics.GradleBuildTime;                    : loaded 4 times (x 69B)
Class org.jetbrains.kotlin.descriptors.Visibilities$Internal                          : loaded 4 times (x 79B)
Class org.jetbrains.kotlin.metadata.ProtoBuf$VersionRequirement$Level                 : loaded 4 times (x 82B)
Class org.jetbrains.kotlin.metadata.ProtoBuf$VersionRequirementOrBuilder              : loaded 4 times (x 70B)
Class org.jetbrains.kotlin.load.kotlin.FileBasedKotlinClass$3$1                       : loaded 4 times (x 78B)
Class org.jetbrains.kotlin.protobuf.ByteString$Output                                 : loaded 4 times (x 86B)
Class kotlin.comparisons.ComparisonsKt___ComparisonsKt                                : loaded 4 times (x 71B)
Class kotlin.comparisons.ComparisonsKt                                                : loaded 4 times (x 71B)
Class kotlin.sequences.FilteringSequence                                              : loaded 4 times (x 75B)
Class org.jetbrains.kotlin.metadata.ProtoBuf$Annotation$Argument$ValueOrBuilder       : loaded 4 times (x 70B)
Class org.jetbrains.kotlin.metadata.ProtoBuf$TypeAlias$1                              : loaded 4 times (x 144B)
Class org.jetbrains.kotlin.metadata.jvm.JvmProtoBuf$JvmMethodSignature$1              : loaded 4 times (x 144B)
Class [Lorg.jetbrains.kotlin.metadata.ProtoBuf$Annotation$Argument$Value$Type;        : loaded 4 times (x 69B)
Class kotlin.comparisons.ComparisonsKt__ComparisonsKt                                 : loaded 4 times (x 71B)
Class kotlin.sequences.SequencesKt__SequencesKt                                       : loaded 4 times (x 71B)
Class kotlin.collections.SetsKt___SetsKt                                              : loaded 4 times (x 71B)
Class kotlin.ranges.RangesKt__RangesKt                                                : loaded 4 times (x 71B)
Class org.jetbrains.kotlin.metadata.ProtoBuf$Contract$1                               : loaded 4 times (x 144B)
Class org.jetbrains.kotlin.metadata.ProtoBuf$Type$1                                   : loaded 4 times (x 144B)
Class org.jetbrains.kotlin.metadata.ProtoBuf$ClassOrBuilder                           : loaded 4 times (x 70B)
Class org.jetbrains.kotlin.metadata.ProtoBuf$ValueParameter                           : loaded 4 times (x 133B)
Class org.jetbrains.kotlin.metadata.jvm.JvmProtoBuf$StringTableTypesOrBuilder         : loaded 4 times (x 70B)
Class kotlin.UNINITIALIZED_VALUE                                                      : loaded 4 times (x 71B)
Class org.jetbrains.kotlin.protobuf.WireFormat$FieldType$4                            : loaded 4 times (x 83B)
Class org.jetbrains.kotlin.metadata.deserialization.BinaryVersion$Companion           : loaded 4 times (x 71B)
Class org.jetbrains.kotlin.name.FqNameUnsafe                                          : loaded 4 times (x 72B)
Class org.jetbrains.kotlin.metadata.ProtoBuf$Expression                               : loaded 4 times (x 120B)
Class kotlin.io.FilesKt__UtilsKt                                                      : loaded 4 times (x 71B)
Class kotlin.collections.CollectionsKt__CollectionsJVMKt                              : loaded 4 times (x 71B)
Class kotlin.collections.IndexedValue                                                 : loaded 4 times (x 72B)
Class kotlin.text.StringsKt__StringBuilderJVMKt                                       : loaded 4 times (x 71B)
Class kotlin.LazyKt__LazyKt                                                           : loaded 4 times (x 71B)
Class kotlin.collections.ArrayAsCollection                                            : loaded 4 times (x 105B)
Class org.jetbrains.kotlin.metadata.ProtoBuf$TypeParameter$1                          : loaded 4 times (x 144B)
Class org.jetbrains.kotlin.load.kotlin.KotlinJvmBinaryClass$AnnotationVisitor         : loaded 4 times (x 70B)
Class org.jetbrains.kotlin.metadata.ProtoBuf$Expression$ConstantValue$1               : loaded 4 times (x 74B)
Class org.jetbrains.kotlin.metadata.jvm.deserialization.JvmProtoBufUtil               : loaded 4 times (x 71B)
Class [Lorg.jetbrains.kotlin.protobuf.WireFormat$JavaType;                            : loaded 4 times (x 69B)
Class kotlin.collections.AbstractCollection                                           : loaded 4 times (x 117B)
Class kotlin.collections.AbstractList                                                 : loaded 4 times (x 197B)
Class org.jetbrains.kotlin.metadata.deserialization.Flags$BooleanFlagField            : loaded 4 times (x 76B)
Class kotlin.sequences.SequencesKt__SequencesJVMKt                                    : loaded 4 times (x 71B)
Class org.jetbrains.kotlin.protobuf.LazyField                                         : loaded 4 times (x 83B)
Class org.jetbrains.kotlin.metadata.ProtoBuf$VersionRequirementTable                  : loaded 4 times (x 107B)
Class org.jetbrains.kotlin.load.kotlin.header.ReadKotlinClassHeaderAnnotationVisitor  : loaded 4 times (x 80B)
Class org.jetbrains.kotlin.metadata.ProtoBuf$Effect$InvocationKind                    : loaded 4 times (x 82B)
Class org.jetbrains.kotlin.metadata.ProtoBuf$Annotation$Argument$1                    : loaded 4 times (x 144B)
Class [Lorg.jetbrains.kotlin.metadata.ProtoBuf$Effect$EffectType;                     : loaded 4 times (x 69B)
Class org.jetbrains.kotlin.metadata.ProtoBuf$Function$1                               : loaded 4 times (x 144B)
Class kotlin.sequences.SequencesKt                                                    : loaded 4 times (x 71B)
Class kotlin.text.StringsKt__RegexExtensionsKt                                        : loaded 4 times (x 71B)
Class kotlin.SynchronizedLazyImpl                                                     : loaded 4 times (x 76B)
Class kotlin.collections.EmptyIterator                                                : loaded 4 times (x 89B)
Class org.jetbrains.kotlin.metadata.ProtoBuf$Function                                 : loaded 4 times (x 161B)
Class kotlin.collections.CollectionsKt__IteratorsKt                                   : loaded 4 times (x 71B)
Class kotlin.jvm.KotlinReflectionNotSupportedError                                    : loaded 4 times (x 82B)
Class org.jetbrains.kotlin.build.report.metrics.GradleBuildTime$Companion             : loaded 4 times (x 71B)
Class org.jetbrains.kotlin.metadata.ProtoBuf$Effect$EffectType                        : loaded 4 times (x 82B)
Class kotlin.text.StringsKt                                                           : loaded 4 times (x 71B)
Class org.jetbrains.kotlin.metadata.ProtoBuf$TypeTable$1                              : loaded 4 times (x 144B)
Class org.jetbrains.kotlin.metadata.deserialization.Flags                             : loaded 4 times (x 71B)
Class org.jetbrains.kotlin.descriptors.Visibilities$Private                           : loaded 4 times (x 79B)
Class kotlin.LazyKt__LazyJVMKt                                                        : loaded 4 times (x 71B)
Class org.jetbrains.kotlin.name.Name                                                  : loaded 4 times (x 75B)
Class kotlin.collections.AbstractList$Companion                                       : loaded 4 times (x 71B)
Class kotlin.sequences.SequencesKt___SequencesKt                                      : loaded 4 times (x 71B)
Class org.jetbrains.kotlin.load.kotlin.header.KotlinClassHeader                       : loaded 4 times (x 72B)
Class org.jetbrains.kotlin.metadata.ProtoBuf$VersionRequirement$VersionKind$1         : loaded 4 times (x 74B)
Class org.jetbrains.kotlin.metadata.ProtoBuf$Annotation$1                             : loaded 4 times (x 144B)
Class org.jetbrains.kotlin.protobuf.AbstractParser                                    : loaded 4 times (x 144B)
Class kotlin.jvm.internal.DefaultConstructorMarker                                    : loaded 4 times (x 71B)
Class org.jetbrains.kotlin.metadata.ProtoBuf$VersionRequirementTableOrBuilder         : loaded 4 times (x 70B)
Class org.jetbrains.kotlin.metadata.jvm.JvmProtoBuf$JvmFieldSignatureOrBuilder        : loaded 4 times (x 70B)
Class org.jetbrains.kotlin.resolve.scopes.receivers.ReceiverValue                     : loaded 4 times (x 70B)
Class org.jetbrains.kotlin.metadata.jvm.JvmProtoBuf$JvmMethodSignature$Builder        : loaded 4 times (x 134B)
Class org.jetbrains.kotlin.cli.common.CompilerSystemProperties$value$1                : loaded 4 times (x 125B)
Class kotlin.io.FilesKt__FileReadWriteKt                                              : loaded 4 times (x 71B)
Class org.jetbrains.kotlin.metadata.ProtoBuf$Constructor                              : loaded 4 times (x 130B)
Class [Lorg.jetbrains.kotlin.metadata.ProtoBuf$TypeParameter$Variance;                : loaded 4 times (x 69B)
Class org.jetbrains.kotlin.load.kotlin.KotlinJvmBinaryClass$AnnotationArgumentVisitor : loaded 4 times (x 70B)
Class org.jetbrains.kotlin.load.kotlin.header.KotlinClassHeader$Kind                  : loaded 4 times (x 79B)
Class org.jetbrains.kotlin.metadata.ProtoBuf$TypeAlias                                : loaded 4 times (x 140B)
Class org.jetbrains.kotlin.metadata.jvm.deserialization.JvmMemberSignature            : loaded 4 times (x 74B)
Class kotlin.text.StringsKt__StringNumberConversionsKt                                : loaded 4 times (x 71B)
Class org.jetbrains.kotlin.protobuf.WireFormat$FieldType                              : loaded 4 times (x 83B)
Class org.jetbrains.kotlin.metadata.ProtoBuf$AnnotationOrBuilder                      : loaded 4 times (x 70B)
Class org.jetbrains.kotlin.load.kotlin.FileBasedKotlinClass                           : loaded 4 times (x 88B)
Class org.jetbrains.kotlin.metadata.ProtoBuf$Expression$ConstantValue                 : loaded 4 times (x 82B)
Class org.gradle.kotlin.dsl.TestImplementationConfigurationAccessorsKt                : loaded 4 times (x 71B)
Class org.jetbrains.org.objectweb.asm.ClassVisitor                                    : loaded 4 times (x 88B)
Class [Lorg.jetbrains.kotlin.protobuf.Internal$EnumLite;                              : loaded 4 times (x 69B)
Class [Lorg.jetbrains.kotlin.cli.common.CompilerSystemProperties;                     : loaded 4 times (x 69B)
Class org.jetbrains.kotlin.name.ClassId$Companion                                     : loaded 4 times (x 71B)
Class org.jetbrains.kotlin.protobuf.MessageLiteOrBuilder                              : loaded 4 times (x 70B)
Class org.jetbrains.kotlin.metadata.ProtoBuf$TypeTable                                : loaded 4 times (x 109B)
Class org.jetbrains.kotlin.metadata.jvm.JvmProtoBuf$JvmMethodSignature                : loaded 4 times (x 108B)
Class org.jetbrains.kotlin.metadata.jvm.JvmProtoBuf$JvmFieldSignature$1               : loaded 4 times (x 144B)
Class org.jetbrains.kotlin.load.kotlin.header.ReadKotlinClassHeaderAnnotationVisitor$KotlinMetadataArgumentVisitor$1: loaded 4 times (x 85B)
Class org.jetbrains.org.objectweb.asm.TypePath                                        : loaded 4 times (x 72B)
Class org.jetbrains.kotlin.load.kotlin.header.ReadKotlinClassHeaderAnnotationVisitor$KotlinMetadataArgumentVisitor: loaded 4 times (x 86B)
Class org.jetbrains.kotlin.metadata.jvm.deserialization.UtfEncodingKt                 : loaded 4 times (x 71B)
Class org.jetbrains.kotlin.descriptors.Visibilities$Public                            : loaded 4 times (x 79B)
Class org.jetbrains.kotlin.build.report.metrics.DoNothingBuildMetricsReporter         : loaded 4 times (x 87B)
Class org.jetbrains.kotlin.protobuf.ExtensionRegistryLite$ObjectIntPair               : loaded 4 times (x 72B)
Class kotlin.enums.EnumEntries                                                        : loaded 4 times (x 70B)
Class org.jetbrains.kotlin.metadata.jvm.deserialization.JvmNameResolver               : loaded 4 times (x 80B)
Class org.jetbrains.kotlin.name.FqName                                                : loaded 4 times (x 72B)
Class org.jetbrains.kotlin.metadata.ProtoBuf$Property                                 : loaded 4 times (x 172B)
Class org.jetbrains.kotlin.metadata.ProtoBuf$TypeParameterOrBuilder                   : loaded 4 times (x 70B)
Class org.jetbrains.kotlin.metadata.ProtoBuf$Class$1                                  : loaded 4 times (x 144B)
Class org.jetbrains.org.objectweb.asm.Type                                            : loaded 4 times (x 72B)
Class kotlin.jvm.internal.CallableReference                                           : loaded 4 times (x 106B)
Class org.jetbrains.kotlin.metadata.ProtoBuf$VersionRequirement$1                     : loaded 4 times (x 144B)
Class org.jetbrains.kotlin.build.report.metrics.BuildTime                             : loaded 4 times (x 70B)
Class org.jetbrains.kotlin.metadata.jvm.JvmProtoBuf$StringTableTypes$Record$1         : loaded 4 times (x 144B)
Class org.jetbrains.kotlin.load.kotlin.header.ReadKotlinClassHeaderAnnotationVisitor$KotlinMetadataArgumentVisitor$2: loaded 4 times (x 85B)
Class org.jetbrains.kotlin.cli.common.CompilerSystemProperties                        : loaded 4 times (x 80B)
Class com.google.common.collect.ImmutableMapEntry                                     : loaded 3 times (x 85B)
Class org.jetbrains.org.objectweb.asm.tree.AnnotationNode                             : loaded 3 times (x 80B)
Class com.google.common.io.ByteSource$ConcatenatedByteSource                          : loaded 3 times (x 85B)
Class [Lcom.google.common.collect.HashBiMap$BiEntry;                                  : loaded 3 times (x 69B)
Class com.google.common.math.IntMath                                                  : loaded 3 times (x 71B)
Class com.google.common.base.Equivalence                                              : loaded 3 times (x 82B)
Class com.google.common.collect.ImmutableMapEntry$NonTerminalImmutableMapEntry        : loaded 3 times (x 85B)
Class com.google.common.base.Function                                                 : loaded 3 times (x 70B)
Class org.jetbrains.kotlin.descriptors.CallableMemberDescriptor$Kind                  : loaded 3 times (x 79B)
Class com.google.common.collect.RegularImmutableSortedSet                             : loaded 3 times (x 300B)
Class com.google.common.collect.IndexedImmutableSet$1                                 : loaded 3 times (x 213B)
Class com.google.common.collect.RegularImmutableList                                  : loaded 3 times (x 213B)
Class com.google.common.collect.AbstractMapBasedMultimap$KeySet                       : loaded 3 times (x 137B)
Class org.jetbrains.org.objectweb.asm.tree.ParameterNode                              : loaded 3 times (x 73B)
Class com.google.common.base.CommonPattern                                            : loaded 3 times (x 74B)
Class com.google.common.base.CharMatcher$IsNot                                        : loaded 3 times (x 111B)
Class org.jetbrains.kotlin.com.intellij.openapi.diagnostic.LogLevel                   : loaded 3 times (x 79B)
Class org.jetbrains.kotlin.cli.common.CompilerSystemProperties$value$2                : loaded 3 times (x 125B)
Class jdk.internal.jimage.ImageBufferCache                                            : loaded 3 times (x 71B)
Class jdk.internal.jrtfs.JrtPath                                                      : loaded 3 times (x 118B)
Class com.google.common.collect.ImmutableSortedSet                                    : loaded 3 times (x 300B)
Class org.gradle.kotlin.dsl.Accessors7y9hz5zm5pocrb21isjhik2uhKt                      : loaded 3 times (x 71B)
Class jdk.internal.jrtfs.JrtFileAttributes                                            : loaded 3 times (x 83B)
Class org.jetbrains.kotlin.com.intellij.openapi.diagnostic.DefaultLogger              : loaded 3 times (x 100B)
Class com.google.common.collect.Maps$EntryTransformer                                 : loaded 3 times (x 70B)
Class org.jetbrains.kotlin.com.intellij.openapi.diagnostic.Logger$Factory             : loaded 3 times (x 70B)
Class kotlin.io.FileSystemException                                                   : loaded 3 times (x 82B)
Class com.google.common.io.CharSource                                                 : loaded 3 times (x 85B)
Class com.google.common.collect.Maps                                                  : loaded 3 times (x 71B)
Class org.jetbrains.org.objectweb.asm.ModuleVisitor                                   : loaded 3 times (x 81B)
Class jdk.internal.jimage.ImageReader$SharedImageReader$LocationVisitor               : loaded 3 times (x 70B)
Class com.google.common.collect.MapMaker                                              : loaded 3 times (x 72B)
Class org.gradle.kotlin.dsl.Accessors3b22zubz91h1vnit99qiq17ljKt                      : loaded 3 times (x 71B)
Class jdk.internal.jimage.ImageReader$Resource                                        : loaded 3 times (x 84B)
Class [Lcom.google.common.collect.ImmutableEntry;                                     : loaded 3 times (x 69B)
Class jdk.internal.jimage.decompressor.Decompressor                                   : loaded 3 times (x 72B)
Class com.google.common.base.CharMatcher$None                                         : loaded 3 times (x 112B)
Class org.jetbrains.kotlin.descriptors.DelegatedDescriptorVisibility                  : loaded 3 times (x 79B)
Class org.jetbrains.kotlin.serialization.deserialization.ProtoEnumFlagsUtilsKt$WhenMappings: loaded 3 times (x 71B)
Class org.jetbrains.kotlin.com.intellij.openapi.diagnostic.Logger$DefaultFactory      : loaded 3 times (x 74B)
Class com.google.common.collect.ImmutableAsList                                       : loaded 3 times (x 209B)
Class com.google.common.collect.MapMakerInternalMap$Strength                          : loaded 3 times (x 80B)
Class com.google.common.collect.Iterators$9                                           : loaded 3 times (x 81B)
Class com.google.common.collect.AbstractMapBasedMultimap                              : loaded 3 times (x 139B)
Class com.google.common.base.FunctionalEquivalence                                    : loaded 3 times (x 83B)
Class org.jetbrains.org.objectweb.asm.Symbol                                          : loaded 3 times (x 73B)
Class org.jetbrains.org.objectweb.asm.AnnotationWriter                                : loaded 3 times (x 79B)
Class com.google.common.collect.Lists                                                 : loaded 3 times (x 71B)
Class com.google.common.collect.ImmutableSet$CachingAsList                            : loaded 3 times (x 148B)
Class com.google.common.base.Converter                                                : loaded 3 times (x 90B)
Class com.google.common.base.Platform                                                 : loaded 3 times (x 71B)
Class com.google.common.base.Platform$JdkPatternCompiler                              : loaded 3 times (x 75B)
Class jdk.internal.jimage.ImageReader$Directory                                       : loaded 3 times (x 84B)
Class com.google.common.collect.AbstractMapBasedMultimap$WrappedList                  : loaded 3 times (x 205B)
Class com.google.common.collect.Maps$8                                                : loaded 3 times (x 82B)
Class [Lcom.google.common.collect.Iterators$EmptyModifiableIterator;                  : loaded 3 times (x 69B)
Class com.google.common.collect.ImmutableRangeSet$Builder                             : loaded 3 times (x 77B)
Class com.google.common.collect.Sets$SetView                                          : loaded 3 times (x 138B)
Class jdk.internal.jimage.BasicImageReader$1                                          : loaded 3 times (x 77B)
Class com.google.common.collect.ImmutableCollection                                   : loaded 3 times (x 125B)
Class com.google.common.base.CharMatcher$AnyOf                                        : loaded 3 times (x 112B)
Class org.jetbrains.kotlin.descriptors.DescriptorVisibilities$10                      : loaded 3 times (x 76B)
Class org.jetbrains.org.objectweb.asm.tree.LineNumberNode                             : loaded 3 times (x 79B)
Class org.jetbrains.kotlin.com.google.common.base.Function                            : loaded 3 times (x 70B)
Class jdk.internal.jimage.ImageReader$Node                                            : loaded 3 times (x 84B)
Class com.google.common.base.CharMatcher$ForPredicate                                 : loaded 3 times (x 112B)
Class org.objectweb.asm.Type                                                          : loaded 3 times (x 72B)
Class com.google.common.graph.SuccessorsFunction                                      : loaded 3 times (x 70B)
Class org.jetbrains.kotlin.descriptors.DescriptorVisibilities$11                      : loaded 3 times (x 76B)
Class org.jetbrains.org.objectweb.asm.tree.FieldInsnNode                              : loaded 3 times (x 79B)
Class com.google.common.io.Files$FileByteSink                                         : loaded 3 times (x 77B)
Class com.google.common.math.IntMath$1                                                : loaded 3 times (x 71B)
Class org.jetbrains.kotlin.descriptors.DescriptorVisibilities$12                      : loaded 3 times (x 76B)
Class com.google.common.base.AbstractIterator                                         : loaded 3 times (x 80B)
Class org.objectweb.asm.ClassVisitor                                                  : loaded 3 times (x 88B)
Class com.google.common.collect.UnmodifiableListIterator                              : loaded 3 times (x 95B)
Class org.jetbrains.org.objectweb.asm.Handler                                         : loaded 3 times (x 72B)
Class com.google.common.base.Splitter$SplittingIterator                               : loaded 3 times (x 84B)
Class com.google.common.collect.ImmutableSet$JdkBackedSetBuilderImpl                  : loaded 3 times (x 76B)
Class com.google.common.collect.RegularImmutableMap$Values                            : loaded 3 times (x 207B)
Class com.google.common.collect.Iterators$5                                           : loaded 3 times (x 82B)
Class org.jetbrains.kotlin.config.ApiVersion$Companion                                : loaded 3 times (x 71B)
Class com.google.common.io.Closer                                                     : loaded 3 times (x 78B)
Class com.google.common.collect.ImmutableSet                                          : loaded 3 times (x 145B)
Class com.google.common.base.CharMatcher$BitSetMatcher                                : loaded 3 times (x 112B)
Class com.google.common.io.ByteSource$EmptyByteSource                                 : loaded 3 times (x 85B)
Class org.jetbrains.org.objectweb.asm.tree.AbstractInsnNode                           : loaded 3 times (x 78B)
Class [Lcom.google.common.collect.ImmutableMapEntry;                                  : loaded 3 times (x 69B)
Class com.google.common.collect.ImmutableBiMap                                        : loaded 3 times (x 143B)
Class com.google.common.collect.SortedIterable                                        : loaded 3 times (x 70B)
Class com.google.common.io.LineProcessor                                              : loaded 3 times (x 70B)
Class com.google.common.io.Closer$Suppressor                                          : loaded 3 times (x 70B)
Class com.google.common.collect.Iterators$4                                           : loaded 3 times (x 82B)
Class com.google.common.collect.AbstractListMultimap                                  : loaded 3 times (x 172B)
Class jdk.internal.jimage.ImageReader$SharedImageReader                               : loaded 3 times (x 95B)
Class [Lorg.jetbrains.kotlin.cli.common.messages.CompilerMessageSeverity;             : loaded 3 times (x 69B)
Class org.jetbrains.org.objectweb.asm.tree.LocalVariableNode                          : loaded 3 times (x 73B)
Class com.google.common.base.CharMatcher$Or                                           : loaded 3 times (x 112B)
Class com.google.common.base.Supplier                                                 : loaded 3 times (x 70B)
Class [Lorg.objectweb.asm.Label;                                                      : loaded 3 times (x 69B)
Class org.objectweb.asm.Attribute                                                     : loaded 3 times (x 77B)
Class org.jetbrains.kotlin.cli.common.ModuleVisibilityHelperImpl                      : loaded 3 times (x 74B)
Class com.google.common.io.CharSource$AsByteSource                                    : loaded 3 times (x 85B)
Class jdk.internal.jimage.ImageReader                                                 : loaded 3 times (x 75B)
Class com.google.common.collect.SingletonImmutableSet                                 : loaded 3 times (x 146B)
Class org.jetbrains.org.objectweb.asm.tree.FrameNode                                  : loaded 3 times (x 79B)
Class Settings_gradle                                                                 : loaded 3 times (x 128B)
Class com.google.common.collect.ImmutableMap$IteratorBasedImmutableMap                : loaded 3 times (x 126B)
Class com.google.common.base.Strings                                                  : loaded 3 times (x 71B)
Class com.google.common.collect.HashBiMap                                             : loaded 3 times (x 143B)
Class org.jetbrains.org.objectweb.asm.ClassWriter                                     : loaded 3 times (x 106B)
Class com.google.common.collect.MapMakerInternalMap                                   : loaded 3 times (x 161B)
Class com.google.common.collect.Sets                                                  : loaded 3 times (x 71B)
Class org.jetbrains.kotlin.cli.common.messages.GradleStyleMessageRenderer             : loaded 3 times (x 78B)
Class com.google.common.collect.Iterators$1                                           : loaded 3 times (x 81B)
Class com.google.common.base.CharMatcher$FastMatcher                                  : loaded 3 times (x 111B)
Class jdk.internal.jimage.ImageStringsReader                                          : loaded 3 times (x 80B)
Class org.jetbrains.kotlin.cli.common.arguments.Freezable                             : loaded 3 times (x 72B)
Class org.jetbrains.kotlin.com.intellij.openapi.diagnostic.Logger                     : loaded 3 times (x 99B)
Class org.jetbrains.org.objectweb.asm.tree.TypeInsnNode                               : loaded 3 times (x 78B)
Class com.google.common.collect.ImmutableMap                                          : loaded 3 times (x 120B)
Class com.google.common.base.Predicate                                                : loaded 3 times (x 70B)
Class com.google.common.collect.MapMakerInternalMap$WeakValueReference                : loaded 3 times (x 70B)
Class com.google.gson.internal.JsonReaderInternalAccess                               : loaded 3 times (x 72B)
Class com.google.common.io.CharSource$CharSequenceCharSource                          : loaded 3 times (x 86B)
Class com.google.common.base.JdkPattern                                               : loaded 3 times (x 75B)
Class com.google.common.collect.AbstractRangeSet                                      : loaded 3 times (x 114B)
Class com.google.common.io.Files$FileByteSource                                       : loaded 3 times (x 85B)
Class com.google.common.collect.ImmutableMap$MapViewOfValuesAsSingletonSets           : loaded 3 times (x 126B)
Class com.google.common.collect.ImmutableList$ReverseImmutableList                    : loaded 3 times (x 209B)
Class com.google.common.collect.RegularImmutableMap                                   : loaded 3 times (x 121B)
Class com.google.common.base.CharMatcher$NegatedFastMatcher                           : loaded 3 times (x 113B)
Class org.jetbrains.org.objectweb.asm.tree.LookupSwitchInsnNode                       : loaded 3 times (x 78B)
Class [Lorg.jetbrains.org.objectweb.asm.AnnotationWriter;                             : loaded 3 times (x 69B)
Class org.jetbrains.kotlin.descriptors.DescriptorVisibilities                         : loaded 3 times (x 71B)
Class com.google.common.collect.ArrayListMultimap                                     : loaded 3 times (x 172B)
Class [Lcom.google.common.collect.AbstractMapEntry;                                   : loaded 3 times (x 69B)
Class org.jetbrains.kotlin.name.FqNameUnsafe$Companion                                : loaded 3 times (x 71B)
Class com.google.common.io.ByteSink                                                   : loaded 3 times (x 76B)
Class com.google.common.collect.SingletonImmutableList                                : loaded 3 times (x 207B)
Class com.google.common.collect.ImmutableEntry                                        : loaded 3 times (x 82B)
Class org.jetbrains.org.objectweb.asm.tree.IincInsnNode                               : loaded 3 times (x 78B)
Class org.jetbrains.org.objectweb.asm.tree.MultiANewArrayInsnNode                     : loaded 3 times (x 79B)
Class org.jetbrains.org.objectweb.asm.ByteVector                                      : loaded 3 times (x 78B)
Class org.jetbrains.kotlin.cli.common.arguments.K2JVMCompilerArguments                : loaded 3 times (x 76B)
Class com.google.gson.stream.MalformedJsonException                                   : loaded 3 times (x 82B)
Class com.google.common.io.ByteArrayDataOutput                                        : loaded 3 times (x 70B)
Class jdk.internal.jimage.ImageStrings                                                : loaded 3 times (x 70B)
Class com.google.common.collect.ListMultimap                                          : loaded 3 times (x 70B)
Class com.google.common.collect.ImmutableRangeSet                                     : loaded 3 times (x 115B)
Class com.google.common.io.CharSource$EmptyCharSource                                 : loaded 3 times (x 86B)
Class com.google.common.collect.CollectPreconditions                                  : loaded 3 times (x 71B)
Class com.google.common.collect.MapMakerInternalMap$Segment                           : loaded 3 times (x 142B)
Class com.google.common.collect.NullnessCasts                                         : loaded 3 times (x 71B)
Class org.jetbrains.org.objectweb.asm.SymbolTable$Entry                               : loaded 3 times (x 74B)
Class com.google.common.base.ExtraObjectsMethodsForWeb                                : loaded 3 times (x 71B)
Class org.jetbrains.org.objectweb.asm.tree.LocalVariableAnnotationNode                : loaded 3 times (x 82B)
Class com.google.common.collect.Multimap                                              : loaded 3 times (x 70B)
Class com.google.common.primitives.IntsMethodsForWeb                                  : loaded 3 times (x 71B)
Class [Lcom.google.common.collect.MapMakerInternalMap$Strength;                       : loaded 3 times (x 69B)
Class com.google.common.collect.SortedMapDifference                                   : loaded 3 times (x 70B)
Class org.jetbrains.org.objectweb.asm.tree.InvokeDynamicInsnNode                      : loaded 3 times (x 78B)
Class kotlin.io.ByteStreamsKt                                                         : loaded 3 times (x 71B)
Class com.google.common.io.Files                                                      : loaded 3 times (x 71B)
Class com.google.common.collect.ImmutableEnumMap                                      : loaded 3 times (x 126B)
Class [Lorg.jetbrains.kotlin.descriptors.CallableMemberDescriptor$Kind;               : loaded 3 times (x 69B)
Class org.jetbrains.org.objectweb.asm.tree.VarInsnNode                                : loaded 3 times (x 78B)
Class org.jetbrains.org.objectweb.asm.FieldWriter                                     : loaded 3 times (x 78B)
Class org.jetbrains.org.objectweb.asm.tree.Util                                       : loaded 3 times (x 71B)
Class com.google.common.collect.ImmutableEnumSet                                      : loaded 3 times (x 146B)
Class com.google.common.collect.AbstractMapBasedMultimap$WrappedCollection$WrappedIterator: loaded 3 times (x 84B)
Class [Lorg.jetbrains.org.objectweb.asm.Symbol;                                       : loaded 3 times (x 69B)
Class com.google.common.base.NullnessCasts                                            : loaded 3 times (x 71B)
Class org.jetbrains.kotlin.cli.common.arguments.CommonCompilerArguments               : loaded 3 times (x 75B)
Class com.google.common.collect.ImmutableMapKeySet                                    : loaded 3 times (x 152B)
Class com.google.common.collect.ImmutableMap$Builder                                  : loaded 3 times (x 82B)
Class org.jetbrains.kotlin.metadata.deserialization.MetadataVersion$Companion         : loaded 3 times (x 71B)
Class org.jetbrains.kotlin.config.ApiVersion                                          : loaded 3 times (x 86B)
Class com.google.common.collect.ImmutableRangeSet$ComplementRanges                    : loaded 3 times (x 207B)
Class com.google.common.collect.ImmutableList$1                                       : loaded 3 times (x 97B)
Class com.google.gson.stream.JsonReader$1                                             : loaded 3 times (x 72B)
Class jdk.internal.jimage.ImageHeader                                                 : loaded 3 times (x 71B)
Class kotlin.io.FileAlreadyExistsException                                            : loaded 3 times (x 82B)
Class com.google.common.collect.ImmutableSet$RegularSetBuilderImpl                    : loaded 3 times (x 77B)
Class org.jetbrains.org.objectweb.asm.Frame                                           : loaded 3 times (x 73B)
Class com.google.common.collect.Iterators$EmptyModifiableIterator                     : loaded 3 times (x 86B)
Class jdk.internal.jrtfs.JrtFileSystem                                                : loaded 3 times (x 102B)
Class com.google.common.io.ByteStreams$LimitedInputStream                             : loaded 3 times (x 92B)
Class org.objectweb.asm.MethodWriter                                                  : loaded 3 times (x 106B)
Class com.google.common.collect.ImmutableMapEntrySet                                  : loaded 3 times (x 152B)
Class org.jetbrains.org.objectweb.asm.tree.JumpInsnNode                               : loaded 3 times (x 78B)
Class org.jetbrains.kotlin.serialization.deserialization.ProtoEnumFlagsUtilsKt        : loaded 3 times (x 71B)
Class com.google.common.math.MathPreconditions                                        : loaded 3 times (x 71B)
Class com.google.common.collect.RegularImmutableMap$BucketOverflowException           : loaded 3 times (x 82B)
Class com.google.common.collect.AbstractMapBasedMultimap$RandomAccessWrappedList      : loaded 3 times (x 205B)
Class org.jetbrains.org.objectweb.asm.tree.TypeAnnotationNode                         : loaded 3 times (x 81B)
Class com.google.common.collect.RegularImmutableBiMap                                 : loaded 3 times (x 149B)
Class com.google.common.base.CharMatcher$Negated                                      : loaded 3 times (x 113B)
Class com.google.common.collect.AbstractIndexedListIterator                           : loaded 3 times (x 96B)
Class com.google.common.collect.ObjectArrays                                          : loaded 3 times (x 71B)
Class com.google.common.collect.Multiset                                              : loaded 3 times (x 70B)
Class com.google.common.base.CharMatcher$Is                                           : loaded 3 times (x 111B)
Class org.jetbrains.kotlin.metadata.jvm.JvmProtoBuf$1                                 : loaded 3 times (x 71B)
Class com.google.common.hash.PrimitiveSink                                            : loaded 3 times (x 70B)
Class com.google.common.base.PatternCompiler                                          : loaded 3 times (x 70B)
Class com.google.common.base.Equivalence$Equals                                       : loaded 3 times (x 82B)
Class com.google.common.collect.AbstractMapBasedMultimap$WrappedCollection            : loaded 3 times (x 124B)
Class com.google.common.collect.ArrayListMultimapGwtSerializationDependencies         : loaded 3 times (x 172B)
Class org.jetbrains.org.objectweb.asm.tree.TryCatchBlockNode                          : loaded 3 times (x 74B)
Class com.google.common.collect.Hashing                                               : loaded 3 times (x 71B)
Class com.google.common.primitives.Ints                                               : loaded 3 times (x 71B)
Class com.google.common.base.Preconditions                                            : loaded 3 times (x 71B)
Class org.jetbrains.org.objectweb.asm.Opcodes                                         : loaded 3 times (x 70B)
Class org.jetbrains.kotlin.com.intellij.openapi.diagnostic.Attachment                 : loaded 3 times (x 72B)
Class [Lorg.jetbrains.org.objectweb.asm.AnnotationVisitor;                            : loaded 3 times (x 69B)
Class com.google.common.collect.AbstractIterator                                      : loaded 3 times (x 82B)
Class org.jetbrains.kotlin.cli.common.arguments.CommonToolArguments                   : loaded 3 times (x 73B)
Class com.google.gson.stream.JsonReader                                               : loaded 3 times (x 97B)
Class com.google.common.collect.BiMap                                                 : loaded 3 times (x 70B)
Class com.google.common.base.Joiner$1                                                 : loaded 3 times (x 80B)
Class com.google.common.collect.ImmutableMap$1                                        : loaded 3 times (x 81B)
Class com.google.common.collect.IndexedImmutableSet                                   : loaded 3 times (x 152B)
Class com.google.common.collect.PeekingIterator                                       : loaded 3 times (x 70B)
Class org.objectweb.asm.Label                                                         : loaded 3 times (x 73B)
Class com.google.common.base.CharMatcher                                              : loaded 3 times (x 111B)
Class com.google.common.collect.AbstractMapBasedMultimap$Itr                          : loaded 3 times (x 83B)
Class com.google.common.collect.Sets$1                                                : loaded 3 times (x 139B)
Class com.google.common.base.Splitter                                                 : loaded 3 times (x 72B)
Class org.jetbrains.kotlin.util.ModuleVisibilityHelper                                : loaded 3 times (x 70B)
Class org.jetbrains.kotlin.descriptors.DescriptorVisibilities$1                       : loaded 3 times (x 79B)
Class com.google.common.base.Objects                                                  : loaded 3 times (x 71B)
Class jdk.internal.jimage.ImageBufferCache$2                                          : loaded 3 times (x 91B)
Class org.jetbrains.org.objectweb.asm.tree.IntInsnNode                                : loaded 3 times (x 78B)
Class org.jetbrains.kotlin.metadata.ProtoBuf$Property$Builder                         : loaded 3 times (x 197B)
Class com.google.common.base.CharMatcher$And                                          : loaded 3 times (x 112B)
Class org.jetbrains.kotlin.descriptors.DescriptorVisibility                           : loaded 3 times (x 78B)
Class com.google.common.base.CharMatcher$IsEither                                     : loaded 3 times (x 111B)
Class [Lcom.google.common.base.AbstractIterator$State;                                : loaded 3 times (x 69B)
Class com.google.common.io.ByteSource$AsCharSource                                    : loaded 3 times (x 86B)
Class com.google.common.collect.ImmutableBiMap$Builder                                : loaded 3 times (x 82B)
Class com.google.common.collect.AbstractMapBasedMultimap$KeySet$1                     : loaded 3 times (x 82B)
Class jdk.internal.jimage.ImageBufferCache$1                                          : loaded 3 times (x 83B)
Class org.jetbrains.org.objectweb.asm.ClassTooLargeException                          : loaded 3 times (x 83B)
Class com.google.common.collect.Table                                                 : loaded 3 times (x 70B)
Class com.google.common.collect.Maps$IteratorBasedAbstractMap                         : loaded 3 times (x 125B)
Class com.google.common.collect.MapMakerInternalMap$InternalEntryHelper               : loaded 3 times (x 70B)
Class com.google.common.base.Joiner$2                                                 : loaded 3 times (x 79B)
Class org.jetbrains.org.objectweb.asm.tree.MethodNode                                 : loaded 3 times (x 110B)
Class org.jetbrains.org.objectweb.asm.tree.MethodInsnNode                             : loaded 3 times (x 79B)
Class org.jetbrains.kotlin.descriptors.Visibilities$Inherited                         : loaded 3 times (x 79B)
Class com.google.common.collect.Lists$StringAsImmutableList                           : loaded 3 times (x 207B)
Class com.google.common.collect.RangeGwtSerializationDependencies                     : loaded 3 times (x 71B)
Class org.objectweb.asm.MethodVisitor                                                 : loaded 3 times (x 105B)
Class com.google.common.base.CharMatcher$1                                            : loaded 3 times (x 113B)
Class com.google.common.io.CharSource$ConcatenatedCharSource                          : loaded 3 times (x 86B)
Class com.google.common.base.CharMatcher$NamedFastMatcher                             : loaded 3 times (x 112B)
Class jdk.internal.jimage.ImageLocation                                               : loaded 3 times (x 90B)
Class jdk.internal.jrtfs.JrtDirectoryStream$1                                         : loaded 3 times (x 83B)
Class org.jetbrains.org.objectweb.asm.tree.InsnList                                   : loaded 3 times (x 103B)
Class org.jetbrains.kotlin.metadata.deserialization.MetadataVersion                   : loaded 3 times (x 74B)
Class org.jetbrains.org.objectweb.asm.RecordComponentWriter                           : loaded 3 times (x 78B)
Class com.google.common.collect.MapMakerInternalMap$Strength$1                        : loaded 3 times (x 80B)
Class com.google.common.collect.RangeSet                                              : loaded 3 times (x 70B)
Class com.google.common.collect.SortedSetMultimap                                     : loaded 3 times (x 70B)
Class com.google.common.collect.Multimaps                                             : loaded 3 times (x 71B)
Class com.google.common.collect.Range                                                 : loaded 3 times (x 87B)
Class com.google.common.collect.Iterators                                             : loaded 3 times (x 71B)
Class kotlin.io.TerminateException                                                    : loaded 3 times (x 82B)
Class com.google.common.collect.RegularImmutableAsList                                : loaded 3 times (x 217B)
Class com.google.common.collect.CollectCollectors                                     : loaded 3 times (x 71B)
Class com.google.common.collect.ImmutableMapEntrySet$RegularEntrySet                  : loaded 3 times (x 152B)
Class [Lcom.google.common.collect.MapMakerInternalMap$Segment;                        : loaded 3 times (x 69B)
Class com.google.common.collect.ImmutableRangeSet$1                                   : loaded 3 times (x 210B)
Class [Lorg.jetbrains.org.objectweb.asm.tree.AbstractInsnNode;                        : loaded 3 times (x 69B)
Class com.google.common.collect.Maps$BiMapConverter                                   : loaded 3 times (x 90B)
Class com.google.common.collect.SetMultimap                                           : loaded 3 times (x 70B)
Class org.jetbrains.kotlin.cli.common.PropertiesKt                                    : loaded 3 times (x 71B)
Class org.jetbrains.kotlin.cli.common.messages.MessageRenderer                        : loaded 3 times (x 70B)
Class com.google.common.collect.ImmutableList$Builder                                 : loaded 3 times (x 77B)
Class com.google.common.collect.ImmutableSet$Builder                                  : loaded 3 times (x 85B)
Class com.google.common.collect.AbstractMultimap                                      : loaded 3 times (x 123B)
Class com.google.common.collect.Sets$ImprovedAbstractSet                              : loaded 3 times (x 135B)
Class com.google.common.io.ByteSource$ByteArrayByteSource                             : loaded 3 times (x 85B)
Class com.google.common.io.CharSource$StringCharSource                                : loaded 3 times (x 86B)
Class com.google.common.base.CharMatcher$InRange                                      : loaded 3 times (x 111B)
Class jdk.internal.jimage.BasicImageReader                                            : loaded 3 times (x 95B)
Class com.google.common.collect.AbstractMapEntry                                      : loaded 3 times (x 81B)
Class com.google.common.collect.Iterators$SingletonIterator                           : loaded 3 times (x 81B)
Class org.jetbrains.org.objectweb.asm.tree.InsnNode                                   : loaded 3 times (x 78B)
Class com.google.common.io.ByteStreams$1                                              : loaded 3 times (x 85B)
Class com.google.common.collect.Sets$2                                                : loaded 3 times (x 139B)
Class org.jetbrains.org.objectweb.asm.MethodTooLargeException                         : loaded 3 times (x 83B)
Class com.google.common.collect.SingletonImmutableBiMap                               : loaded 3 times (x 143B)
Class org.jetbrains.kotlin.descriptors.DescriptorVisibilities$2                       : loaded 3 times (x 79B)
Class com.google.common.collect.HashBiMap$BiEntry                                     : loaded 3 times (x 83B)
Class jdk.internal.jrtfs.JrtFileSystemProvider                                        : loaded 3 times (x 101B)
Class org.jetbrains.org.objectweb.asm.CurrentFrame                                    : loaded 3 times (x 73B)
Class org.jetbrains.org.objectweb.asm.tree.LabelNode                                  : loaded 3 times (x 80B)
Class [Lorg.jetbrains.kotlin.com.intellij.openapi.diagnostic.LogLevel;                : loaded 3 times (x 69B)
Class com.google.common.base.Splitter$5                                               : loaded 3 times (x 80B)
Class com.google.common.collect.UnmodifiableIterator                                  : loaded 3 times (x 80B)
Class com.google.common.io.ByteSource$SlicedByteSource                                : loaded 3 times (x 85B)
Class com.google.common.collect.Maps$KeySet                                           : loaded 3 times (x 137B)
Class org.objectweb.asm.ClassReader                                                   : loaded 3 times (x 94B)
Class [Lorg.objectweb.asm.Attribute;                                                  : loaded 3 times (x 69B)
Class [Lorg.objectweb.asm.Type;                                                       : loaded 3 times (x 69B)
Class com.google.common.collect.ImmutableSet$EmptySetBuilderImpl                      : loaded 3 times (x 76B)
Class com.google.common.collect.Platform                                              : loaded 3 times (x 71B)
Class org.jetbrains.kotlin.descriptors.DescriptorVisibilities$9                       : loaded 3 times (x 79B)
Class org.jetbrains.kotlin.protobuf.GeneratedMessageLite$ExtendableBuilder            : loaded 3 times (x 138B)
Class com.google.common.collect.ImmutableList                                         : loaded 3 times (x 206B)
Class org.jetbrains.org.objectweb.asm.tree.LdcInsnNode                                : loaded 3 times (x 78B)
Class com.google.common.base.MoreObjects                                              : loaded 3 times (x 71B)
Class com.google.common.base.Joiner                                                   : loaded 3 times (x 79B)
Class org.jetbrains.kotlin.cli.common.messages.CompilerMessageSeverity$Companion      : loaded 3 times (x 71B)
Class jdk.internal.jrtfs.SystemImage$2                                                : loaded 3 times (x 76B)
Class jdk.internal.jrtfs.SystemImage                                                  : loaded 3 times (x 74B)
Class org.jetbrains.kotlin.com.google.common.base.Preconditions                       : loaded 3 times (x 71B)
Class [Lorg.jetbrains.org.objectweb.asm.SymbolTable$Entry;                            : loaded 3 times (x 69B)
Class jdk.internal.jrtfs.JrtDirectoryStream                                           : loaded 3 times (x 89B)
Class org.jetbrains.kotlin.descriptors.DescriptorVisibilities$8                       : loaded 3 times (x 79B)
Class com.google.common.collect.ImmutableCollection$Builder                           : loaded 3 times (x 76B)
Class org.jetbrains.kotlin.name.FqName$Companion                                      : loaded 3 times (x 71B)
Class com.google.common.collect.ImmutableSet$SetBuilderImpl                           : loaded 3 times (x 76B)
Class org.jetbrains.org.objectweb.asm.SymbolTable                                     : loaded 3 times (x 72B)
Class org.jetbrains.org.objectweb.asm.tree.UnsupportedClassVersionException           : loaded 3 times (x 82B)
Class com.google.common.collect.ImmutableList$SubList                                 : loaded 3 times (x 209B)
Class com.google.common.collect.MapMakerInternalMap$Strength$2                        : loaded 3 times (x 80B)
Class com.google.common.collect.RegularImmutableMap$KeySet                            : loaded 3 times (x 152B)
Class org.jetbrains.org.objectweb.asm.ModuleWriter                                    : loaded 3 times (x 82B)
Class com.google.common.collect.ImmutableRangeSet$AsSet                               : loaded 3 times (x 300B)
Class com.google.common.collect.Iterators$ArrayItr                                    : loaded 3 times (x 97B)
Class com.google.common.io.ByteSource                                                 : loaded 3 times (x 84B)
Class jdk.internal.jrtfs.SystemImage$1                                                : loaded 3 times (x 78B)
Class org.jetbrains.kotlin.descriptors.DescriptorVisibilities$7                       : loaded 3 times (x 79B)
Class kotlin.io.NoSuchFileException                                                   : loaded 3 times (x 82B)
Class org.jetbrains.kotlin.descriptors.DescriptorVisibilities$6                       : loaded 3 times (x 79B)
Class com.google.common.base.Splitter$1                                               : loaded 3 times (x 77B)
Class com.google.common.collect.MapDifference                                         : loaded 3 times (x 70B)
Class com.google.common.collect.MapMakerInternalMap$1                                 : loaded 3 times (x 83B)
Class com.google.common.collect.Iterators$MergingIterator                             : loaded 3 times (x 81B)
Class org.objectweb.asm.Context                                                       : loaded 3 times (x 72B)
Class com.google.common.base.Equivalence$Identity                                     : loaded 3 times (x 82B)
Class com.google.common.base.PairwiseEquivalence                                      : loaded 3 times (x 83B)
Class com.google.common.io.ByteStreams                                                : loaded 3 times (x 71B)
Class com.google.common.collect.TransformedIterator                                   : loaded 3 times (x 80B)
Class org.jetbrains.kotlin.cli.common.messages.CompilerMessageSeverity                : loaded 3 times (x 79B)
Class org.jetbrains.kotlin.descriptors.DescriptorVisibilities$5                       : loaded 3 times (x 79B)
Class com.google.common.collect.RegularImmutableSet                                   : loaded 3 times (x 149B)
Class com.google.common.collect.Iterables                                             : loaded 3 times (x 71B)
Class com.google.common.base.Splitter$Strategy                                        : loaded 3 times (x 70B)
Class org.jetbrains.org.objectweb.asm.tree.TableSwitchInsnNode                        : loaded 3 times (x 79B)
Class org.jetbrains.kotlin.descriptors.DescriptorVisibilities$4                       : loaded 3 times (x 79B)
Class com.google.common.collect.Sets$4                                                : loaded 3 times (x 139B)
Class [Lorg.jetbrains.kotlin.descriptors.DescriptorVisibility;                        : loaded 3 times (x 69B)
Class kotlin.collections.CollectionsKt__IteratorsJVMKt$iterator$1                     : loaded 3 times (x 79B)
Class com.google.common.collect.MapMakerInternalMap$StrongValueEntry                  : loaded 3 times (x 70B)
Class com.google.common.io.ByteArrayDataInput                                         : loaded 3 times (x 70B)
Class org.jetbrains.kotlin.descriptors.DescriptorVisibilities$3                       : loaded 3 times (x 79B)
Class com.google.common.base.AbstractIterator$State                                   : loaded 3 times (x 79B)
Class com.google.common.collect.MapMakerInternalMap$InternalEntry                     : loaded 3 times (x 70B)
Class com.google.common.collect.Sets$3                                                : loaded 3 times (x 139B)
Class org.jetbrains.kotlin.config.LanguageVersion$Companion                           : loaded 2 times (x 71B)
Class kotlin.collections.CollectionsKt___CollectionsKt$asSequence$$inlined$Sequence$1 : loaded 2 times (x 75B)
Class kotlinx.coroutines.Delay                                                        : loaded 2 times (x 70B)
Class kotlinx.coroutines.ParentJob                                                    : loaded 2 times (x 70B)
Class kotlinx.coroutines.JobNode                                                      : loaded 2 times (x 90B)
Class org.jetbrains.kotlin.load.java.structure.impl.classFiles.BinaryClassSignatureParser: loaded 2 times (x 72B)
Class org.jetbrains.kotlin.gradle.plugin.statistics.BuildFinishMetrics$reportBuildFinished$1: loaded 2 times (x 79B)
Class com.google.common.reflect.Types$ClassOwnership$1                                : loaded 2 times (x 80B)
Class org.jetbrains.kotlin.cli.common.arguments.Argument                              : loaded 2 times (x 70B)
Class org.jetbrains.kotlin.gradle.plugin.CreateCompilerArgumentsContextImpl           : loaded 2 times (x 75B)
Class org.jetbrains.kotlin.gradle.plugin.statistics.ExecutedTaskMetrics               : loaded 2 times (x 71B)
Class org.jetbrains.kotlin.gradle.tasks.KotlinJvmCompile$DefaultImpls                 : loaded 2 times (x 71B)
Class org.jetbrains.kotlin.gradle.tasks.CacheableTasksKt                              : loaded 2 times (x 71B)
Class org.jetbrains.kotlin.gradle.plugin.diagnostics.CheckKotlinGradlePluginConfigurationErrors$Companion: loaded 2 times (x 71B)
Class org.jetbrains.kotlin.konan.target.HostManager$targetValues$2                    : loaded 2 times (x 78B)
Class org.jetbrains.kotlin.gradle.plugin.diagnostics.checkers.UnusedSourceSetsChecker$runChecks$1: loaded 2 times (x 88B)
Class [Lorg.jetbrains.kotlin.konan.target.Family;                                     : loaded 2 times (x 69B)
Class org.jetbrains.kotlin.gradle.targets.js.npm.PeerNpmDependencyExtension           : loaded 2 times (x 70B)
Class org.jetbrains.kotlin.gradle.dsl.AndroidMainSourceSetConventionsChecker          : loaded 2 times (x 74B)
Class org.jetbrains.kotlin.gradle.plugin.diagnostics.checkers.WasmJsEnvironmentChecker$1: loaded 2 times (x 78B)
Class org.jetbrains.kotlin.gradle.targets.native.internal.SetupKotlinNativePlatformDependenciesAndStdlibKt$SetupKotlinNativeStdlibAndPlatformDependenciesImport$1: loaded 2 times (x 95B)
Class org.jetbrains.kotlin.gradle.targets.js.npm.NpmDependencyExtensionKt$AddNpmDependencyExtensionProjectSetupAction$1: loaded 2 times (x 74B)
Class org.jetbrains.kotlin.gradle.plugin.statistics.BuildFinishBuildService$Parameters$Inject: loaded 2 times (x 112B)
Class org.jetbrains.kotlin.gradle.plugin.statistics.FlowActionBuildFusService         : loaded 2 times (x 84B)
Class org.jetbrains.kotlin.build.report.metrics.GradleBuildPerformanceMetric          : loaded 2 times (x 97B)
Class org.jetbrains.kotlin.gradle.internal.properties.PropertiesBuildService$NullableBooleanGradleProperty: loaded 2 times (x 76B)
Class [Lorg.objectweb.asm.AnnotationVisitor;                                          : loaded 2 times (x 69B)
Class com.google.common.cache.LocalCache$LocalLoadingCache                            : loaded 2 times (x 134B)
Class org.gradle.internal.service.UnknownServiceException                             : loaded 2 times (x 83B)
Class org.jetbrains.kotlin.resolve.calls.inference.model.ConstraintStorageKt$WhenMappings: loaded 2 times (x 71B)
Class [Lorg.jetbrains.kotlin.types.model.TypeVariance;                                : loaded 2 times (x 69B)
Class org.jetbrains.kotlin.diagnostics.PositioningStrategies$projectionPosition$1     : loaded 2 times (x 74B)
Class com.google.protobuf.UnsafeUtil$Android64MemoryAccessor                          : loaded 2 times (x 91B)
Class org.jetbrains.kotlin.resolve.calls.inference.InferenceUtilsKt                   : loaded 2 times (x 71B)
Class kotlin.reflect.jvm.internal.KProperty1Impl$$Lambda$1                            : loaded 2 times (x 76B)
Class com.android.tools.analytics.AnalyticsSettingsData                               : loaded 2 times (x 72B)
Class org.jetbrains.kotlin.load.kotlin.VirtualFileKotlinClass                         : loaded 2 times (x 88B)
Class org.codehaus.groovy.classgen.Verifier$SwapInitStatement                         : loaded 2 times (x 112B)
Class groovyjarjarantlr4.v4.runtime.misc.Utils                                        : loaded 2 times (x 71B)
Class kotlin.jvm.functions.Function20                                                 : loaded 2 times (x 70B)
Class groovyjarjarantlr4.v4.runtime.atn.ATNDeserializer$2                             : loaded 2 times (x 75B)
Class org.jetbrains.kotlin.config.JvmDefaultMode                                      : loaded 2 times (x 79B)
Class org.jetbrains.kotlin.load.java.JavaTypeEnhancementState                         : loaded 2 times (x 72B)
Class org.jetbrains.kotlin.resolve.calls.checkers.AbstractClassInstantiationChecker   : loaded 2 times (x 74B)
Class org.jetbrains.kotlin.resolve.checkers.TailrecFunctionChecker                    : loaded 2 times (x 74B)
Class groovy.lang.MetaClassImpl$5                                                     : loaded 2 times (x 78B)
Class org.jetbrains.kotlin.psi.stubs.elements.KtTypeParameterElementType              : loaded 2 times (x 103B)
Class org.jetbrains.kotlin.load.kotlin.KotlinJvmBinarySourceElement                   : loaded 2 times (x 81B)
Class org.jetbrains.kotlin.psi.KtBinaryExpressionWithTypeRHS                          : loaded 2 times (x 502B)
Class org.jetbrains.kotlin.serialization.SerializerExtensionProtocol                  : loaded 2 times (x 72B)
Class org.jetbrains.kotlin.load.java.structure.JavaElement                            : loaded 2 times (x 70B)
Class [Lorg.jetbrains.kotlin.psi.KtDeclarationModifierList;                           : loaded 2 times (x 69B)
Class org.jetbrains.kotlin.metadata.ProtoBuf$StringTableOrBuilder                     : loaded 2 times (x 70B)
Class it.unimi.dsi.fastutil.longs.LongIterable                                        : loaded 2 times (x 70B)
Class org.jetbrains.kotlin.psi.KtInitializerList                                      : loaded 2 times (x 446B)
Class [Lorg.jetbrains.kotlin.psi.KtVariableDeclaration;                               : loaded 2 times (x 69B)
Class [Lorg.jetbrains.kotlin.psi.KtCallableDeclaration;                               : loaded 2 times (x 69B)
Class kotlin.jvm.functions.Function21                                                 : loaded 2 times (x 70B)
Class kotlin.reflect.jvm.internal.impl.name.ClassId                                   : loaded 2 times (x 72B)
Class kotlinx.coroutines.IncompleteStateBox                                           : loaded 2 times (x 72B)
Class org.jetbrains.kotlin.psi.KtIntersectionType                                     : loaded 2 times (x 507B)
Class org.jetbrains.kotlin.psi.KtStringTemplateEntry                                  : loaded 2 times (x 446B)
Class org.jetbrains.kotlin.protobuf.LazyStringList                                    : loaded 2 times (x 70B)
Class build_25dnae519faobx73ae2gkc480                                                 : loaded 2 times (x 180B)
Class com.google.common.reflect.Types$ClassOwnership$2                                : loaded 2 times (x 80B)
Class com.google.common.reflect.TypeResolver                                          : loaded 2 times (x 72B)
Class org.jetbrains.kotlin.daemon.common.NetworkUtilsKt                               : loaded 2 times (x 71B)
Class org.jetbrains.kotlin.compilerRunner.GradleKotlinCompilerWork                    : loaded 2 times (x 75B)
Class org.jetbrains.kotlin.com.google.common.util.concurrent.SettableFuture           : loaded 2 times (x 114B)
Class org.jetbrains.kotlin.com.google.common.cache.LoadingCache                       : loaded 2 times (x 70B)
Class com.google.common.hash.Hasher                                                   : loaded 2 times (x 70B)
Class org.jetbrains.kotlin.gradle.tasks.configuration.BaseKotlinCompileConfig$2$1$1$1 : loaded 2 times (x 74B)
Class org.jetbrains.kotlin.gradle.tasks.KotlinCompile$ScriptFilterSpec                : loaded 2 times (x 75B)
Class org.jetbrains.kotlin.gradle.internal.abi.AbiValidationLegacyDumpExtensionImpl   : loaded 2 times (x 82B)
Class org.jetbrains.kotlin.gradle.plugin.diagnostics.checkers.ComposePluginSuggestApplyChecker$runChecks$1: loaded 2 times (x 88B)
Class org.jetbrains.kotlin.konan.target.KonanTarget$TVOS_ARM64                        : loaded 2 times (x 78B)
Class org.jetbrains.kotlin.gradle.targets.js.npm.DefaultPeerNpmDependencyExtension    : loaded 2 times (x 141B)
Class org.jetbrains.kotlin.gradle.targets.android.internal.InternalKotlinTargetPreset : loaded 2 times (x 70B)
Class org.jetbrains.kotlin.gradle.plugin.KotlinPluginLifecycleKt                      : loaded 2 times (x 71B)
Class org.jetbrains.kotlin.gradle.plugin.diagnostics.checkers.WasmJsEnvironmentChecker$2: loaded 2 times (x 78B)
Class org.jetbrains.kotlin.gradle.plugin.mpp.AbstractKotlinTarget                     : loaded 2 times (x 150B)
Class org.jetbrains.kotlin.gradle.internal.properties.NativePropertiesLoader$kotlinNativeVersion$1: loaded 2 times (x 75B)
Class org.jetbrains.kotlin.gradle.plugin.VariantImplementationFactoriesConfigurator$Inject: loaded 2 times (x 96B)
Class org.jetbrains.kotlin.gradle.dsl.KotlinSingleTargetExtension                     : loaded 2 times (x 124B)
Class org.objectweb.asm.ModuleVisitor                                                 : loaded 2 times (x 81B)
Class com.google.common.cache.LocalCache$Strength$1                                   : loaded 2 times (x 81B)
Class androidx.annotation.experimental.lint.ExperimentalDetector$Companion            : loaded 2 times (x 71B)
Class kotlin.collections.builders.MapBuilderEntries                                   : loaded 2 times (x 145B)
Class com.google.common.collect.AbstractMapBasedMultimap$SortedKeySet                 : loaded 2 times (x 223B)
Class org.jetbrains.kotlin.diagnostics.PositioningStrategies$SPECIAL_CONSTRUCT_TOKEN$1: loaded 2 times (x 74B)
Class org.jetbrains.kotlin.diagnostics.PositioningStrategies$DECLARATION_SIGNATURE_OR_DEFAULT$1: loaded 2 times (x 74B)
Class org.jetbrains.kotlin.diagnostics.PositioningStrategies$SUPERTYPES_LIST$1        : loaded 2 times (x 74B)
Class com.google.protobuf.Utf8$UnpairedSurrogateException                             : loaded 2 times (x 82B)
Class com.google.protobuf.ExtensionRegistry                                           : loaded 2 times (x 87B)
Class org.jetbrains.kotlin.descriptors.annotations.KotlinTarget                       : loaded 2 times (x 80B)
Class kotlin.annotation.AnnotationRetention                                           : loaded 2 times (x 79B)
Class org.codehaus.groovy.classgen.asm.BytecodeHelper$PrimitiveTypeHandler            : loaded 2 times (x 79B)
Class org.codehaus.groovy.classgen.asm.MethodCaller                                   : loaded 2 times (x 75B)
Class [Lorg.jetbrains.kotlin.descriptors.annotations.AnnotationUseSiteTarget;         : loaded 2 times (x 69B)
Class org.apache.groovy.parser.antlr4.GroovyParser$FormalParametersContext            : loaded 2 times (x 159B)
Class groovyjarjarantlr4.v4.runtime.atn.ATNDeserializer$3                             : loaded 2 times (x 71B)
Class org.jetbrains.kotlin.load.java.NullabilityAnnotationStates$Companion            : loaded 2 times (x 71B)
Class org.apache.groovy.parser.antlr4.GroovyParser$VariableDeclaratorContext          : loaded 2 times (x 161B)
Class [Lorg.codehaus.groovy.control.CompilePhase;                                     : loaded 2 times (x 69B)
Class org.jetbrains.kotlin.resolve.calls.checkers.OperatorCallChecker$Companion       : loaded 2 times (x 71B)
Class org.jetbrains.kotlin.resolve.calls.checkers.OperatorCallChecker                 : loaded 2 times (x 74B)
Class org.codehaus.groovy.util.SingleKeyHashMap$Entry                                 : loaded 2 times (x 75B)
Class groovy.lang.MetaClassImpl$6                                                     : loaded 2 times (x 77B)
Class org.codehaus.groovy.runtime.metaclass.MethodMetaProperty$GetMethodMetaProperty  : loaded 2 times (x 78B)
Class org.codehaus.groovy.runtime.RangeInfo                                           : loaded 2 times (x 71B)
Class org.codehaus.groovy.runtime.dgmimpl.arrays.BooleanArrayPutAtMetaMethod          : loaded 2 times (x 97B)
Class org.codehaus.groovy.runtime.dgmimpl.NumberNumberDiv                             : loaded 2 times (x 114B)
Class org.codehaus.groovy.reflection.stdclasses.CharacterCachedClass                  : loaded 2 times (x 95B)
Class org.codehaus.groovy.reflection.stdclasses.NumberCachedClass                     : loaded 2 times (x 95B)
Class [Lcom.android.resources.WideGamutColor;                                         : loaded 2 times (x 69B)
Class [Lcom.android.resources.ResourceType;                                           : loaded 2 times (x 69B)
Class org.jetbrains.kotlin.psi.KtBlockExpression                                      : loaded 2 times (x 548B)
Class org.jetbrains.kotlin.psi.KtContinueExpression                                   : loaded 2 times (x 437B)
Class org.jetbrains.kotlin.psi.KtWhileExpression                                      : loaded 2 times (x 441B)
Class org.jetbrains.kotlin.resolve.jvm.extensions.AnalysisHandlerExtension            : loaded 2 times (x 70B)
Class org.jetbrains.kotlin.metadata.ProtoBuf$QualifiedNameTable$QualifiedNameOrBuilder: loaded 2 times (x 70B)
Class org.jetbrains.kotlin.metadata.jvm.JvmModuleProtoBuf$Module                      : loaded 2 times (x 124B)
Class org.jetbrains.kotlin.serialization.deserialization.ClassDeserializer            : loaded 2 times (x 72B)
Class kotlin.collections.MapWithDefault                                               : loaded 2 times (x 70B)
Class org.jetbrains.kotlin.psi.KtCollectionLiteralExpression                          : loaded 2 times (x 571B)
Class [Lorg.jetbrains.kotlin.psi.KtSuperTypeListEntry;                                : loaded 2 times (x 69B)
Class org.jetbrains.kotlin.psi.KtTypeParameterList                                    : loaded 2 times (x 448B)
Class kotlin.jvm.functions.Function22                                                 : loaded 2 times (x 70B)
Class it.unimi.dsi.fastutil.objects.ObjectSpliterator                                 : loaded 2 times (x 70B)
Class org.jetbrains.kotlin.cli.jvm.compiler.KotlinCliJavaFileManagerImpl              : loaded 2 times (x 93B)
Class kotlinx.coroutines.internal.SystemPropsKt                                       : loaded 2 times (x 71B)
Class kotlin.coroutines.jvm.internal.SuspendLambda                                    : loaded 2 times (x 91B)
Class kotlin.coroutines.jvm.internal.ContinuationImpl                                 : loaded 2 times (x 87B)
Class org.jetbrains.kotlin.name.SpecialNames                                          : loaded 2 times (x 71B)
Class org.jetbrains.kotlin.incremental.classpathDiff.MultifileClassKotlinClassSnapshot: loaded 2 times (x 76B)
Class org.jetbrains.kotlin.incremental.storage.ExternalizersKt                        : loaded 2 times (x 71B)
Class build_bl5v8kkyws3i7vobgeoyk71iv                                                 : loaded 2 times (x 181B)
Class com.google.common.collect.Collections2$FilteredCollection                       : loaded 2 times (x 119B)
Class org.apache.commons.io.output.QueueOutputStream                                  : loaded 2 times (x 87B)
Class com.google.common.reflect.Types$ClassOwnership$3                                : loaded 2 times (x 71B)
Class org.jetbrains.kotlin.cli.common.repl.ReplCodeLine                               : loaded 2 times (x 72B)
Class org.jetbrains.kotlin.compilerRunner.GradleCompilerRunnerWithWorkers$GradleKotlinCompilerWorkParameters: loaded 2 times (x 70B)
Class com.android.ide.common.resources.configuration.SmallestScreenWidthQualifier     : loaded 2 times (x 88B)
Class org.jetbrains.kotlin.com.google.common.cache.LocalCache$Strength$1              : loaded 2 times (x 81B)
Class org.jetbrains.kotlin.gradle.tasks.configuration.BaseKotlinCompileConfig$2$1$1$2 : loaded 2 times (x 74B)
Class org.jetbrains.kotlin.gradle.plugin.mpp.KotlinCompilationsKt$addSourcesToKotlinCompileTask$configureAction$2: loaded 2 times (x 79B)
Class org.jetbrains.kotlin.gradle.plugin.mpp.compilationImpl.KotlinCompilationTaskNamesContainer: loaded 2 times (x 72B)
Class org.jetbrains.kotlin.gradle.plugin.mpp.compilationImpl.factory.KotlinCompilationImplFactory$KotlinCompilerOptionsFactory: loaded 2 times (x 70B)
Class org.jetbrains.kotlin.gradle.internal.properties.PropertiesBuildServiceKt$propertyWithDeprecatedName$1: loaded 2 times (x 75B)
Class org.jetbrains.kotlin.gradle.targets.js.npm.NpmDependencyExtension               : loaded 2 times (x 70B)
Class org.jetbrains.kotlin.gradle.plugin.LanguageSettingsBuilder                      : loaded 2 times (x 70B)
Class org.jetbrains.kotlin.gradle.plugin.diagnostics.checkers.WasmWasiEnvironmentChecker: loaded 2 times (x 76B)
Class org.jetbrains.kotlin.gradle.plugin.diagnostics.checkers.WasmJsEnvironmentChecker$3: loaded 2 times (x 78B)
Class org.jetbrains.kotlin.gradle.targets.ConfigureBuildSideEffectKt                  : loaded 2 times (x 71B)
Class org.jetbrains.kotlin.gradle.plugin.BuildEventsListenerRegistryHolder$Companion  : loaded 2 times (x 71B)
Class org.jetbrains.kotlin.gradle.plugin.statistics.BuildFusService$Companion$registerIfAbsentImpl$generalConfigurationMetricsProvider$1: loaded 2 times (x 75B)
Class [Lorg.jetbrains.kotlin.statistics.metrics.StringMetrics;                        : loaded 2 times (x 69B)
Class org.jetbrains.kotlin.gradle.internal.properties.PropertiesBuildService$Inject   : loaded 2 times (x 96B)
Class com.google.common.util.concurrent.SettableFuture                                : loaded 2 times (x 114B)
Class com.google.common.cache.LocalCache$Strength$2                                   : loaded 2 times (x 81B)
Class jdk.internal.jrtfs.JrtFileStore                                                 : loaded 2 times (x 83B)
Class org.codehaus.groovy.reflection.stdclasses.CachedClosureClass                    : loaded 2 times (x 98B)
Class org.jetbrains.kotlin.diagnostics.PositioningStrategies$VAL_OR_VAR_NODE$1        : loaded 2 times (x 74B)
Class com.google.protobuf.InvalidProtocolBufferException$InvalidWireTypeException     : loaded 2 times (x 88B)
Class com.google.protobuf.Internal$BooleanList                                        : loaded 2 times (x 70B)
Class com.google.protobuf.Internal$FloatList                                          : loaded 2 times (x 70B)
Class com.google.protobuf.MessageLiteOrBuilder                                        : loaded 2 times (x 70B)
Class org.codehaus.groovy.runtime.SocketGroovyMethods                                 : loaded 2 times (x 71B)
Class org.jetbrains.kotlin.load.java.structure.impl.JavaAnnotationOwnerImpl           : loaded 2 times (x 70B)
Class org.jetbrains.kotlin.resolve.calls.inference.components.ConstraintSystemCompletionContext: loaded 2 times (x 1123B)
Class [Lgroovyjarjarasm.asm.Symbol;                                                   : loaded 2 times (x 69B)
Class org.apache.groovy.parser.antlr4.GroovyParser$ElementValuesContext               : loaded 2 times (x 158B)
Class groovyjarjarantlr4.v4.runtime.atn.AbstractPredicateTransition                   : loaded 2 times (x 76B)
Class org.jetbrains.kotlin.load.java.AbstractAnnotationTypeQualifierResolver$Companion: loaded 2 times (x 71B)
Class groovy.grape.GrapeEngine                                                        : loaded 2 times (x 70B)
Class org.codehaus.groovy.transform.ErrorCollecting                                   : loaded 2 times (x 70B)
Class org.jetbrains.kotlin.resolve.checkers.ExplicitApiDeclarationChecker             : loaded 2 times (x 74B)
Class groovy.lang.MetaClassImpl$7                                                     : loaded 2 times (x 77B)
Class [Lorg.jetbrains.kotlin.types.model.TypeArgumentMarker;                          : loaded 2 times (x 69B)
Class org.codehaus.groovy.reflection.GeneratedMetaMethod                              : loaded 2 times (x 96B)
Class org.codehaus.groovy.GroovyBugError                                              : loaded 2 times (x 84B)
Class org.codehaus.groovy.reflection.GroovyClassValue                                 : loaded 2 times (x 70B)
Class [Lcom.android.resources.TouchScreen;                                            : loaded 2 times (x 69B)
Class org.objectweb.asm.Handle                                                        : loaded 2 times (x 72B)
Class org.jetbrains.kotlin.renderer.DescriptorRenderer                                : loaded 2 times (x 83B)
Class org.jetbrains.kotlin.fir.extensions.FirExtensionRegistrarAdapter$Companion      : loaded 2 times (x 72B)
Class org.codehaus.groovy.util.SingleKeyHashMap                                       : loaded 2 times (x 84B)
Class groovy.lang.MetaClassImpl$4                                                     : loaded 2 times (x 77B)
Class it.unimi.dsi.fastutil.ints.IntIterator                                          : loaded 2 times (x 70B)
Class [Lorg.jetbrains.kotlin.psi.KtConstructorCalleeExpression;                       : loaded 2 times (x 69B)
Class [Lorg.jetbrains.kotlin.psi.KtDeclarationWithInitializer;                        : loaded 2 times (x 69B)
Class org.jetbrains.kotlin.psi.stubs.elements.KtValueArgumentListElementType          : loaded 2 times (x 103B)
Class kotlin.reflect.KTypeParameter                                                   : loaded 2 times (x 70B)
Class kotlinx.coroutines.DispatchedTask                                               : loaded 2 times (x 81B)
Class kotlinx.coroutines.scheduling.DefaultIoScheduler                                : loaded 2 times (x 113B)
Class com.android.tools.lint.model.LintModelModuleLibrary                             : loaded 2 times (x 70B)
Class [Lcom.android.tools.lint.model.LintModelNamespacingMode;                        : loaded 2 times (x 69B)
Class com.android.tools.lint.model.LintModelSerialization$TargetFile                  : loaded 2 times (x 79B)
Class org.jetbrains.kotlin.resolve.checkers.AnnotationClassTargetAndRetentionChecker  : loaded 2 times (x 74B)
Class org.jetbrains.kotlin.resolve.calls.checkers.ApiVersionCallChecker               : loaded 2 times (x 74B)
Class org.codehaus.groovy.ast.expr.BooleanExpression                                  : loaded 2 times (x 128B)
Class org.codehaus.groovy.util.AbstractConcurrentMapBase$Segment                      : loaded 2 times (x 83B)
Class org.codehaus.groovy.ast.CompileUnit                                             : loaded 2 times (x 111B)
Class org.apache.groovy.parser.antlr4.GroovyParser$AnnotationContext                  : loaded 2 times (x 162B)
Class build_6wed68ez98fl6tbhkeiazf294                                                 : loaded 2 times (x 181B)
Class org.jetbrains.kotlin.statistics.fileloggers.MetricsContainer$MetricDescriptor   : loaded 2 times (x 75B)
Class [Lcom.google.common.collect.Maps$EntryFunction;                                 : loaded 2 times (x 69B)
Class org.jetbrains.kotlin.compilerRunner.GradleCompilerServicesFacadeImpl            : loaded 2 times (x 78B)
Class [Lorg.jetbrains.kotlin.daemon.common.DaemonReportCategory;                      : loaded 2 times (x 69B)
Class org.jetbrains.kotlin.com.google.common.base.Equivalence$Equals                  : loaded 2 times (x 82B)
Class org.jetbrains.kotlin.com.google.common.cache.LocalCache$Strength$2              : loaded 2 times (x 81B)
Class com.google.common.collect.Interners$InternerImpl                                : loaded 2 times (x 75B)
Class com.google.common.collect.Interner                                              : loaded 2 times (x 70B)
Class com.google.common.collect.ComparisonChain$1                                     : loaded 2 times (x 81B)
Class com.google.common.collect.AllEqualOrdering                                      : loaded 2 times (x 114B)
Class org.jetbrains.kotlin.gradle.tasks.KotlinJavaToolchain$JdkSetter                 : loaded 2 times (x 70B)
Class org.jetbrains.kotlin.gradle.plugin.KotlinPluginLifecycle$ProjectConfigurationResult$Success: loaded 2 times (x 71B)
Class org.jetbrains.kotlin.gradle.internal.abi.AbiValidationExtensionImpl$variants$1  : loaded 2 times (x 75B)
Class org.jetbrains.kotlin.gradle.internal.abi.AbiValidationVariantSpecImpl           : loaded 2 times (x 86B)
Class org.jetbrains.kotlin.gradle.internal.StdlibDependencyManagementKt$configureStdlibVersionAlignment$1: loaded 2 times (x 75B)
Class org.jetbrains.kotlin.gradle.plugin.diagnostics.checkers.OverriddenKotlinNativeHomeChecker$allKonanMainSubdirectoriesExist$1$1: loaded 2 times (x 75B)
Class org.jetbrains.kotlin.gradle.dsl.PlatformSourceSetConventionsChecker$CheckedPlatformInfo: loaded 2 times (x 72B)
Class org.jetbrains.kotlin.gradle.plugin.diagnostics.checkers.WasmJsEnvironmentChecker$4: loaded 2 times (x 78B)
Class org.jetbrains.kotlin.gradle.plugin.mpp.KotlinUsages$KotlinCinteropDisambiguation: loaded 2 times (x 76B)
Class org.jetbrains.kotlin.gradle.plugin.KotlinPluginInMultipleProjectsHolder         : loaded 2 times (x 72B)
Class org.jetbrains.kotlin.gradle.report.BuildReportType$Companion                    : loaded 2 times (x 71B)
Class com.google.common.cache.LocalCache$Strength$3                                   : loaded 2 times (x 81B)
Class jdk.internal.jimage.ImageReader$LinkNode                                        : loaded 2 times (x 84B)
Class org.jetbrains.kotlin.resolve.calls.inference.model.ConstraintStorageKt          : loaded 2 times (x 71B)
Class org.jetbrains.kotlin.resolve.calls.inference.model.NewConstraintError           : loaded 2 times (x 77B)
Class org.jetbrains.kotlin.diagnostics.DiagnosticWithParameters1Marker                : loaded 2 times (x 70B)
Class org.jetbrains.kotlin.diagnostics.PositioningStrategies$FUN_INTERFACE$1          : loaded 2 times (x 74B)
Class org.jetbrains.kotlin.diagnostics.PositioningStrategies$PARAMETER_VARARG_MODIFIER$1: loaded 2 times (x 74B)
Class groovy.transform.stc.IncorrectTypeHintException                                 : loaded 2 times (x 97B)
Class org.codehaus.groovy.classgen.ReturnAdder$ReturnStatementListener                : loaded 2 times (x 70B)
Class com.google.common.collect.MapMakerInternalMap$WeakKeyStrongValueEntry$Helper    : loaded 2 times (x 79B)
Class org.apache.groovy.parser.antlr4.GroovyParser$ResourcesContext                   : loaded 2 times (x 161B)
Class org.apache.groovy.parser.antlr4.AbstractParser                                  : loaded 2 times (x 179B)
Class org.apache.groovy.parser.antlr4.GroovyParser$VariableModifierContext            : loaded 2 times (x 166B)
Class org.codehaus.groovy.ast.expr.GStringExpression                                  : loaded 2 times (x 134B)
Class org.apache.groovy.parser.antlr4.AstBuilder                                      : loaded 2 times (x 649B)
Class org.codehaus.groovy.runtime.wrappers.PojoWrapper                                : loaded 2 times (x 88B)
Class org.jetbrains.kotlin.types.TypeSystemCommonBackendContext                       : loaded 2 times (x 70B)
Class org.codehaus.groovy.control.messages.SyntaxErrorMessage                         : loaded 2 times (x 74B)
Class org.codehaus.groovy.util.AbstractConcurrentMap                                  : loaded 2 times (x 82B)
Class org.codehaus.groovy.runtime.metaclass.MetaMethodIndex$EntryIterator             : loaded 2 times (x 70B)
Class groovy.lang.MetaClassImpl$8                                                     : loaded 2 times (x 77B)
Class org.codehaus.groovy.runtime.metaclass.MissingMethodExecutionFailed              : loaded 2 times (x 92B)
Class org.apache.groovy.util.SystemUtil                                               : loaded 2 times (x 71B)
Class com.android.ide.common.resources.configuration.CountryCodeQualifier             : loaded 2 times (x 88B)
Class [Lorg.jetbrains.kotlin.serialization.deserialization.descriptors.DeserializedContainerAbiStability;: loaded 2 times (x 69B)
Class [Lorg.jetbrains.kotlin.config.LanguageFeature;                                  : loaded 2 times (x 69B)
Class org.jetbrains.kotlin.resolve.jvm.modules.JavaModule$Root                        : loaded 2 times (x 72B)
Class org.jetbrains.kotlin.psi.KtScript                                               : loaded 2 times (x 919B)
Class org.jetbrains.kotlin.psi.stubs.KotlinValueArgumentStub                          : loaded 2 times (x 70B)
Class [Lorg.jetbrains.kotlin.psi.KtModifierList;                                      : loaded 2 times (x 69B)
Class org.jetbrains.kotlin.psi.KtDeclarationModifierList                              : loaded 2 times (x 514B)
Class org.jetbrains.kotlin.psi.KtTypeParameter                                        : loaded 2 times (x 917B)
Class kotlin.reflect.jvm.internal.impl.builtins.functions.FunctionTypeKind            : loaded 2 times (x 72B)
Class org.jetbrains.kotlin.utils.WrappedValues                                        : loaded 2 times (x 71B)
Class kotlin.text.Regex$Companion                                                     : loaded 2 times (x 71B)
Class com.android.utils.Pair                                                          : loaded 2 times (x 72B)
Class org.codehaus.groovy.ast.expr.NamedArgumentListExpression                        : loaded 2 times (x 131B)
Class build_2ar9q3f2sh8rthvp5ajfhi1rs                                                 : loaded 2 times (x 180B)
Class com.google.common.reflect.Invokable                                             : loaded 2 times (x 103B)
Class org.jetbrains.kotlin.daemon.common.CompileIterationResult                       : loaded 2 times (x 72B)
Class org.jetbrains.kotlin.daemon.common.CompilationResults                           : loaded 2 times (x 70B)
Class org.jetbrains.kotlin.com.google.common.cache.LocalCache$Strength$3              : loaded 2 times (x 81B)
Class com.google.common.collect.MapMaker$Dummy                                        : loaded 2 times (x 79B)
Class org.jetbrains.kotlin.gradle.tasks.KotlinCompilerPluginData$InputsOutputsState   : loaded 2 times (x 72B)
Class org.jetbrains.kotlin.gradle.plugin.mpp.compilationImpl.DefaultKotlinCompilationFriendPathsResolver$CompositeFriendArtifactResolver: loaded 2 times (x 75B)
Class org.jetbrains.kotlin.gradle.plugin.sources.FragmentConsistencyChecks$optInAnnotationsCheck$1: loaded 2 times (x 79B)
Class org.jetbrains.kotlin.gradle.plugin.mpp.AbstractKotlinCompilationToRunnableFiles : loaded 2 times (x 196B)
Class org.jetbrains.kotlin.gradle.artifacts.KotlinMetadataArtifactKt$KotlinMetadataArtifact$1: loaded 2 times (x 74B)
Class org.jetbrains.kotlin.gradle.plugin.mpp.KotlinUsages$KotlinMetadataCompatibility : loaded 2 times (x 76B)
Class [Lorg.jetbrains.kotlin.gradle.dsl.JvmTarget;                                    : loaded 2 times (x 69B)
Class org.jetbrains.kotlin.gradle.utils.ConfigurationsKt$maybeCreateResolvable$1      : loaded 2 times (x 78B)
Class org.jetbrains.kotlin.gradle.plugin.StatisticsBuildFlowManager$Companion         : loaded 2 times (x 71B)
Class org.jetbrains.kotlin.statistics.metrics.StringMetrics$Companion                 : loaded 2 times (x 71B)
Class org.jetbrains.kotlin.gradle.internal.properties.PropertiesBuildService$property$1$1: loaded 2 times (x 75B)
Class org.jetbrains.kotlin.tooling.core.Extras$Type                                   : loaded 2 times (x 72B)
Class org.objectweb.asm.FieldWriter                                                   : loaded 2 times (x 78B)
Class com.google.common.cache.CacheBuilder$NullListener                               : loaded 2 times (x 82B)
Class org.gradle.internal.classpath.TransformedClassPath                              : loaded 2 times (x 96B)
Class org.gradle.internal.classloader.InstrumentingClassLoader                        : loaded 2 times (x 70B)
Class org.apache.groovy.parser.antlr4.GroovyParser$ClosureOrLambdaExpressionContext   : loaded 2 times (x 158B)
Class com.google.common.collect.Tables$AbstractCell                                   : loaded 2 times (x 81B)
Class org.jetbrains.kotlin.resolve.calls.inference.model.ExpectedTypeConstraintPosition: loaded 2 times (x 72B)
Class com.google.protobuf.AbstractParser                                              : loaded 2 times (x 150B)
Class [Lkotlin.annotation.AnnotationTarget;                                           : loaded 2 times (x 69B)
Class org.jetbrains.kotlin.load.java.structure.impl.JavaModifierListOwnerImpl         : loaded 2 times (x 70B)
Class org.codehaus.groovy.classgen.asm.ClosureWriter$CorrectAccessedVariableVisitor   : loaded 2 times (x 187B)
Class org.apache.groovy.parser.antlr4.GroovyParser$TypeNamePairContext                : loaded 2 times (x 158B)
Class groovyjarjarantlr4.v4.runtime.misc.ObjectEqualityComparator                     : loaded 2 times (x 77B)
Class org.apache.groovy.parser.antlr4.GroovyParser$ListPrmrAltContext                 : loaded 2 times (x 158B)
Class org.codehaus.groovy.ast.expr.SpreadMapExpression                                : loaded 2 times (x 128B)
Class org.apache.groovy.parser.antlr4.GroovyParser$ReturnTypeContext                  : loaded 2 times (x 158B)
Class org.codehaus.groovy.ast.decompiled.DecompiledClassNode                          : loaded 2 times (x 245B)
Class org.codehaus.groovy.control.CompilationUnit$IPrimaryClassNodeOperation          : loaded 2 times (x 70B)
Class org.codehaus.groovy.ast.expr.CastExpression                                     : loaded 2 times (x 133B)
Class org.jetbrains.kotlin.container.ComponentDescriptor                              : loaded 2 times (x 70B)
Class groovy.lang.MetaClassImpl$9                                                     : loaded 2 times (x 77B)
Class org.codehaus.groovy.ast.FieldNode                                               : loaded 2 times (x 162B)
Class org.codehaus.groovy.vmplugin.VMPluginFactory                                    : loaded 2 times (x 71B)
Class groovy.lang.MetaObjectProtocol                                                  : loaded 2 times (x 70B)
Class groovy.lang.Writable                                                            : loaded 2 times (x 70B)
Class org.apache.groovy.parser.antlr4.GroovyParser$CastExprAltContext                 : loaded 2 times (x 159B)
Class com.android.utils.PositionXmlParser                                             : loaded 2 times (x 71B)
Class groovyjarjarantlr4.v4.runtime.atn.ATNDeserializer$1                             : loaded 2 times (x 75B)
Class org.jetbrains.kotlin.psi.KtFunctionNotStubbed                                   : loaded 2 times (x 1195B)
Class groovyjarjarantlr4.v4.runtime.misc.IntegerStack                                 : loaded 2 times (x 72B)
Class org.jetbrains.kotlin.types.TypeMappingContext                                   : loaded 2 times (x 70B)
Class org.jetbrains.kotlin.serialization.deserialization.AbstractAnnotationLoader     : loaded 2 times (x 94B)
Class org.jetbrains.kotlin.builtins.StandardNames                                     : loaded 2 times (x 71B)
Class org.jetbrains.kotlin.backend.jvm.extensions.ClassGeneratorExtension$Companion   : loaded 2 times (x 72B)
Class org.jetbrains.kotlin.storage.StorageManager                                     : loaded 2 times (x 70B)
Class it.unimi.dsi.fastutil.longs.LongSet                                             : loaded 2 times (x 70B)
Class [Lorg.jetbrains.kotlin.psi.KtTypeParameterListOwnerStub;                        : loaded 2 times (x 69B)
Class kotlin.io.path.PathsKt__PathUtilsKt                                             : loaded 2 times (x 71B)
Class kotlin.reflect.jvm.internal.impl.name.StandardClassIds                          : loaded 2 times (x 71B)
Class [Lkotlin.coroutines.intrinsics.CoroutineSingletons;                             : loaded 2 times (x 69B)
Class kotlinx.coroutines.DisposableHandle                                             : loaded 2 times (x 70B)
Class com.android.tools.lint.model.DefaultLintModelArtifact                           : loaded 2 times (x 84B)
Class it.unimi.dsi.fastutil.objects.ReferenceCollection                               : loaded 2 times (x 70B)
Class org.jetbrains.kotlin.mpp.EnumEntrySymbolMarker                                  : loaded 2 times (x 70B)
Class org.codehaus.groovy.classgen.Verifier$SwapInitStatement$SwapInitInstruction     : loaded 2 times (x 73B)
Class groovyjarjarasm.asm.ModuleWriter                                                : loaded 2 times (x 82B)
Class org.jetbrains.kotlin.load.java.JavaTypeQualifiersByElementType                  : loaded 2 times (x 72B)
Class org.jetbrains.kotlin.diagnostics.PositioningStrategies$SECONDARY_CONSTRUCTOR_DELEGATION_CALL$1: loaded 2 times (x 74B)
Class org.jetbrains.kotlin.incremental.storage.DoubleExternalizer                     : loaded 2 times (x 75B)
Class org.jetbrains.kotlin.load.java.structure.JavaArrayType                          : loaded 2 times (x 70B)
Class com.google.common.collect.Maps$IteratorBasedAbstractMap$1                       : loaded 2 times (x 138B)
Class org.apache.commons.io.output.UnsynchronizedByteArrayOutputStream                : loaded 2 times (x 102B)
Class com.google.common.reflect.Types$ParameterizedTypeImpl                           : loaded 2 times (x 81B)
Class com.google.common.collect.ImmutableListMultimap                                 : loaded 2 times (x 176B)
Class [Lorg.jetbrains.kotlin.daemon.common.CompileService$TargetPlatform;             : loaded 2 times (x 69B)
Class org.jetbrains.kotlin.daemon.client.KotlinCompilerClient$DaemonSearchResult$Found: loaded 2 times (x 72B)
Class org.jetbrains.kotlin.daemon.common.RestPropMapper                               : loaded 2 times (x 74B)
Class org.jetbrains.kotlin.gradle.report.BuildScanSettings                            : loaded 2 times (x 72B)
Class org.jetbrains.kotlin.compilerRunner.ProjectFilesForCompilation$Companion        : loaded 2 times (x 71B)
Class org.jetbrains.kotlin.compilerRunner.ProjectFilesForCompilation                  : loaded 2 times (x 72B)
Class org.jetbrains.kotlin.gradle.logging.GradleErrorMessageCollector                 : loaded 2 times (x 77B)
Class org.jetbrains.kotlin.gradle.tasks.OOMErrorException                             : loaded 2 times (x 82B)
Class org.jetbrains.kotlin.buildtools.api.jvm.ClasspathEntrySnapshot                  : loaded 2 times (x 70B)
Class org.jetbrains.kotlin.codegen.state.KotlinTypeMapper$Companion                   : loaded 2 times (x 71B)
Class org.jetbrains.kotlin.gradle.plugin.sources.FragmentConsistencyChecks$optInAnnotationsCheck$2: loaded 2 times (x 78B)
Class org.jetbrains.kotlin.gradle.targets.NativeForwardImplementationToApiElementsSideEffectKt$special$$inlined$KotlinTargetSideEffect$1: loaded 2 times (x 74B)
Class org.jetbrains.kotlin.gradle.plugin.statistics.BuildFusServiceKt                 : loaded 2 times (x 71B)
Class org.jetbrains.kotlin.gradle.plugin.BuildFinishedListenerService$Companion       : loaded 2 times (x 71B)
Class org.jetbrains.kotlin.gradle.plugin.BuildFinishedListenerService                 : loaded 2 times (x 80B)
Class com.google.common.cache.CacheLoader$FunctionToCacheLoader                       : loaded 2 times (x 75B)
Class org.gradle.api.internal.ClassPathProvider                                       : loaded 2 times (x 70B)
Class kotlin.collections.builders.AbstractMapBuilderEntrySet                          : loaded 2 times (x 144B)
Class org.jetbrains.kotlin.load.java.structure.impl.JavaAnnotationImpl                : loaded 2 times (x 99B)
Class org.jetbrains.kotlin.diagnostics.PositioningStrategies                          : loaded 2 times (x 71B)
Class com.google.protobuf.UnsafeUtil$MemoryAccessor                                   : loaded 2 times (x 91B)
Class com.google.protobuf.GeneratedMessage$GeneratedExtension                         : loaded 2 times (x 87B)
Class org.jetbrains.kotlin.types.TypeApproximatorConfiguration$FinalApproximationAfterResolutionAndInference: loaded 2 times (x 88B)
Class com.google.common.collect.ImmutableMapEntry$NonTerminalImmutableBiMapEntry      : loaded 2 times (x 85B)
Class [Lorg.gradle.api.internal.ClassPathProvider;                                    : loaded 2 times (x 69B)
Class org.apache.groovy.parser.antlr4.GroovyParser$PathExpressionContext              : loaded 2 times (x 161B)
Class org.jetbrains.kotlin.descriptors.EffectiveVisibility$Public                     : loaded 2 times (x 75B)
Class groovyjarjarantlr4.v4.runtime.CodePointBuffer$Builder                           : loaded 2 times (x 79B)
Class org.apache.groovy.parser.antlr4.GroovyParser$GstringValueContext                : loaded 2 times (x 158B)
Class org.apache.groovy.parser.antlr4.GroovyParser$ElementValueContext                : loaded 2 times (x 159B)
Class org.codehaus.groovy.ast.CompileUnit$ConstructedOuterNestedClassNode             : loaded 2 times (x 245B)
Class org.jetbrains.kotlin.container.DynamicComponentDescriptor                       : loaded 2 times (x 74B)
Class org.codehaus.groovy.runtime.metaclass.MetaMethodIndex$Entry                     : loaded 2 times (x 72B)
Class org.codehaus.groovy.runtime.metaclass.MethodMetaProperty$GetBeanMethodMetaProperty: loaded 2 times (x 78B)
Class org.codehaus.groovy.ast.expr.ConstantExpression                                 : loaded 2 times (x 134B)
Class org.jetbrains.kotlin.gradle.plugin.VariantImplementationFactories$Companion$getProvider$2$1: loaded 2 times (x 79B)
Class org.jetbrains.kotlin.statistics.metrics.NumericalMetrics                        : loaded 2 times (x 80B)
Class org.jetbrains.kotlin.descriptors.annotations.AnnotationUseSiteTarget            : loaded 2 times (x 79B)
Class org.jetbrains.kotlin.config.LanguageFeature                                     : loaded 2 times (x 80B)
Class [Lorg.jetbrains.kotlin.psi.KtClassLiteralExpression;                            : loaded 2 times (x 69B)
Class org.jetbrains.kotlin.psi.KtSuperTypeEntry                                       : loaded 2 times (x 447B)
Class org.jetbrains.kotlin.psi.stubs.elements.KtTypeProjectionElementType             : loaded 2 times (x 103B)
Class org.jetbrains.kotlin.psi.KtSimpleNameExpression                                 : loaded 2 times (x 70B)
Class org.jetbrains.kotlin.psi.KtTypeReference                                        : loaded 2 times (x 644B)
Class [Lorg.jetbrains.kotlin.psi.KtImportList;                                        : loaded 2 times (x 69B)
Class org.jetbrains.kotlin.psi.stubs.KotlinClassStub                                  : loaded 2 times (x 70B)
Class org.jetbrains.kotlin.psi.stubs.elements.KtPlaceHolderStubElementType            : loaded 2 times (x 103B)
Class kotlin.io.path.PathsKt                                                          : loaded 2 times (x 71B)
Class kotlin.collections.builders.ListBuilder$Companion                               : loaded 2 times (x 71B)
Class kotlin.collections.builders.ListBuilder                                         : loaded 2 times (x 207B)
Class kotlin.reflect.jvm.internal.impl.name.FqNamesUtilKt                             : loaded 2 times (x 71B)
Class kotlin.reflect.jvm.internal.impl.name.StandardClassIdsKt                        : loaded 2 times (x 71B)
Class kotlinx.coroutines.scheduling.CoroutineScheduler$Companion                      : loaded 2 times (x 71B)
Class org.jetbrains.kotlin.gradle.plugin.statistics.BuildFinishBuildService$Companion$registerIfAbsent$1: loaded 2 times (x 75B)
Class org.jetbrains.kotlin.gradle.plugin.mpp.SyncLanguageSettingsWithKotlinExtensionSetupActionKt: loaded 2 times (x 71B)
Class org.jetbrains.kotlin.gradle.targets.CreateDefaultCompilationsSideEffectKt       : loaded 2 times (x 71B)
Class org.jetbrains.kotlin.gradle.plugin.diagnostics.checkers.KotlinSourceSetTreeDependsOnMismatchChecker: loaded 2 times (x 74B)
Class org.apache.commons.io.output.ByteArrayOutputStream                              : loaded 2 times (x 102B)
Class com.google.common.reflect.TypeResolver$TypeVariableKey                          : loaded 2 times (x 72B)
Class com.google.common.collect.EmptyImmutableListMultimap                            : loaded 2 times (x 176B)
Class com.google.common.collect.BaseImmutableMultimap                                 : loaded 2 times (x 123B)
Class org.jetbrains.kotlin.daemon.common.IncrementalCompilerServicesFacade            : loaded 2 times (x 70B)
Class org.jetbrains.kotlin.gradle.internal.name.ClassId$Companion                     : loaded 2 times (x 71B)
Class org.jetbrains.kotlin.incremental.IncrementalCompilationFeatures$Companion       : loaded 2 times (x 71B)
Class org.jetbrains.kotlin.com.google.common.util.concurrent.AbstractFuture$Trusted   : loaded 2 times (x 70B)
Class org.jetbrains.kotlin.gradle.plugin.statistics.BuildFusService$onFinish$2        : loaded 2 times (x 79B)
Class org.jetbrains.kotlin.gradle.tasks.AbstractKotlinCompileTool$sources$1           : loaded 2 times (x 79B)
Class org.jetbrains.kotlin.gradle.tasks.configuration.TaskConfigAction                : loaded 2 times (x 72B)
Class org.jetbrains.kotlin.gradle.plugin.diagnostics.checkers.OverriddenKotlinNativeHomeChecker$allKonanMainSubdirectoriesExist$1: loaded 2 times (x 75B)
Class org.jetbrains.kotlin.gradle.plugin.AbstractKotlinPlugin$Companion               : loaded 2 times (x 71B)
Class org.jetbrains.kotlin.gradle.plugin.KotlinSourceSetTree                          : loaded 2 times (x 72B)
Class org.jetbrains.kotlin.gradle.plugin.KotlinPluginLifecycle$Stage                  : loaded 2 times (x 79B)
Class [Lorg.jetbrains.kotlin.gradle.plugin.diagnostics.checkers.GradleDeprecatedPropertyChecker$DeprecatedProperty;: loaded 2 times (x 69B)
Class org.jetbrains.kotlin.gradle.plugin.mpp.compilationImpl.KotlinCreateResourcesTaskSideEffectKt$KotlinCreateResourcesTaskSideEffect$1: loaded 2 times (x 74B)
Class org.jetbrains.kotlin.gradle.targets.jvm.KotlinJvmTargetTestFixturesSideEffectKt : loaded 2 times (x 71B)
Class org.jetbrains.kotlin.gradle.plugin.sources.KotlinSourceSetFactory               : loaded 2 times (x 80B)
Class org.jetbrains.kotlin.gradle.targets.native.toolchain.KotlinNativeBundleBuildService$Parameters_Decorated: loaded 2 times (x 143B)
Class org.jetbrains.kotlin.gradle.internal.ClassLoadersCachingBuildService$Companion  : loaded 2 times (x 71B)
Class org.jetbrains.kotlin.gradle.internal.IdeaKt$isInIdeaSync$1                      : loaded 2 times (x 74B)
Class org.jetbrains.kotlin.gradle.dsl.PlatformSourceSetConventionsChecker             : loaded 2 times (x 74B)
Class org.jetbrains.kotlin.resolve.calls.NewCommonSuperTypeCalculator                 : loaded 2 times (x 71B)
Class com.google.gson.stream.JsonWriter                                               : loaded 2 times (x 98B)
Class org.jetbrains.kotlin.descriptors.EffectiveVisibility$Permissiveness             : loaded 2 times (x 79B)
Class org.jetbrains.kotlin.gradle.plugin.KotlinPluginLifecycleCoroutineContextElement : loaded 2 times (x 84B)
Class org.codehaus.groovy.syntax.Token                                                : loaded 2 times (x 111B)
Class org.jetbrains.kotlin.load.java.structure.impl.source.JavaElementPsiSource       : loaded 2 times (x 73B)
Class org.jetbrains.kotlin.load.java.structure.impl.JavaElementImpl                   : loaded 2 times (x 85B)
Class groovyjarjarantlr4.v4.runtime.atn.OrderedATNConfigSet                           : loaded 2 times (x 159B)
Class org.apache.groovy.parser.antlr4.Antlr4PluginFactory                             : loaded 2 times (x 72B)
Class org.codehaus.groovy.control.CompilerConfiguration                               : loaded 2 times (x 122B)
Class org.codehaus.groovy.ast.expr.ClosureExpression                                  : loaded 2 times (x 133B)
Class org.jetbrains.kotlin.resolve.calls.checkers.CallableReferenceCompatibilityChecker: loaded 2 times (x 74B)
Class org.jetbrains.kotlin.cli.jvm.compiler.KotlinCliJavaFileManagerImpl$WhenMappings : loaded 2 times (x 71B)
Class org.jetbrains.kotlin.gradle.tasks.abi.AbiToolsTask                              : loaded 2 times (x 321B)
Class org.jetbrains.kotlin.gradle.tasks.configuration.KaptGenerateStubsConfig$Companion$wireJavaAndKotlinOutputs$1: loaded 2 times (x 79B)
Class org.jetbrains.kotlin.psi.psiUtil.PsiUtilsKt$siblings$1$iterator$1               : loaded 2 times (x 79B)
Class org.jetbrains.kotlin.serialization.deserialization.ClassData                    : loaded 2 times (x 72B)
Class [Lorg.jetbrains.kotlin.lexer.KtKeywordToken;                                    : loaded 2 times (x 69B)
Class com.google.common.collect.NaturalOrdering                                       : loaded 2 times (x 115B)
Class com.google.common.hash.HashCode$BytesHashCode                                   : loaded 2 times (x 81B)
Class com.google.common.collect.Maps$ViewCachingAbstractMap                           : loaded 2 times (x 125B)
Class org.jetbrains.kotlin.cli.jvm.index.JvmDependenciesIndex                         : loaded 2 times (x 70B)
Class org.jetbrains.kotlin.serialization.deserialization.KotlinMetadataFinder         : loaded 2 times (x 70B)
Class org.jetbrains.kotlin.storage.CacheWithNotNullValues                             : loaded 2 times (x 70B)
Class kotlin.reflect.KProperty0                                                       : loaded 2 times (x 70B)
Class kotlin.Result                                                                   : loaded 2 times (x 72B)
Class kotlinx.coroutines.scheduling.NanoTimeSource                                    : loaded 2 times (x 72B)
Class kotlinx.coroutines.BuildersKt__BuildersKt                                       : loaded 2 times (x 71B)
Class org.jetbrains.kotlin.config.LanguageOrApiVersion                                : loaded 2 times (x 70B)
Class org.jetbrains.kotlin.statistics.metrics.OverrideMetricContainer                 : loaded 2 times (x 80B)
Class it.unimi.dsi.fastutil.ints.IntCollection                                        : loaded 2 times (x 70B)
Class org.jetbrains.kotlin.gradle.tasks.CompilationErrorException                     : loaded 2 times (x 82B)
Class org.jetbrains.kotlin.daemon.common.MultiModuleICSettings$Companion              : loaded 2 times (x 71B)
Class org.jetbrains.kotlin.build.report.HttpReportSettings                            : loaded 2 times (x 72B)
Class [Lorg.jetbrains.kotlin.daemon.common.ReportCategory;                            : loaded 2 times (x 69B)
Class org.jetbrains.kotlin.compilerRunner.ReportUtilsKt                               : loaded 2 times (x 71B)
Class org.jetbrains.kotlin.daemon.common.CompilerMode                                 : loaded 2 times (x 79B)
Class org.jetbrains.kotlin.daemon.common.DaemonParamsKt$daemonJVMOptionsMemoryProps$1 : loaded 2 times (x 137B)
Class org.jetbrains.kotlin.cli.common.arguments.PreprocessCommandLineArgumentsKt      : loaded 2 times (x 71B)
Class org.jetbrains.kotlin.compilerRunner.OutputItemsCollectorImpl                    : loaded 2 times (x 77B)
Class [Lorg.jetbrains.kotlin.build.report.metrics.BuildAttribute;                     : loaded 2 times (x 69B)
Class org.jetbrains.kotlin.gradle.utils.ProviderApiUtilsKt$mapOrNull$1$1              : loaded 2 times (x 75B)
Class org.jetbrains.kotlin.gradle.plugin.hierarchy.KotlinSourceSetTreeClassifier$Default: loaded 2 times (x 71B)
Class org.jetbrains.kotlin.gradle.plugin.mpp.InternalKotlinCompilationKt              : loaded 2 times (x 71B)
Class org.jetbrains.kotlin.gradle.tasks.configuration.AbstractKotlinCompileConfig     : loaded 2 times (x 72B)
Class org.jetbrains.kotlin.gradle.plugin.mpp.compilationImpl.KotlinCompilationImpl$attributes$2: loaded 2 times (x 79B)
Class org.jetbrains.kotlin.gradle.plugin.diagnostics.checkers.OverriddenKotlinNativeHomeChecker$StdlibExistenceCheckerValueSource: loaded 2 times (x 78B)
Class org.jetbrains.kotlin.gradle.plugin.statistics.BuildFinishBuildService$Parameters: loaded 2 times (x 70B)
Class org.jetbrains.kotlin.gradle.plugin.StatisticsBuildFlowManager$subscribeForBuildResultAndConfigurationTimeMetrics$1$1: loaded 2 times (x 74B)
Class org.jetbrains.kotlin.gradle.utils.IsolatedKotlinClasspathClassCastException     : loaded 2 times (x 82B)
Class org.gradle.internal.service.ServiceLocator                                      : loaded 2 times (x 70B)
Class [Lcom.google.common.base.Function;                                              : loaded 2 times (x 69B)
Class org.jetbrains.kotlin.incremental.classpathDiff.impl.ClassListSnapshotter        : loaded 2 times (x 70B)
Class org.jetbrains.kotlin.diagnostics.PositioningStrategies$NAME_IDENTIFIER$1        : loaded 2 times (x 74B)
Class it.unimi.dsi.fastutil.ints.IntIterable                                          : loaded 2 times (x 70B)
Class it.unimi.dsi.fastutil.ints.IntSet                                               : loaded 2 times (x 70B)
Class groovyjarjarantlr4.v4.runtime.atn.RuleStartState                                : loaded 2 times (x 89B)
Class org.jetbrains.kotlin.types.model.TypeSystemInferenceExtensionContext            : loaded 2 times (x 70B)
Class org.codehaus.groovy.vmplugin.v9.ClassFinder                                     : loaded 2 times (x 71B)
Class org.codehaus.groovy.ast.ImportNode                                              : loaded 2 times (x 130B)
Class groovy.transform.Internal                                                       : loaded 2 times (x 70B)
Class org.jetbrains.kotlin.resolve.checkers.VolatileAnnotationChecker                 : loaded 2 times (x 74B)
Class org.codehaus.groovy.runtime.metaclass.NewStaticMetaMethod                       : loaded 2 times (x 99B)
Class org.codehaus.groovy.runtime.CurriedClosure                                      : loaded 2 times (x 133B)
Class org.codehaus.groovy.runtime.ComposedClosure                                     : loaded 2 times (x 132B)
Class kotlin.text.MatchResult                                                         : loaded 2 times (x 70B)
Class org.jetbrains.kotlin.config.LanguageVersionSettingsImpl$Companion               : loaded 2 times (x 71B)
Class org.jetbrains.kotlin.psi.stubs.elements.KtClassLiteralExpressionElementType     : loaded 2 times (x 100B)
Class org.jetbrains.kotlin.psi.KtSuperTypeListEntry                                   : loaded 2 times (x 447B)
Class [Lorg.jetbrains.kotlin.psi.KtContractEffectList;                                : loaded 2 times (x 69B)
Class [Lorg.jetbrains.kotlin.psi.KtReferenceExpression;                               : loaded 2 times (x 69B)
Class org.jetbrains.kotlin.psi.KtParameterList                                        : loaded 2 times (x 456B)
Class org.jetbrains.kotlin.psi.KtCommonFile                                           : loaded 2 times (x 871B)
Class kotlin.reflect.jvm.internal.KProperty2Impl$$Lambda$0                            : loaded 2 times (x 76B)
Class kotlin.reflect.KClass                                                           : loaded 2 times (x 70B)
Class kotlin.reflect.KProperty1                                                       : loaded 2 times (x 70B)
Class com.android.tools.lint.model.LintModelModuleType                                : loaded 2 times (x 79B)
Class kotlin.coroutines.ContinuationInterceptor$DefaultImpls                          : loaded 2 times (x 71B)
Class kotlin.sequences.TransformingSequence$iterator$1                                : loaded 2 times (x 79B)
Class kotlin.reflect.jvm.internal.KProperty1Impl$$Lambda$0                            : loaded 2 times (x 76B)
Class org.jetbrains.kotlin.incremental.storage.FloatExternalizer                      : loaded 2 times (x 75B)
Class org.jetbrains.kotlin.incremental.impl.UtilsKt                                   : loaded 2 times (x 71B)
Class org.jetbrains.kotlin.incremental.classpathDiff.impl.KotlinClassHeaderClassVisitor: loaded 2 times (x 88B)
Class org.apache.commons.io.FileExistsException                                       : loaded 2 times (x 82B)
Class org.jetbrains.kotlin.gradle.report.TaskExecutionInfo                            : loaded 2 times (x 72B)
Class org.jetbrains.kotlin.daemon.common.DaemonParamsKt$daemonJVMOptionsMemoryProps$2 : loaded 2 times (x 137B)
Class com.google.common.collect.ImmutableSortedMap$Builder                            : loaded 2 times (x 90B)
Class org.jetbrains.kotlin.gradle.tasks.DefaultKotlinJavaToolchain$DefaultJavaToolchainSetter$useAsConvention$1: loaded 2 times (x 75B)
Class org.jetbrains.kotlin.gradle.plugin.KotlinCompilerArgumentsProducer$CreateCompilerArgumentsContext: loaded 2 times (x 70B)
Class org.jetbrains.kotlin.gradle.utils.GradleAttributesContainerUtilsKt$copyAttributeTo$1: loaded 2 times (x 79B)
Class org.jetbrains.kotlin.gradle.plugin.abi.AbiValidationTaskSet$setClasspath$1      : loaded 2 times (x 75B)
Class org.jetbrains.kotlin.gradle.plugin.hierarchy.KotlinSourceSetTreeClassifierKt$classify$1: loaded 2 times (x 88B)
Class [Lorg.jetbrains.kotlin.konan.target.KonanTarget;                                : loaded 2 times (x 69B)
Class org.jetbrains.kotlin.gradle.plugin.diagnostics.checkers.WasmSourceSetsNotFoundChecker: loaded 2 times (x 74B)
Class org.jetbrains.kotlin.gradle.plugin.diagnostics.checkers.AndroidSourceSetLayoutV1SourceSetsNotFoundChecker$androidSourceSetRegex$2: loaded 2 times (x 78B)
Class org.jetbrains.kotlin.gradle.plugin.statistics.KotlinBuildStatsLoggerService$Companion: loaded 2 times (x 71B)
Class com.google.common.base.Ascii                                                    : loaded 2 times (x 71B)
Class com.google.common.cache.LocalCache$1                                            : loaded 2 times (x 89B)
Class kotlin.reflect.jvm.internal.impl.builtins.jvm.JavaToKotlinClassMap$PlatformMutabilityMapping: loaded 2 times (x 72B)
Class kotlin.sequences.SequenceScope                                                  : loaded 2 times (x 73B)
Class com.android.ide.common.rendering.api.StyleItemResourceValue                     : loaded 2 times (x 70B)
Class org.jetbrains.kotlin.psi.KtImportInfo$ImportContent$ExpressionBased             : loaded 2 times (x 72B)
Class org.jetbrains.kotlin.types.TypeApproximatorConfiguration$IntersectionStrategy   : loaded 2 times (x 79B)
Class com.google.protobuf.UnsafeUtil$1                                                : loaded 2 times (x 76B)
Class org.jetbrains.kotlin.types.model.DefinitelyNotNullTypeMarker                    : loaded 2 times (x 70B)
Class org.jetbrains.kotlin.resolve.calls.inference.model.MutableConstraintStorage     : loaded 2 times (x 89B)
Class org.codehaus.groovy.classgen.asm.BinaryExpressionHelper                         : loaded 2 times (x 87B)
Class groovyjarjarasm.asm.SymbolTable$Entry                                           : loaded 2 times (x 74B)
Class org.apache.groovy.util.concurrent.concurrentlinkedhashmap.EvictionListener      : loaded 2 times (x 70B)
Class groovyjarjarantlr4.v4.runtime.atn.PredictionContext                             : loaded 2 times (x 84B)
Class org.apache.groovy.parser.antlr4.GroovyParser$VariableModifiersContext           : loaded 2 times (x 160B)
Class org.jetbrains.kotlin.descriptors.EffectiveVisibility                            : loaded 2 times (x 75B)
Class [Lgroovyjarjarantlr4.v4.runtime.CharStreams;                                    : loaded 2 times (x 69B)
Class org.apache.groovy.parser.antlr4.GroovyParser$QualifiedStandardClassNameContext  : loaded 2 times (x 161B)
Class org.apache.groovy.parser.antlr4.GroovyParser$ListContext                        : loaded 2 times (x 160B)
Class org.codehaus.groovy.ast.stmt.EmptyStatement                                     : loaded 2 times (x 110B)
Class org.jetbrains.kotlin.types.model.TypeCheckerProviderContext                     : loaded 2 times (x 70B)
Class org.codehaus.groovy.runtime.InvokerHelper$NullScript                            : loaded 2 times (x 95B)
Class org.jetbrains.kotlin.resolve.checkers.UnderscoreChecker                         : loaded 2 times (x 74B)
Class org.codehaus.groovy.vmplugin.v9.Java9                                           : loaded 2 times (x 109B)
Class [Lorg.jetbrains.kotlin.psi.KtValueArgumentList;                                 : loaded 2 times (x 69B)
Class org.jetbrains.kotlin.load.kotlin.JvmPackagePartProviderBase$ModuleMappingInfo   : loaded 2 times (x 72B)
Class kotlin.sequences.GeneratorSequence$iterator$1                                   : loaded 2 times (x 79B)
Class org.jetbrains.kotlin.psi.KtReturnExpression                                     : loaded 2 times (x 440B)
Class org.jetbrains.kotlin.metadata.deserialization.NameResolverImpl                  : loaded 2 times (x 77B)
Class org.jetbrains.kotlin.storage.EmptySimpleLock                                    : loaded 2 times (x 75B)
Class org.jetbrains.kotlin.psi.KtConstructorCalleeExpression                          : loaded 2 times (x 509B)
Class kotlin.reflect.jvm.internal.KProperty2Impl$$Lambda$1                            : loaded 2 times (x 76B)
Class kotlin.reflect.KProperty2                                                       : loaded 2 times (x 70B)
Class kotlinx.coroutines.scheduling.GlobalQueue                                       : loaded 2 times (x 72B)
Class [Lorg.jetbrains.kotlin.name.FqName;                                             : loaded 2 times (x 69B)
Class org.jetbrains.kotlin.psi.KtDoWhileExpression                                    : loaded 2 times (x 442B)
Class com.android.tools.lint.model.LintModelDependency                                : loaded 2 times (x 70B)
Class org.jetbrains.kotlin.parsing.KotlinParsing$NameParsingMode                      : loaded 2 times (x 79B)
Class org.jetbrains.kotlin.parsing.KotlinWhitespaceAndCommentsBindersKt               : loaded 2 times (x 71B)
Class org.jetbrains.kotlin.incremental.classpathDiff.ExtraInfoExternalizer            : loaded 2 times (x 75B)
Class org.jetbrains.kotlin.incremental.classpathDiff.ClasspathEntrySnapshot           : loaded 2 times (x 72B)
Class com.google.common.reflect.TypeToken$SimpleTypeToken                             : loaded 2 times (x 73B)
Class org.jetbrains.kotlin.daemon.common.DaemonParamsKt$daemonJVMOptionsMemoryProps$3 : loaded 2 times (x 137B)
Class org.jetbrains.kotlin.buildtools.api.SharedApiClassesClassLoader                 : loaded 2 times (x 71B)
Class org.jetbrains.kotlin.com.google.common.util.concurrent.AbstractFuture$SynchronizedHelper: loaded 2 times (x 78B)
Class org.jetbrains.kotlin.com.google.common.cache.CacheLoader$UnsupportedLoadingOperationException: loaded 2 times (x 82B)
Class com.google.common.collect.MapMakerInternalMap$AbstractStrongKeyEntry            : loaded 2 times (x 80B)
Class com.google.common.collect.AbstractSetMultimap                                   : loaded 2 times (x 174B)
Class org.jetbrains.kotlin.gradle.plugin.abi.AbiValidationTaskSet$setClasspath$2      : loaded 2 times (x 75B)
Class org.jetbrains.kotlin.gradle.plugin.KotlinCompilationWithResources               : loaded 2 times (x 70B)
Class org.jetbrains.kotlin.gradle.plugin.KotlinTargetPreset                           : loaded 2 times (x 70B)
Class org.jetbrains.kotlin.gradle.plugin.diagnostics.checkers.KotlinTargetAlreadyDeclaredChecker: loaded 2 times (x 74B)
Class org.jetbrains.kotlin.gradle.plugin.mpp.compilationImpl.KotlinCompilationProcessorSideEffectKt: loaded 2 times (x 71B)
Class org.jetbrains.kotlin.gradle.utils.FileUtilsKt$localProperties$1                 : loaded 2 times (x 75B)
Class org.jetbrains.kotlin.gradle.dsl.HasConfigurableKotlinCompilerOptions            : loaded 2 times (x 70B)
Class com.google.common.cache.LocalCache$2                                            : loaded 2 times (x 142B)
Class org.jetbrains.kotlin.resolve.annotations.AnnotationUtilKt                       : loaded 2 times (x 71B)
Class com.google.common.collect.Tables$1                                              : loaded 2 times (x 84B)
Class com.android.ide.common.rendering.api.PluralsResourceValue                       : loaded 2 times (x 70B)
Class com.android.ide.common.resources.DataItem                                       : loaded 2 times (x 90B)
Class org.jetbrains.kotlin.load.java.JavaDefaultQualifiers                            : loaded 2 times (x 72B)
Class org.jetbrains.kotlin.load.java.typeEnhancement.PredefinedFunctionEnhancementInfo: loaded 2 times (x 72B)
Class com.android.utils.DateProvider$1                                                : loaded 2 times (x 75B)
Class groovyjarjarantlr4.v4.runtime.BufferedTokenStream                               : loaded 2 times (x 126B)
Class org.apache.groovy.parser.antlr4.GroovyLangLexer$PositionAdjustingLexerATNSimulator: loaded 2 times (x 101B)
Class org.apache.groovy.parser.antlr4.GroovyParser$MultipleAssignmentExprAltContext   : loaded 2 times (x 162B)
Class org.apache.groovy.parser.antlr4.GroovyParser$InclusiveOrExprAltContext          : loaded 2 times (x 162B)
Class org.jetbrains.kotlin.load.java.Jsr305Settings                                   : loaded 2 times (x 72B)
Class [Lorg.codehaus.groovy.reflection.CachedConstructor;                             : loaded 2 times (x 69B)
Class groovyjarjarasm.asm.Opcodes                                                     : loaded 2 times (x 70B)
Class org.codehaus.groovy.ast.expr.Expression                                         : loaded 2 times (x 127B)
Class org.codehaus.groovy.util.ManagedReference$1                                     : loaded 2 times (x 76B)
Class org.codehaus.groovy.util.ReferenceType                                          : loaded 2 times (x 80B)
Class com.android.resources.Navigation                                                : loaded 2 times (x 86B)
Class [Lcom.android.resources.Density;                                                : loaded 2 times (x 69B)
Class it.unimi.dsi.fastutil.objects.Object2IntFunction                                : loaded 2 times (x 70B)
Class org.jetbrains.kotlin.parsing.AbstractKotlinParsing$OptionalMarker               : loaded 2 times (x 75B)
Class [Lcom.android.resources.ResourceType$Kind;                                      : loaded 2 times (x 69B)
Class org.jetbrains.kotlin.psi.KtPsiUtil$1                                            : loaded 2 times (x 305B)
Class com.android.ide.common.resources.configuration.EnumBasedResourceQualifier       : loaded 2 times (x 89B)
Class org.jetbrains.kotlin.serialization.deserialization.FlexibleTypeDeserializer$ThrowException: loaded 2 times (x 74B)
Class org.jetbrains.kotlin.serialization.DescriptorSerializerPlugin$Companion         : loaded 2 times (x 72B)
Class it.unimi.dsi.fastutil.ints.IntSpliterator                                       : loaded 2 times (x 70B)
Class org.jetbrains.kotlin.psi.KtTypeArgumentList                                     : loaded 2 times (x 448B)
Class org.jetbrains.kotlin.psi.KtEnumEntrySuperclassReferenceExpression               : loaded 2 times (x 634B)
Class [Lorg.jetbrains.kotlin.psi.KtTypeConstraint;                                    : loaded 2 times (x 69B)
Class kotlin.reflect.jvm.internal.impl.utils.CollectionsKt                            : loaded 2 times (x 71B)
Class kotlin.reflect.jvm.internal.CacheByClass                                        : loaded 2 times (x 73B)
Class kotlinx.coroutines.internal.LimitedDispatcherKt                                 : loaded 2 times (x 71B)
Class kotlin.coroutines.CoroutineContext$Element                                      : loaded 2 times (x 70B)
Class org.jetbrains.kotlin.util.OneElementArrayMap                                    : loaded 2 times (x 84B)
Class org.jetbrains.kotlin.config.MavenComparableVersion$IntegerItem                  : loaded 2 times (x 80B)
Class org.jetbrains.kotlin.resolve.DefaultImportProvider                              : loaded 2 times (x 75B)
Class groovy.lang.MetaClassImpl$3                                                     : loaded 2 times (x 78B)
Class org.codehaus.groovy.util.ManagedConcurrentMap                                   : loaded 2 times (x 83B)
Class org.jetbrains.kotlin.daemon.client.KotlinCompilerClient$tryFindSuitableDaemonOrNewOpts$$inlined$compareBy$1: loaded 2 times (x 90B)
Class org.jetbrains.kotlin.gradle.internal.name.ClassId                               : loaded 2 times (x 72B)
Class com.google.common.hash.AbstractHashFunction                                     : loaded 2 times (x 95B)
Class org.jetbrains.kotlin.gradle.tasks.configuration.AbstractKotlinCompileConfig$2$1 : loaded 2 times (x 79B)
Class org.jetbrains.kotlin.gradle.tasks.DefaultKotlinJavaToolchain_Decorated          : loaded 2 times (x 126B)
Class org.jetbrains.kotlin.gradle.plugin.statistics.KotlinProjectConfigurationMetrics : loaded 2 times (x 71B)
Class org.jetbrains.kotlin.gradle.plugin.KotlinCompilationInfo$TCS                    : loaded 2 times (x 89B)
Class org.jetbrains.kotlin.gradle.tasks.abi.KotlinLegacyAbiCheckTaskImpl              : loaded 2 times (x 330B)
Class org.jetbrains.kotlin.gradle.plugin.mpp.HasBinaries                              : loaded 2 times (x 70B)
Class org.jetbrains.kotlin.gradle.dsl.KotlinCommonOptions                             : loaded 2 times (x 70B)
Class org.jetbrains.kotlin.gradle.plugin.diagnostics.checkers.KmpPartiallyResolvedDependenciesChecker: loaded 2 times (x 74B)
Class org.jetbrains.kotlin.gradle.plugin.mpp.compilationImpl.KotlinCreateSourcesJarTaskSideEffectKt: loaded 2 times (x 71B)
Class org.jetbrains.kotlin.gradle.dsl.KotlinJvmProjectExtension                       : loaded 2 times (x 147B)
Class org.jetbrains.kotlin.gradle.plugin.KotlinGradlePluginExtensionPointInternalKt   : loaded 2 times (x 71B)
Class org.jetbrains.kotlin.gradle.targets.native.toolchain.UsesKotlinNativeBundleBuildService: loaded 2 times (x 70B)
Class org.jetbrains.kotlin.gradle.plugin.KotlinCompilerArgumentsProducer              : loaded 2 times (x 70B)
Class org.jetbrains.kotlin.build.report.metrics.ValueType                             : loaded 2 times (x 79B)
Class org.jetbrains.kotlin.codegen.signature.JvmSignatureWriter                       : loaded 2 times (x 105B)
Class org.jetbrains.kotlin.diagnostics.PositioningStrategies$LABEL$1                  : loaded 2 times (x 74B)
Class com.google.protobuf.Descriptors$FieldDescriptor                                 : loaded 2 times (x 88B)
Class org.codehaus.groovy.ast.tools.WideningCategories                                : loaded 2 times (x 71B)
Class org.codehaus.groovy.control.StaticImportVisitor                                 : loaded 2 times (x 223B)
Class org.jetbrains.kotlin.load.kotlin.VirtualFileFinder$SERVICE                      : loaded 2 times (x 71B)
Class groovyjarjarantlr4.v4.runtime.misc.FlexibleHashMap                              : loaded 2 times (x 125B)
Class org.apache.groovy.parser.antlr4.GroovyParser$BreakStatementContext              : loaded 2 times (x 158B)
Class org.codehaus.groovy.ast.expr.TernaryExpression                                  : loaded 2 times (x 130B)
Class org.codehaus.groovy.runtime.callsite.AbstractCallSite                           : loaded 2 times (x 145B)
Class groovy.lang.MetaClassRegistryChangeEvent                                        : loaded 2 times (x 79B)
Class org.codehaus.groovy.vmplugin.v8.PluginDefaultGroovyMethods                      : loaded 2 times (x 71B)
Class kotlin.collections.AbstractIterator                                             : loaded 2 times (x 83B)
Class [Lcom.android.resources.ScreenRatio;                                            : loaded 2 times (x 69B)
Class org.jetbrains.kotlin.diagnostics.DiagnosticMarker                               : loaded 2 times (x 70B)
Class org.jetbrains.kotlin.resolve.calls.results.TypeSpecificityComparator$NONE       : loaded 2 times (x 74B)
Class org.jetbrains.kotlin.psi.KtPsiUtil$2                                            : loaded 2 times (x 305B)
Class org.jetbrains.kotlin.parsing.KotlinExpressionParsing                            : loaded 2 times (x 112B)
Class [Lorg.jetbrains.kotlin.serialization.deserialization.AnnotatedCallableKind;     : loaded 2 times (x 69B)
Class org.apache.groovy.parser.antlr4.GroovyParser$VariableInitializerContext         : loaded 2 times (x 157B)
Class groovyjarjarantlr4.v4.runtime.atn.PlusBlockStartState                           : loaded 2 times (x 90B)
Class org.apache.groovy.parser.antlr4.GroovyParser$LocalVariableDeclarationStmtAltContext: loaded 2 times (x 158B)
Class org.apache.groovy.parser.antlr4.GroovyParser$MapEntryListContext                : loaded 2 times (x 160B)
Class org.codehaus.groovy.classgen.FinalVariableAnalyzer                              : loaded 2 times (x 213B)
Class org.jetbrains.kotlin.psi.KtFunctionType                                         : loaded 2 times (x 515B)
Class org.jetbrains.kotlin.psi.KtConstructor                                          : loaded 2 times (x 1276B)
Class kotlin.io.LinesSequence$iterator$1                                              : loaded 2 times (x 79B)
Class com.android.tools.lint.model.LintModelSeverity                                  : loaded 2 times (x 79B)
Class kotlin.text.CharsKt                                                             : loaded 2 times (x 71B)
Class com.android.io.CancellableFileIo                                                : loaded 2 times (x 71B)
Class org.jetbrains.kotlin.config.CompilerConfiguration                               : loaded 2 times (x 88B)
Class com.google.protobuf.AbstractMessage                                             : loaded 2 times (x 164B)
Class org.jetbrains.org.objectweb.asm.tree.ModuleNode                                 : loaded 2 times (x 83B)
Class org.jetbrains.kotlin.incremental.classpathDiff.impl.InstanceBasedSnapshotter    : loaded 2 times (x 72B)
Class org.jetbrains.kotlin.daemon.common.ReportCategory                               : loaded 2 times (x 79B)
Class org.jetbrains.kotlin.gradle.tasks.AbstractKotlinCompile$getChangedFiles$1       : loaded 2 times (x 78B)
Class org.jetbrains.kotlin.compilerRunner.IncrementalCompilationEnvironment$Companion : loaded 2 times (x 71B)
Class [Lorg.jetbrains.kotlin.com.google.common.cache.CacheBuilder$NullListener;       : loaded 2 times (x 69B)
Class com.google.common.base.Optional                                                 : loaded 2 times (x 80B)
Class org.jetbrains.kotlin.build.report.metrics.BuildTimes$Companion                  : loaded 2 times (x 71B)
Class org.jetbrains.kotlin.gradle.internal.tasks.ProducesKlib                         : loaded 2 times (x 70B)
Class org.jetbrains.kotlin.gradle.tasks.configuration.BaseKotlinCompileConfig$1$classpathConfiguration$1: loaded 2 times (x 75B)
Class org.jetbrains.kotlin.gradle.tasks.abi.KotlinLegacyAbiUpdateTask                 : loaded 2 times (x 318B)
Class org.jetbrains.kotlin.gradle.targets.js.npm.NpmDependencyExtensionDelegate       : loaded 2 times (x 167B)
Class org.jetbrains.kotlin.gradle.plugin.sources.FragmentConsistencyChecker           : loaded 2 times (x 72B)
Class org.jetbrains.kotlin.gradle.targets.native.internal.SetupKotlinNativePlatformDependenciesAndStdlibKt$SetupKotlinNativePlatformDependenciesAndStdlib$1: loaded 2 times (x 74B)
Class org.jetbrains.kotlin.gradle.dsl.DefaultToolchainSupport_Decorated               : loaded 2 times (x 124B)
Class org.jetbrains.kotlin.gradle.plugin.statistics.BuildFinishBuildService$Parameters_Decorated: loaded 2 times (x 143B)
Class org.jetbrains.kotlin.gradle.internal.properties.NativePropertiesLoader$jvmArgs$1: loaded 2 times (x 75B)
Class org.jetbrains.kotlin.gradle.report.BuildMetricsService$Companion                : loaded 2 times (x 71B)
Class org.jetbrains.kotlin.gradle.tasks.KotlinCompileTool                             : loaded 2 times (x 70B)
Class org.jetbrains.kotlin.gradle.plugin.VariantImplementationFactories$Parameters_Decorated: loaded 2 times (x 134B)
Class org.jetbrains.kotlin.gradle.plugin.PropertiesProvider$PropertyNames             : loaded 2 times (x 71B)
Class org.jetbrains.kotlin.gradle.utils.SingleAction$PerformedActions                 : loaded 2 times (x 72B)
Class org.jetbrains.kotlin.gradle.utils.GradleUtilsKt                                 : loaded 2 times (x 71B)
Class org.jetbrains.kotlin.gradle.plugin.HasProject                                   : loaded 2 times (x 70B)
Class com.google.common.util.concurrent.AbstractFuture$Trusted                        : loaded 2 times (x 70B)
Class org.jetbrains.kotlin.diagnostics.PositioningStrategies$VALUE_ARGUMENTS$1        : loaded 2 times (x 74B)
Class [Lorg.jetbrains.kotlin.load.java.SpecialGenericSignatures$TypeSafeBarrierDescription;: loaded 2 times (x 69B)
Class org.jetbrains.kotlin.codegen.signature.BothSignatureWriter$1                    : loaded 2 times (x 71B)
Class org.jetbrains.kotlin.utils.DFS$AbstractNodeHandler                              : loaded 2 times (x 79B)
Class org.jetbrains.kotlin.diagnostics.PositioningStrategies$CALL_ELEMENT$1           : loaded 2 times (x 74B)
Class com.google.protobuf.Internal$EnumLite                                           : loaded 2 times (x 70B)
Class org.codehaus.groovy.transform.stc.StaticTypeCheckingSupport                     : loaded 2 times (x 71B)
Class kotlin.collections.builders.MapBuilder$EntryRef                                 : loaded 2 times (x 81B)
Class org.codehaus.groovy.runtime.memoize.ConcurrentSoftCache                         : loaded 2 times (x 155B)
Class kotlin.collections.MutableMapWithDefault                                        : loaded 2 times (x 70B)
Class [Lorg.codehaus.groovy.ast.Parameter;                                            : loaded 2 times (x 69B)
Class org.apache.groovy.parser.antlr4.util.StringUtils$1                              : loaded 2 times (x 133B)
Class org.gradle.api.internal.DefaultClassPathProvider                                : loaded 2 times (x 76B)
Class org.apache.groovy.parser.antlr4.GroovyParser$LiteralPrmrAltContext              : loaded 2 times (x 158B)
Class org.apache.groovy.parser.antlr4.GroovyParser$PowerExprAltContext                : loaded 2 times (x 161B)
Class org.jetbrains.kotlin.load.java.AnnotationQualifierApplicabilityType             : loaded 2 times (x 79B)
Class groovy.security.GroovyCodeSourcePermission                                      : loaded 2 times (x 80B)
Class org.jetbrains.kotlin.resolve.checkers.ClassifierUsageCheckerContext             : loaded 2 times (x 78B)
Class org.codehaus.groovy.ast.stmt.ThrowStatement                                     : loaded 2 times (x 112B)
Class org.jetbrains.kotlin.resolve.checkers.ReservedMembersAndConstructsForValueClass$Companion: loaded 2 times (x 71B)
Class groovy.lang.MetaArrayLengthProperty                                             : loaded 2 times (x 77B)
Class org.jetbrains.kotlin.resolve.PlatformDependentAnalyzerServices                  : loaded 2 times (x 77B)
Class org.codehaus.groovy.runtime.EncodingGroovyMethods                               : loaded 2 times (x 71B)
Class org.codehaus.groovy.util.ComplexKeyHashMap$EntryIterator                        : loaded 2 times (x 70B)
Class com.android.resources.Density                                                   : loaded 2 times (x 92B)
Class kotlin.reflect.jvm.internal.KMutableProperty1Impl                               : loaded 2 times (x 135B)
Class org.jetbrains.kotlin.psi.KtWhenConditionInRange                                 : loaded 2 times (x 379B)
Class org.jetbrains.kotlin.psi.KtContainerNode                                        : loaded 2 times (x 376B)
Class org.jetbrains.kotlin.serialization.deserialization.ClassDeserializer$Companion  : loaded 2 times (x 71B)
Class org.jetbrains.kotlin.asJava.KotlinAsJavaSupport                                 : loaded 2 times (x 89B)
Class org.jetbrains.kotlin.metadata.jvm.JvmModuleProtoBuf$ModuleOrBuilder             : loaded 2 times (x 70B)
Class org.objectweb.asm.AnnotationVisitor                                             : loaded 2 times (x 78B)
Class [Lorg.jetbrains.kotlin.config.LanguageFeature$Kind;                             : loaded 2 times (x 69B)
Class org.jetbrains.kotlin.config.LanguageFeature$Kind                                : loaded 2 times (x 79B)
Class org.jetbrains.kotlin.gradle.plugin.VariantImplementationFactoriesConfigurator$Companion$getProvider$1: loaded 2 times (x 74B)
Class org.jetbrains.kotlin.psi.KtExpressionCodeFragmentType                           : loaded 2 times (x 84B)
Class org.jetbrains.kotlin.psi.stubs.KotlinImportDirectiveStub                        : loaded 2 times (x 70B)
Class org.jetbrains.kotlin.psi.stubs.elements.KtObjectElementType                     : loaded 2 times (x 104B)
Class org.jetbrains.kotlin.psi.KtBackingField                                         : loaded 2 times (x 792B)
Class kotlin.reflect.jvm.internal.impl.builtins.functions.FunctionTypeKind$SuspendFunction: loaded 2 times (x 72B)
Class kotlin.jvm.internal.PropertyReference2Impl                                      : loaded 2 times (x 127B)
Class org.jetbrains.kotlin.cli.jvm.compiler.MockInferredAnnotationsManager            : loaded 2 times (x 74B)
Class kotlin.coroutines.ContinuationInterceptor$Key                                   : loaded 2 times (x 71B)
Class kotlin.text.DelimitedRangesSequence$iterator$1                                  : loaded 2 times (x 79B)
Class com.android.tools.lint.model.DefaultLintModelLibraryResolver                    : loaded 2 times (x 76B)
Class it.unimi.dsi.fastutil.Function                                                  : loaded 2 times (x 70B)
Class org.jetbrains.kotlin.gradle.fus.BuildUidService$Companion                       : loaded 2 times (x 71B)
Class org.jetbrains.kotlin.gradle.plugin.PropertiesProvider$kotlinExperimentalTryNext$1: loaded 2 times (x 75B)
Class org.jetbrains.kotlin.statistics.metrics.BooleanOverridePolicy$OVERRIDE          : loaded 2 times (x 85B)
Class org.jetbrains.kotlin.statistics.metrics.BooleanAnonymizationPolicy              : loaded 2 times (x 85B)
Class org.jetbrains.kotlin.gradle.targets.native.toolchain.KotlinNativeBundleBuildService$Companion$registerIfAbsent$1: loaded 2 times (x 75B)
Class org.jetbrains.kotlin.config.Services                                            : loaded 2 times (x 72B)
Class org.jetbrains.kotlin.gradle.tasks.AbstractKotlinCompile$execute$1$1             : loaded 2 times (x 79B)
Class com.google.common.io.ByteSink$AsCharSink                                        : loaded 2 times (x 80B)
Class com.google.common.collect.ExplicitOrdering                                      : loaded 2 times (x 115B)
Class org.jetbrains.kotlin.gradle.tasks.configuration.AbstractKotlinCompileConfig$2$3 : loaded 2 times (x 75B)
Class org.jetbrains.kotlin.tooling.core.KotlinToolingVersion                          : loaded 2 times (x 75B)
Class org.jetbrains.kotlin.gradle.tasks.configuration.BaseKotlinCompileConfig         : loaded 2 times (x 72B)
Class org.jetbrains.kotlin.gradle.plugin.mpp.compilationImpl.factory.KotlinCompilationImplFactory$KotlinCompilationTaskNamesContainerFactory: loaded 2 times (x 70B)
Class org.jetbrains.kotlin.gradle.internal.KotlinDependenciesManagementKt$CustomizeKotlinDependenciesSetupAction$1$coreLibrariesVersion$1: loaded 2 times (x 79B)
Class org.jetbrains.kotlin.gradle.plugin.diagnostics.checkers.AndroidPublicationNotConfiguredChecker$runChecks$1: loaded 2 times (x 88B)
Class org.jetbrains.kotlin.gradle.plugin.diagnostics.checkers.CInteropInputChecker$runChecks$1: loaded 2 times (x 88B)
Class org.jetbrains.kotlin.gradle.plugin.diagnostics.ToolingDiagnosticRenderingOptionsKt$isAttachedToTerminal$1: loaded 2 times (x 74B)
Class org.jetbrains.kotlin.gradle.ExperimentalKotlinGradlePluginApi                   : loaded 2 times (x 70B)
Class org.jetbrains.kotlin.gradle.internal.properties.NativePropertiesLoader          : loaded 2 times (x 85B)
Class org.jetbrains.kotlin.statistics.metrics.NumberAnonymizationPolicy$SAFE          : loaded 2 times (x 85B)
Class org.jetbrains.kotlin.gradle.plugin.statistics.BuildFusService                   : loaded 2 times (x 84B)
Class org.jetbrains.kotlin.gradle.dsl.KotlinAndroidProjectExtension                   : loaded 2 times (x 139B)
Class com.google.common.util.concurrent.UncheckedExecutionException                   : loaded 2 times (x 82B)
Class kotlin.collections.builders.MapBuilder$EntriesItr                               : loaded 2 times (x 81B)
Class org.jetbrains.kotlin.gradle.tasks.publishing.GeneratePgpKeys                    : loaded 2 times (x 320B)
Class kotlin.jvm.internal.Ref$IntRef                                                  : loaded 2 times (x 71B)
Class org.jetbrains.kotlin.load.kotlin.AbstractBinaryClassAnnotationLoaderKt          : loaded 2 times (x 71B)
Class org.jetbrains.kotlin.load.java.JavaClassFinder$Request                          : loaded 2 times (x 72B)
Class org.codehaus.groovy.classgen.asm.AssertionWriter                                : loaded 2 times (x 77B)
Class org.jetbrains.kotlin.gradle.utils.ProviderApiUtilsKt$mapOrNull$1                : loaded 2 times (x 75B)
Class org.jetbrains.kotlin.load.kotlin.KotlinClassFinder$Result                       : loaded 2 times (x 71B)
Class org.codehaus.groovy.classgen.asm.WriterController                               : loaded 2 times (x 123B)
Class org.codehaus.groovy.classgen.BytecodeSequence                                   : loaded 2 times (x 112B)
Class org.apache.groovy.parser.antlr4.util.StringUtils$2                              : loaded 2 times (x 133B)
Class [Lgroovyjarjarantlr4.v4.runtime.atn.PredictionMode;                             : loaded 2 times (x 69B)
Class org.apache.groovy.parser.antlr4.GroovyParser$StandardLambdaParametersContext    : loaded 2 times (x 158B)
Class org.apache.groovy.parser.antlr4.GroovyParser$LabeledStmtAltContext              : loaded 2 times (x 161B)
Class org.apache.groovy.parser.antlr4.GroovyParser$IntegerLiteralAltContext           : loaded 2 times (x 158B)
Class org.apache.groovy.parser.antlr4.GroovyParser$DynamicMemberNameContext           : loaded 2 times (x 158B)
Class org.jetbrains.kotlin.load.java.JavaNullabilityAnnotationsStatus                 : loaded 2 times (x 72B)
Class org.jetbrains.kotlin.resolve.checkers.SubtypingBetweenContextReceiversChecker   : loaded 2 times (x 74B)
Class org.jetbrains.kotlin.resolve.checkers.MissingDependencySupertypeChecker$ForDeclarations: loaded 2 times (x 74B)
Class groovy.lang.MissingMethodException                                              : loaded 2 times (x 92B)
Class org.jetbrains.kotlin.fileClasses.JvmFileClassInfo                               : loaded 2 times (x 70B)
Class org.jetbrains.kotlin.load.java.structure.JavaClass                              : loaded 2 times (x 70B)
Class org.jetbrains.kotlin.types.TypeAttributeTranslator                              : loaded 2 times (x 70B)
Class org.jetbrains.kotlin.gradle.targets.CreateDefaultTestRunSideEffectKt            : loaded 2 times (x 71B)
Class org.jetbrains.kotlin.psi.stubs.KotlinClassifierStub                             : loaded 2 times (x 70B)
Class org.jetbrains.kotlin.psi.stubs.elements.KtStubElementType                       : loaded 2 times (x 100B)
Class org.jetbrains.kotlin.psi.KtFile$Companion                                       : loaded 2 times (x 71B)
Class org.jetbrains.kotlin.parsing.KotlinParserDefinition$Companion                   : loaded 2 times (x 71B)
Class org.jetbrains.kotlin.config.MavenComparableVersion                              : loaded 2 times (x 78B)
Class org.jetbrains.kotlin.platform.jvm.JvmPlatforms                                  : loaded 2 times (x 71B)
Class com.android.tools.lint.model.LintModelModuleLoader                              : loaded 2 times (x 70B)
Class org.jetbrains.kotlin.konan.target.KonanTarget                                   : loaded 2 times (x 78B)
Class org.jetbrains.kotlin.incremental.classpathDiff.KotlinClassSnapshot              : loaded 2 times (x 74B)
Class org.jetbrains.kotlin.statistics.fileloggers.MetricsContainer$Companion$readFromFile$1: loaded 2 times (x 79B)
Class org.jetbrains.kotlin.daemon.client.BasicCompilerServicesWithResultsFacadeServerKt$WhenMappings: loaded 2 times (x 71B)
Class org.jetbrains.kotlin.com.google.common.cache.LocalCache$Segment                 : loaded 2 times (x 154B)
Class org.jetbrains.kotlin.com.google.common.cache.LocalCache$Strength                : loaded 2 times (x 81B)
Class org.jetbrains.kotlin.gradle.tasks.configuration.AbstractKotlinCompileConfig$2$4 : loaded 2 times (x 75B)
Class org.jetbrains.kotlin.gradle.tasks.KotlinCompile$scriptSources$1                 : loaded 2 times (x 75B)
Class org.jetbrains.kotlin.build.report.metrics.BuildAttribute$Companion              : loaded 2 times (x 71B)
Class org.jetbrains.kotlin.gradle.plugin.diagnostics.checkers.CInteropInputChecker$runChecks$2: loaded 2 times (x 75B)
Class org.jetbrains.kotlin.gradle.tasks.configuration.KaptGenerateStubsConfig$Companion: loaded 2 times (x 71B)
Class org.jetbrains.kotlin.gradle.internal.KotlinTestDependencyManagementKt$maybeAddTestDependencyCapability$1: loaded 2 times (x 75B)
Class org.jetbrains.kotlin.gradle.dsl.abi.AbiValidationLegacyDumpExtension            : loaded 2 times (x 70B)
Class org.jetbrains.kotlin.gradle.plugin.diagnostics.CheckKotlinGradlePluginConfigurationErrorsKt: loaded 2 times (x 71B)
Class org.jetbrains.kotlin.gradle.plugin.diagnostics.ToolingDiagnosticRenderingOptionsKt$isAttachedToTerminal$2: loaded 2 times (x 74B)
Class org.jetbrains.kotlin.gradle.targets.js.npm.NpmDependencyExtensionKt$AddNpmDependencyExtensionProjectSetupAction$1$WhenMappings: loaded 2 times (x 71B)
Class org.jetbrains.kotlin.gradle.plugin.mpp.KotlinJvmAndroidCompilation              : loaded 2 times (x 198B)
Class org.jetbrains.kotlin.gradle.targets.CreateDefaultCompilationsSideEffectKt$CreateDefaultCompilationsSideEffect$1: loaded 2 times (x 74B)
Class org.jetbrains.kotlin.gradle.targets.native.internal.AddKotlinPlatformIntegersSupportLibraryKt$AddKotlinPlatformIntegersSupportLibrary$1: loaded 2 times (x 95B)
Class org.jetbrains.kotlin.gradle.plugin.mpp.ApplyUserDefinedAttributesKt             : loaded 2 times (x 71B)
Class org.jetbrains.kotlin.gradle.utils.FutureImpl                                    : loaded 2 times (x 80B)
Class org.jetbrains.kotlin.gradle.internal.properties.NativePropertiesLoader$isToolchainEnabled$1: loaded 2 times (x 75B)
Class [Lorg.jetbrains.kotlin.statistics.metrics.NumericalMetrics;                     : loaded 2 times (x 69B)
Class org.gradle.internal.InternalTransformer                                         : loaded 2 times (x 70B)
Class org.jetbrains.kotlin.gradle.plugin.diagnostics.KotlinGradleProjectCheckersRunnerKt$launchKotlinGradleProjectCheckers$1$1: loaded 2 times (x 95B)
Class androidx.activity.lint.ActivityResultFragmentVersionDetector                    : loaded 2 times (x 181B)
Class org.jetbrains.kotlin.gradle.plugin.diagnostics.checkers.AndroidSourceSetLayoutV1SourceSetsNotFoundChecker$runChecks$1: loaded 2 times (x 88B)
Class kotlin.DeprecationLevel                                                         : loaded 2 times (x 79B)
Class org.jetbrains.kotlin.load.java.SpecialGenericSignatures$TypeSafeBarrierDescription$MAP_GET_OR_DEFAULT: loaded 2 times (x 80B)
Class org.jetbrains.kotlin.diagnostics.PositioningStrategies$CUT_CHAR_QUOTES$1        : loaded 2 times (x 74B)
Class org.jetbrains.kotlin.diagnostics.PositioningStrategies$PROPERTY_DELEGATE$1      : loaded 2 times (x 74B)
Class com.google.protobuf.UnsafeUtil$Android32MemoryAccessor                          : loaded 2 times (x 91B)
Class com.google.protobuf.Extension$ExtensionType                                     : loaded 2 times (x 79B)
Class com.google.protobuf.AbstractMessageLite$Builder$LimitedInputStream              : loaded 2 times (x 92B)
Class org.jetbrains.kotlin.descriptors.annotations.KotlinTarget$Companion             : loaded 2 times (x 71B)
Class [Lorg.codehaus.groovy.tools.GroovyClass;                                        : loaded 2 times (x 69B)
Class org.jetbrains.kotlin.gradle.plugin.diagnostics.checkers.AndroidPluginWithoutAndroidTargetChecker$runChecks$1: loaded 2 times (x 88B)
Class org.codehaus.groovy.transform.ASTTransformationCollectorCodeVisitor             : loaded 2 times (x 212B)
Class org.codehaus.groovy.ast.stmt.EmptyStatement$1                                   : loaded 2 times (x 110B)
Class org.apache.groovy.parser.antlr4.util.StringUtils$3                              : loaded 2 times (x 133B)
Class org.jetbrains.kotlin.resolve.jvm.KotlinJavaPsiFacade$CliFinder                  : loaded 2 times (x 84B)
Class org.apache.groovy.parser.antlr4.GroovyParser$ArrayInitializerContext            : loaded 2 times (x 161B)
Class groovyjarjarantlr4.v4.runtime.CommonTokenFactory                                : loaded 2 times (x 79B)
Class org.jetbrains.kotlin.gradle.ExternalKotlinTargetApi                             : loaded 2 times (x 70B)
Class org.apache.groovy.parser.antlr4.GroovyParser$EnhancedArgumentListElementContext : loaded 2 times (x 159B)
Class org.jetbrains.kotlin.load.java.NullabilityAnnotationStatesImpl                  : loaded 2 times (x 75B)
Class org.apache.groovy.parser.antlr4.GroovyParser$GroovyParserRuleContext            : loaded 2 times (x 156B)
Class groovyjarjarantlr4.v4.runtime.tree.RuleNode                                     : loaded 2 times (x 70B)
Class kotlin.time.DurationUnitKt__DurationUnitJvmKt                                   : loaded 2 times (x 71B)
Class kotlin.jvm.JvmStatic                                                            : loaded 2 times (x 70B)
Class org.codehaus.groovy.runtime.memoize.EvictableCache                              : loaded 2 times (x 70B)
Class org.jetbrains.kotlin.types.DynamicTypesSettings                                 : loaded 2 times (x 72B)
Class org.jetbrains.kotlin.resolve.calls.checkers.CompanionIncorrectlyUnboundedWhenUsedAsLHSCallChecker: loaded 2 times (x 74B)
Class org.jetbrains.kotlin.resolve.checkers.PrimitiveNumericComparisonCallChecker     : loaded 2 times (x 74B)
Class org.jetbrains.kotlin.resolve.calls.checkers.UnsupportedUntilRangeDeclarationChecker: loaded 2 times (x 74B)
Class org.codehaus.groovy.ast.stmt.ReturnStatement                                    : loaded 2 times (x 113B)
Class org.jetbrains.kotlin.psi.KtPsiFactoryKt                                         : loaded 2 times (x 71B)
Class com.android.resources.ScreenRound                                               : loaded 2 times (x 86B)
Class org.jetbrains.kotlin.parsing.BindFirstShebangWithWhitespaceOnly                 : loaded 2 times (x 76B)
Class org.jetbrains.kotlin.serialization.deserialization.ProtoBasedClassDataFinder    : loaded 2 times (x 75B)
Class org.jetbrains.kotlin.metadata.ProtoBuf$Annotation$Argument$Value$Builder        : loaded 2 times (x 154B)
Class org.jetbrains.kotlin.buildtools.api.jvm.ClassSnapshotGranularity                : loaded 2 times (x 79B)
Class org.jetbrains.kotlin.load.kotlin.KotlinClassFinder                              : loaded 2 times (x 70B)
Class it.unimi.dsi.fastutil.ints.IntArraySet                                          : loaded 2 times (x 235B)
Class kotlin.reflect.jvm.internal.ReflectionFactoryImpl                               : loaded 2 times (x 91B)
Class kotlin.collections.builders.SetBuilder$Companion                                : loaded 2 times (x 71B)
Class com.android.ide.common.gradle.Separator                                         : loaded 2 times (x 79B)
Class com.android.tools.lint.model.LintModelSourceProvider                            : loaded 2 times (x 70B)
Class org.jetbrains.kotlin.incremental.ClasspathChanges                               : loaded 2 times (x 71B)
Class [Lcom.android.prefs.VariableValue;                                              : loaded 2 times (x 69B)
Class kotlin.collections.ArraysKt___ArraysKt$asSequence$$inlined$Sequence$1           : loaded 2 times (x 75B)
Class com.android.tools.lint.model.PathVariables$Companion                            : loaded 2 times (x 71B)
Class com.google.common.collect.ComparatorOrdering                                    : loaded 2 times (x 115B)
Class com.android.manifmerger.ManifestMerger2$MergeFailureException                   : loaded 2 times (x 82B)
Class org.jetbrains.kotlin.com.google.common.cache.LocalCache$LocalManualCache$1      : loaded 2 times (x 75B)
Class org.jetbrains.kotlin.gradle.tasks.KotlinCompile$createCompilerArguments$1$2$1   : loaded 2 times (x 79B)
Class com.google.common.collect.ImmutableSet$SerializedForm                           : loaded 2 times (x 73B)
Class org.jetbrains.kotlin.incremental.classpathDiff.impl.ExtraInfoGeneratorWithInlinedClassSnapshotting: loaded 2 times (x 74B)
Class [Lcom.google.common.hash.ImmutableSupplier;                                     : loaded 2 times (x 69B)
Class org.jetbrains.kotlin.gradle.plugin.KotlinCompilerArgumentsProducer$DefaultImpls : loaded 2 times (x 71B)
Class org.jetbrains.kotlin.com.google.common.util.concurrent.ListenableFuture         : loaded 2 times (x 70B)
Class org.jetbrains.kotlin.com.google.common.cache.CacheLoader$SupplierToCacheLoader  : loaded 2 times (x 75B)
Class com.google.common.collect.HashMultimapGwtSerializationDependencies              : loaded 2 times (x 174B)
Class org.jetbrains.kotlin.gradle.tasks.CompileUsingKotlinDaemonWithNormalization     : loaded 2 times (x 70B)
Class org.jetbrains.kotlin.gradle.plugin.mpp.compilationImpl.factory.KotlinCompilationImplFactory$PostConfigure$Companion: loaded 2 times (x 71B)
Class org.jetbrains.kotlin.gradle.internal.KotlinDomApiDependencyManagementKt$configureKotlinDomApiDefaultDependency$1: loaded 2 times (x 79B)
Class org.jetbrains.kotlin.gradle.targets.js.npm.DefaultDevNpmDependencyExtension     : loaded 2 times (x 145B)
Class [Lorg.jetbrains.kotlin.gradle.plugin.HasKotlinDependencies;                     : loaded 2 times (x 69B)
Class org.jetbrains.kotlin.gradle.tasks.DefaultKotlinJavaToolchain$Companion$wireJvmTargetToToolchain$1: loaded 2 times (x 75B)
Class org.jetbrains.kotlin.gradle.plugin.diagnostics.checkers.JsLikeEnvironmentChecker: loaded 2 times (x 76B)
Class org.jetbrains.kotlin.gradle.plugin.KotlinPlatformType                           : loaded 2 times (x 82B)
Class org.jetbrains.kotlin.gradle.plugin.KotlinGradleBuildServices$Companion          : loaded 2 times (x 71B)
Class org.jetbrains.kotlin.gradle.internal.properties.PropertiesBuildServiceKt        : loaded 2 times (x 71B)
Class org.objectweb.asm.ClassWriter                                                   : loaded 2 times (x 106B)
Class com.google.common.cache.CacheLoader$UnsupportedLoadingOperationException        : loaded 2 times (x 82B)
Class org.gradle.internal.classloader.ClasspathUtil$1                                 : loaded 2 times (x 76B)
Class org.jetbrains.kotlin.daemon.common.StringPropMapper                             : loaded 2 times (x 74B)
Class org.jetbrains.kotlin.incremental.classpathDiff.impl.ClassFile                   : loaded 2 times (x 72B)
Class kotlin.jvm.internal.ArrayIteratorKt                                             : loaded 2 times (x 71B)
Class org.jetbrains.kotlin.load.java.structure.JavaField                              : loaded 2 times (x 70B)
Class org.jetbrains.kotlin.diagnostics.PositioningStrategies$WHOLE_ELEMENT$1          : loaded 2 times (x 74B)
Class org.jetbrains.kotlin.types.TypeCheckerState$SupertypesPolicy                    : loaded 2 times (x 72B)
Class com.google.gson.TypeAdapter                                                     : loaded 2 times (x 73B)
Class com.android.ide.common.gradle.Numeric                                           : loaded 2 times (x 77B)
Class kotlinx.coroutines.EventLoop_commonKt                                           : loaded 2 times (x 71B)
Class org.apache.groovy.parser.antlr4.util.StringUtils$4                              : loaded 2 times (x 133B)
Class org.jetbrains.kotlin.resolve.jvm.TopPackageNamesProvider                        : loaded 2 times (x 70B)
Class org.apache.groovy.parser.antlr4.GroovyParser$ClassOrInterfaceModifiersContext   : loaded 2 times (x 160B)
Class org.apache.groovy.parser.antlr4.GroovyParser$ResourceListContext                : loaded 2 times (x 160B)
Class org.jetbrains.kotlin.descriptors.Modality                                       : loaded 2 times (x 79B)
Class org.apache.groovy.parser.antlr4.GroovyParser$VariableDeclaratorIdContext        : loaded 2 times (x 157B)
Class org.jetbrains.kotlin.resolve.calls.results.TypeSpecificityComparator            : loaded 2 times (x 70B)
Class groovyjarjarasm.asm.ClassVisitor                                                : loaded 2 times (x 88B)
Class groovy.lang.MetaClassImpl$MethodIndexAction                                     : loaded 2 times (x 75B)
Class org.codehaus.groovy.runtime.GroovyCategorySupport$CategoryMethod                : loaded 2 times (x 103B)
Class org.codehaus.groovy.runtime.dgmimpl.arrays.DoubleArrayPutAtMetaMethod           : loaded 2 times (x 97B)
Class kotlin.reflect.KProperty$Accessor                                               : loaded 2 times (x 70B)
Class kotlin.reflect.jvm.internal.KCallableImpl                                       : loaded 2 times (x 105B)
Class org.jetbrains.kotlin.psi.KtPrefixExpression                                     : loaded 2 times (x 502B)
Class org.jetbrains.kotlin.metadata.jvm.deserialization.PackageParts                  : loaded 2 times (x 72B)
Class kotlin.reflect.jvm.internal.impl.builtins.functions.FunctionTypeKind$Function   : loaded 2 times (x 72B)
Class org.jetbrains.kotlin.config.AnalysisFlags                                       : loaded 2 times (x 71B)
Class org.jetbrains.kotlin.load.kotlin.JvmPackagePartProviderBase$Companion           : loaded 2 times (x 71B)
Class org.jetbrains.kotlin.cli.jvm.index.JavaRoot$RootType                            : loaded 2 times (x 79B)
Class org.jetbrains.kotlin.storage.NullableLazyValue                                  : loaded 2 times (x 70B)
Class [Lorg.jetbrains.kotlin.psi.KtBlockStringTemplateEntry;                          : loaded 2 times (x 69B)
Class org.jetbrains.kotlin.types.model.KotlinTypeMarker                               : loaded 2 times (x 70B)
Class org.jetbrains.kotlin.psi.KtDeclarationWithInitializer                           : loaded 2 times (x 70B)
Class org.jetbrains.kotlin.psi.KtElementImplStub                                      : loaded 2 times (x 445B)
Class kotlin.reflect.jvm.internal.impl.builtins.StandardNames$FqNames                 : loaded 2 times (x 71B)
Class kotlin.coroutines.ContinuationKt                                                : loaded 2 times (x 71B)
Class kotlin.collections.builders.ListBuilderKt                                       : loaded 2 times (x 71B)
Class kotlinx.coroutines.JobSupport                                                   : loaded 2 times (x 132B)
Class com.android.tools.lint.model.LintModelDependencyGraph                           : loaded 2 times (x 70B)
Class org.jetbrains.kotlin.psi.KtUserType                                             : loaded 2 times (x 514B)
Class org.jetbrains.kotlin.incremental.KotlinClassInfo$Companion                      : loaded 2 times (x 71B)
Class org.jetbrains.kotlin.incremental.storage.DelegateDataExternalizer               : loaded 2 times (x 76B)
Class org.jetbrains.kotlin.daemon.client.KotlinCompilerClient$GcAutoConfiguration     : loaded 2 times (x 72B)
Class org.jetbrains.kotlin.com.google.common.base.FunctionalEquivalence               : loaded 2 times (x 83B)
Class com.google.common.collect.FluentIterable$1                                      : loaded 2 times (x 81B)
Class org.jetbrains.kotlin.gradle.plugin.diagnostics.ToolingDiagnosticRenderingOptions$Companion: loaded 2 times (x 71B)
Class org.jetbrains.kotlin.gradle.dsl.KotlinJvmCompilerOptionsHelper                  : loaded 2 times (x 71B)
Class org.jetbrains.kotlin.gradle.tasks.DefaultKotlinJavaToolchain$Companion$wireJvmTargetToToolchain$2: loaded 2 times (x 75B)
Class org.jetbrains.kotlin.gradle.plugin.diagnostics.DiagnosticGroup$KotlinDiagnosticGroup: loaded 2 times (x 81B)
Class org.jetbrains.kotlin.gradle.plugin.ProjectLocalConfigurations$ProjectLocalDisambiguation: loaded 2 times (x 76B)
Class org.jetbrains.kotlin.gradle.plugin.mpp.apple.swiftexport.internal.SwiftExportInitKt: loaded 2 times (x 71B)
Class org.jetbrains.kotlin.gradle.internal.properties.PropertiesBuildService$NullableStringGradleProperty: loaded 2 times (x 76B)
Class org.jetbrains.kotlin.gradle.targets.native.KonanPropertiesBuildService          : loaded 2 times (x 76B)
Class org.jetbrains.kotlin.gradle.plugin.KotlinGradleBuildServices$detectKotlinPluginLoadedInMultipleProjects$onRegister$1$1: loaded 2 times (x 75B)
Class org.jetbrains.kotlin.gradle.plugin.internal.ConfigurationCacheStartParameterAccessor$Factory: loaded 2 times (x 70B)
Class org.objectweb.asm.FieldVisitor                                                  : loaded 2 times (x 77B)
Class org.gradle.api.internal.classpath.DefaultModuleRegistry$DefaultModule           : loaded 2 times (x 86B)
Class org.jetbrains.org.objectweb.asm.util.CheckSignatureAdapter                      : loaded 2 times (x 88B)
Class org.jetbrains.kotlin.diagnostics.PositioningStrategies$DEFAULT$1                : loaded 2 times (x 74B)
Class org.jetbrains.kotlin.types.model.CapturedTypeConstructorMarker                  : loaded 2 times (x 70B)
Class org.jetbrains.kotlin.resolve.calls.inference.model.NewConstraintSystemImpl$TransactionState: loaded 2 times (x 74B)
Class com.google.protobuf.CodedInputStream$IterableDirectByteBufferDecoder            : loaded 2 times (x 120B)
Class com.google.protobuf.Internal$DoubleList                                         : loaded 2 times (x 70B)
Class [Lorg.jetbrains.kotlin.resolve.calls.tasks.ExplicitReceiverKind;                : loaded 2 times (x 69B)
Class org.jetbrains.kotlin.psi.stubs.elements.KtEnumEntrySuperClassReferenceExpressionElementType: loaded 2 times (x 100B)
Class org.codehaus.groovy.control.InstanceOfVerifier                                  : loaded 2 times (x 211B)
Class org.codehaus.groovy.classgen.BytecodeExpression                                 : loaded 2 times (x 128B)
Class groovyjarjarantlr4.v4.runtime.atn.SemanticContext$Operator                      : loaded 2 times (x 74B)
Class com.google.common.collect.MapMakerInternalMap$WeakKeyStrongValueEntry           : loaded 2 times (x 90B)
Class org.jetbrains.kotlin.storage.CacheWithNullableValues                            : loaded 2 times (x 70B)
Class groovyjarjarantlr4.v4.runtime.CharStream                                        : loaded 2 times (x 70B)
Class groovy.lang.Reference                                                           : loaded 2 times (x 86B)
Class org.codehaus.groovy.ast.PropertyNode                                            : loaded 2 times (x 155B)
Class org.apache.groovy.io.StringBuilderWriter                                        : loaded 2 times (x 100B)
Class org.codehaus.groovy.reflection.stdclasses.ObjectCachedClass                     : loaded 2 times (x 95B)
Class org.codehaus.groovy.ast.GroovyCodeVisitor                                       : loaded 2 times (x 70B)
Class kotlin.jvm.internal.AdaptedFunctionReference                                    : loaded 2 times (x 77B)
Class org.jetbrains.kotlin.parsing.KotlinParsing$DeclarationParsingMode               : loaded 2 times (x 79B)
Class org.jetbrains.kotlin.psi.KtDestructuringDeclarationEntry                        : loaded 2 times (x 1237B)
Class org.jetbrains.kotlin.metadata.deserialization.NameResolverImpl$WhenMappings     : loaded 2 times (x 71B)
Class org.jetbrains.kotlin.psi.KtOperationExpression                                  : loaded 2 times (x 70B)
Class org.jetbrains.kotlin.asJava.classes.ImplUtilsKt                                 : loaded 2 times (x 71B)
Class org.jetbrains.kotlin.resolve.extensions.ExtraImportsProviderExtension$Companion : loaded 2 times (x 72B)
Class com.android.ide.common.resources.configuration.NavigationMethodQualifier        : loaded 2 times (x 90B)
Class org.codehaus.groovy.ast.Parameter                                               : loaded 2 times (x 151B)
Class org.codehaus.groovy.runtime.dgmimpl.arrays.CharacterArrayGetAtMetaMethod        : loaded 2 times (x 97B)
Class org.jetbrains.kotlin.storage.SimpleLock                                         : loaded 2 times (x 70B)
Class org.jetbrains.kotlin.psi.stubs.elements.KtScriptElementType                     : loaded 2 times (x 100B)
Class [Lorg.jetbrains.kotlin.psi.KtSuperTypeEntry;                                    : loaded 2 times (x 69B)
Class [Lorg.jetbrains.kotlin.psi.KtSimpleNameExpression;                              : loaded 2 times (x 69B)
Class org.jetbrains.kotlin.psi.KtTypeConstraint                                       : loaded 2 times (x 573B)
Class kotlin.reflect.jvm.internal.ClassValueCache                                     : loaded 2 times (x 74B)
Class org.jetbrains.kotlin.name.StandardClassIds$Annotations                          : loaded 2 times (x 71B)
Class kotlin.ResultKt                                                                 : loaded 2 times (x 71B)
Class org.codehaus.groovy.reflection.CachedField                                      : loaded 2 times (x 82B)
Class com.android.tools.lint.model.DefaultLintModelDependencies                       : loaded 2 times (x 79B)
Class com.android.ide.common.repository.AgpVersion                                    : loaded 2 times (x 75B)
Class org.jetbrains.kotlin.platform.jvm.JvmPlatform                                   : loaded 2 times (x 75B)
Class groovy.lang.MetaClassImpl$2                                                     : loaded 2 times (x 96B)
Class org.jetbrains.kotlin.incremental.classpathDiff.JavaClassMemberLevelSnapshot     : loaded 2 times (x 72B)
Class org.jetbrains.kotlin.incremental.impl.SelectiveClassVisitor                     : loaded 2 times (x 88B)
Class org.jetbrains.kotlin.incremental.classpathDiff.InaccessibleClassSnapshotExternalizer: loaded 2 times (x 75B)
Class org.jetbrains.kotlin.gradle.plugin.statistics.BuildFinishMetrics$reportGlobalMetrics$1: loaded 2 times (x 79B)
Class com.google.common.reflect.Reflection                                            : loaded 2 times (x 71B)
Class org.jetbrains.kotlin.buildtools.api.KotlinLogger                                : loaded 2 times (x 70B)
Class org.jetbrains.kotlin.gradle.internal.transforms.BuildToolsApiClasspathEntrySnapshotTransform$Parameters$Inject: loaded 2 times (x 119B)
Class com.google.common.collect.FluentIterable$2                                      : loaded 2 times (x 81B)
Class com.google.common.base.Absent                                                   : loaded 2 times (x 80B)
Class com.google.common.collect.NullsFirstOrdering                                    : loaded 2 times (x 115B)
Class org.jetbrains.kotlin.gradle.plugin.diagnostics.CheckKotlinGradlePluginConfigurationErrors_Decorated: loaded 2 times (x 369B)
Class org.jetbrains.kotlin.gradle.plugin.mpp.compilationImpl.KotlinCompilationSourceSetInclusion$DefaultAddSourcesToCompileTask$addSources$1: loaded 2 times (x 79B)
Class org.jetbrains.kotlin.gradle.plugin.diagnostics.checkers.WasmSourceSetsNotFoundChecker$wasmSourceSetRegex$2: loaded 2 times (x 78B)
Class org.jetbrains.kotlin.gradle.plugin.mpp.compilationImpl.KotlinCompilationSideEffect: loaded 2 times (x 70B)
Class org.jetbrains.kotlin.gradle.plugin.KotlinGradlePluginExtensionPoint             : loaded 2 times (x 70B)
Class org.jetbrains.kotlin.tooling.core.ExtrasUtilsKt                                 : loaded 2 times (x 71B)
Class org.jetbrains.kotlin.buildtools.api.ExperimentalBuildToolsApi                   : loaded 2 times (x 70B)
Class org.jetbrains.kotlin.gradle.targets.native.KonanPropertiesBuildService$Companion$registerIfAbsent$2$1$1: loaded 2 times (x 75B)
Class org.jetbrains.kotlin.gradle.internal.IsInIdeaSyncValueSource$Inject             : loaded 2 times (x 109B)
Class org.jetbrains.kotlin.gradle.utils.ResourceUtilsKt                               : loaded 2 times (x 71B)
Class org.jetbrains.kotlin.gradle.plugin.KotlinPluginWrapperKt$kotlinPluginVersionFromResources$1: loaded 2 times (x 78B)
Class org.codehaus.groovy.runtime.DefaultCachedMethodKey                              : loaded 2 times (x 79B)
Class org.jetbrains.kotlin.load.java.typeEnhancement.SignatureEnhancementBuilder      : loaded 2 times (x 72B)
Class org.jetbrains.kotlin.load.java.structure.JavaValueParameter                     : loaded 2 times (x 70B)
Class org.jetbrains.kotlin.diagnostics.PositioningStrategies$SAFE_ACCESS$1            : loaded 2 times (x 74B)
Class org.codehaus.groovy.classgen.asm.BinaryLongExpressionHelper                     : loaded 2 times (x 98B)
Class org.codehaus.groovy.control.ResolveVisitor$ConstructedClassWithPackage          : loaded 2 times (x 243B)
Class org.jetbrains.kotlin.mpp.ClassLikeSymbolMarker                                  : loaded 2 times (x 70B)
Class org.apache.groovy.parser.antlr4.GroovyParser$TypeArgumentsOrDiamondContext      : loaded 2 times (x 159B)
Class org.apache.groovy.parser.antlr4.GroovyParser$RegexExprAltContext                : loaded 2 times (x 163B)
Class org.apache.groovy.parser.antlr4.ModifierManager                                 : loaded 2 times (x 88B)
Class org.codehaus.groovy.ast.tools.GeneralUtils                                      : loaded 2 times (x 71B)
Class [Lgroovyjarjarantlr4.v4.runtime.atn.PredictionContext;                          : loaded 2 times (x 69B)
Class org.apache.groovy.parser.antlr4.GroovyParser$BreakStmtAltContext                : loaded 2 times (x 158B)
Class groovyjarjarantlr4.v4.runtime.atn.BlockStartState                               : loaded 2 times (x 90B)
Class org.apache.groovy.parser.antlr4.GroovyParser$CreatorContext                     : loaded 2 times (x 163B)
Class org.apache.groovy.parser.antlr4.GroovyParser$FinallyBlockContext                : loaded 2 times (x 159B)
Class org.apache.groovy.parser.antlr4.GroovyParser$UnaryNotExprAltContext             : loaded 2 times (x 161B)
Class org.apache.groovy.parser.antlr4.GroovyParser$BlockStatementsOptContext          : loaded 2 times (x 157B)
Class org.codehaus.groovy.control.CompilationUnit$ProgressCallback                    : loaded 2 times (x 70B)
Class org.apache.groovy.parser.antlr4.GroovyParser$QualifiedNameContext               : loaded 2 times (x 160B)
Class org.jetbrains.kotlin.resolve.DefaultImportProvider$DefaultImportsKey            : loaded 2 times (x 71B)
Class org.codehaus.groovy.runtime.dgmimpl.arrays.BooleanArrayGetAtMetaMethod          : loaded 2 times (x 97B)
Class org.apache.groovy.parser.antlr4.GroovyParser$QualifiedNameElementContext        : loaded 2 times (x 161B)
Class org.apache.groovy.parser.antlr4.TryWithResourcesASTTransformation               : loaded 2 times (x 74B)
Class groovyjarjarantlr4.v4.runtime.misc.EqualityComparator                           : loaded 2 times (x 70B)
Class com.android.utils.SdkUtils                                                      : loaded 2 times (x 71B)
Class groovyjarjarantlr4.v4.runtime.tree.TerminalNodeImpl                             : loaded 2 times (x 108B)
Class [Lorg.jetbrains.kotlin.parsing.KotlinParsing$NameParsingMode;                   : loaded 2 times (x 69B)
Class org.jetbrains.kotlin.builtins.functions.FunctionTypeKind$SuspendFunction        : loaded 2 times (x 77B)
Class org.jetbrains.kotlin.builtins.functions.FunctionTypeKind                        : loaded 2 times (x 77B)
Class org.jetbrains.kotlin.serialization.deserialization.AnnotatedCallableKind        : loaded 2 times (x 79B)
Class org.codehaus.groovy.classgen.ClassGenerator                                     : loaded 2 times (x 214B)
Class org.jetbrains.kotlin.serialization.deserialization.ClassDataFinder              : loaded 2 times (x 70B)
Class org.jetbrains.kotlin.load.java.structure.impl.source.JavaElementSourceFactory   : loaded 2 times (x 79B)
Class org.jetbrains.kotlin.resolve.jvm.extensions.PackageFragmentProviderExtension$Companion: loaded 2 times (x 72B)
Class org.jetbrains.kotlin.resolve.jvm.extensions.PackageFragmentProviderExtension    : loaded 2 times (x 70B)
Class org.jetbrains.kotlin.resolve.calls.inference.NewConstraintSystem                : loaded 2 times (x 70B)
Class org.codehaus.groovy.classgen.AnnotationVisitor                                  : loaded 2 times (x 83B)
Class org.jetbrains.kotlin.load.java.typeEnhancement.TypeEnhancementInfo              : loaded 2 times (x 72B)
Class org.jetbrains.kotlin.psi.KtContextReceiverList                                  : loaded 2 times (x 445B)
Class org.jetbrains.kotlin.psi.stubs.elements.KtContextReceiverElementType            : loaded 2 times (x 100B)
Class [Lorg.jetbrains.kotlin.psi.KtPureClassOrObject;                                 : loaded 2 times (x 69B)
Class [Lorg.jetbrains.kotlin.psi.KtDeclaration;                                       : loaded 2 times (x 69B)
Class kotlin.reflect.jvm.internal.KProperty2Impl                                      : loaded 2 times (x 128B)
Class kotlin.Result$Failure                                                           : loaded 2 times (x 72B)
Class kotlinx.coroutines.ExecutorCoroutineDispatcher                                  : loaded 2 times (x 107B)
Class org.jetbrains.kotlin.cli.jvm.compiler.CompatKt                                  : loaded 2 times (x 71B)
Class org.jetbrains.kotlin.platform.TargetPlatform                                    : loaded 2 times (x 119B)
Class org.jetbrains.kotlin.types.AbstractTypeRefiner                                  : loaded 2 times (x 72B)
Class org.jetbrains.kotlin.diagnostics.PositioningStrategies$InlineFunPositioningStrategy: loaded 2 times (x 75B)
Class [Lorg.jetbrains.kotlin.metadata.ProtoBuf$Effect$EffectConditionKind;            : loaded 2 times (x 69B)
Class org.jetbrains.kotlin.diagnostics.PositioningStrategies$PARAMETERS_WITH_DEFAULT_VALUE$1: loaded 2 times (x 74B)
Class org.jetbrains.kotlin.types.model.TypeSystemContextKt$WhenMappings               : loaded 2 times (x 71B)
Class org.jetbrains.kotlin.compilerRunner.CompilerExecutionSettings$Companion         : loaded 2 times (x 71B)
Class org.jetbrains.kotlin.buildtools.api.CompilationService$Companion                : loaded 2 times (x 71B)
Class com.google.common.collect.FluentIterable$3                                      : loaded 2 times (x 81B)
Class org.jetbrains.kotlin.gradle.tasks.UsesKotlinJavaToolchain$DefaultImpls          : loaded 2 times (x 71B)
Class org.jetbrains.kotlin.build.report.metrics.BuildAttributeKind$Companion          : loaded 2 times (x 71B)
Class org.jetbrains.kotlin.gradle.plugin.mpp.KotlinTargetSoftwareComponentImplKt$KotlinTargetSoftwareComponent$1$1$1: loaded 2 times (x 75B)
Class org.jetbrains.kotlin.gradle.tasks.configuration.KaptGenerateStubsConfig$Companion$configureLibraries$1: loaded 2 times (x 79B)
Class org.jetbrains.kotlin.gradle.plugin.mpp.compilationImpl.KotlinCompilationSourceSetInclusion$DefaultAddSourcesToCompileTask$addSources$2: loaded 2 times (x 79B)
Class org.jetbrains.kotlin.gradle.tasks.AbstractKotlinCompile                         : loaded 2 times (x 459B)
Class org.jetbrains.kotlin.gradle.plugin.KotlinCompilationOutput                      : loaded 2 times (x 70B)
Class org.jetbrains.kotlin.gradle.plugin.diagnostics.CheckKotlinGradlePluginConfigurationErrorsKt$addDependsOnFromTasksThatShouldFailWhenErrorsReported$1: loaded 2 times (x 75B)
Class org.jetbrains.kotlin.konan.target.KonanTarget$TVOS_X64                          : loaded 2 times (x 78B)
Class org.jetbrains.kotlin.gradle.plugin.diagnostics.KotlinToolingDiagnosticsSetupActionKt: loaded 2 times (x 71B)
Class org.jetbrains.kotlin.gradle.targets.native.KonanPropertiesBuildService$Parameters_Decorated: loaded 2 times (x 134B)
Class org.jetbrains.kotlin.gradle.plugin.KotlinGradleBuildServices$Parameters$Inject  : loaded 2 times (x 106B)
Class org.jetbrains.kotlin.gradle.fus.BuildUidService$Inject                          : loaded 2 times (x 100B)
Class org.jetbrains.kotlin.gradle.plugin.KotlinPluginWrapperKt$kotlinPluginVersionFromResources$1$1: loaded 2 times (x 71B)
Class org.jetbrains.kotlin.types.TypeApproximatorConfiguration$PublicDeclaration      : loaded 2 times (x 87B)
Class com.android.ide.common.rendering.api.AttrResourceValueImpl                      : loaded 2 times (x 122B)
Class org.jetbrains.kotlin.types.model.TypeSystemContextHelpersKt                     : loaded 2 times (x 71B)
Class com.google.protobuf.Internal$ProtobufList                                       : loaded 2 times (x 70B)
Class org.codehaus.groovy.classgen.asm.BinaryDoubleExpressionHelper                   : loaded 2 times (x 98B)
Class org.codehaus.groovy.classgen.asm.BinaryExpressionWriter                         : loaded 2 times (x 98B)
Class org.codehaus.groovy.control.GenericsVisitor                                     : loaded 2 times (x 212B)
Class groovy.lang.GeneratedGroovyProxy                                                : loaded 2 times (x 70B)
Class org.codehaus.groovy.classgen.VariableScopeVisitor$StateStackElement             : loaded 2 times (x 72B)
Class org.jetbrains.kotlin.types.Variance                                             : loaded 2 times (x 80B)
Class groovyjarjarantlr4.v4.runtime.CommonTokenStream                                 : loaded 2 times (x 127B)
Class groovyjarjarantlr4.v4.runtime.tree.Tree                                         : loaded 2 times (x 70B)
Class org.codehaus.groovy.util.AbstractConcurrentMap$Entry                            : loaded 2 times (x 70B)
Class org.codehaus.groovy.control.messages.ExceptionMessage                           : loaded 2 times (x 74B)
Class org.jetbrains.kotlin.resolve.calls.checkers.IncorrectCapturedApproximationCallChecker: loaded 2 times (x 74B)
Class org.jetbrains.kotlin.resolve.calls.checkers.ProtectedConstructorCallChecker     : loaded 2 times (x 74B)
Class org.jetbrains.kotlin.resolve.checkers.SealedInheritorInSamePackageChecker       : loaded 2 times (x 74B)
Class groovy.lang.ClosureInvokingMethod                                               : loaded 2 times (x 70B)
Class org.codehaus.groovy.reflection.CachedConstructor                                : loaded 2 times (x 88B)
Class org.codehaus.groovy.runtime.dgmimpl.arrays.ByteArrayPutAtMetaMethod             : loaded 2 times (x 97B)
Class org.codehaus.groovy.util.ReferenceType$HardRef                                  : loaded 2 times (x 80B)
Class com.android.resources.KeyboardState                                             : loaded 2 times (x 86B)
Class org.jetbrains.kotlin.fileClasses.JvmFileClassUtilKt                             : loaded 2 times (x 71B)
Class org.jetbrains.kotlin.resolve.calls.inference.model.MutableVariableWithConstraints$WhenMappings: loaded 2 times (x 71B)
Class org.jetbrains.kotlin.serialization.deserialization.descriptors.DeserializedContainerSource: loaded 2 times (x 70B)
Class org.jetbrains.kotlin.codegen.signature.AsmTypeFactory                           : loaded 2 times (x 79B)
Class it.unimi.dsi.fastutil.ints.IntArrays$ForkJoinQuickSort2                         : loaded 2 times (x 96B)
Class it.unimi.dsi.fastutil.objects.ObjectBidirectionalIterator                       : loaded 2 times (x 70B)
Class [Lorg.jetbrains.kotlin.psi.KtAnnotation;                                        : loaded 2 times (x 69B)
Class kotlin.reflect.jvm.internal.impl.builtins.jvm.JavaToKotlinClassMap              : loaded 2 times (x 71B)
Class kotlin.reflect.jvm.internal.KotlinReflectionInternalError                       : loaded 2 times (x 82B)
Class kotlinx.coroutines.Job                                                          : loaded 2 times (x 70B)
Class [Lorg.jetbrains.kotlin.name.ClassId;                                            : loaded 2 times (x 69B)
Class com.android.tools.lint.model.DefaultLintModelVariant$artifact$2                 : loaded 2 times (x 79B)
Class com.android.tools.lint.model.LintModelMavenName$Companion                       : loaded 2 times (x 71B)
Class com.android.ide.common.rendering.api.PluralsResourceValueImpl                   : loaded 2 times (x 117B)
Class com.android.ide.common.rendering.api.TextResourceValue                          : loaded 2 times (x 70B)
Class org.jetbrains.kotlin.metadata.ProtoBuf$Effect$EffectConditionKind$1             : loaded 2 times (x 74B)
Class org.jetbrains.kotlin.incremental.classpathDiff.impl.ClassFileWithContents       : loaded 2 times (x 72B)
Class org.apache.commons.io.output.NullOutputStream                                   : loaded 2 times (x 85B)
Class org.jetbrains.kotlin.daemon.common.Profiler                                     : loaded 2 times (x 70B)
Class org.jetbrains.kotlin.com.google.common.base.Equivalence                         : loaded 2 times (x 82B)
Class org.jetbrains.kotlin.gradle.plugin.attributes.KlibPackaging$Companion           : loaded 2 times (x 71B)
Class org.jetbrains.kotlin.tooling.core.Extras$Entry                                  : loaded 2 times (x 72B)
Class org.jetbrains.kotlin.gradle.plugin.sources.InternalKotlinSourceSetKt            : loaded 2 times (x 71B)
Class org.jetbrains.kotlin.gradle.utils.WhenEvaluatedKt$whenEvaluated$3               : loaded 2 times (x 79B)
Class org.jetbrains.kotlin.gradle.internal.Kapt3GradleSubplugin$Kapt3SubpluginContext : loaded 2 times (x 72B)
Class org.jetbrains.kotlin.gradle.artifacts.KotlinTargetArtifact                      : loaded 2 times (x 70B)
Class org.jetbrains.kotlin.gradle.dsl.KotlinJvmCompilerOptionsDefault_Decorated       : loaded 2 times (x 171B)
Class org.jetbrains.kotlin.gradle.plugin.HasKotlinDependencies                        : loaded 2 times (x 70B)
Class org.jetbrains.kotlin.gradle.plugin.statistics.BuildFinishFlowAction$Parameters  : loaded 2 times (x 70B)
Class org.jetbrains.kotlin.gradle.internal.ClassLoadersCachingBuildService$Parameters_Decorated: loaded 2 times (x 134B)
Class org.jetbrains.kotlin.gradle.targets.native.toolchain.KotlinNativeBundleBuildService$Companion: loaded 2 times (x 71B)
Class org.jetbrains.kotlin.gradle.plugin.BuildEventsListenerRegistryHolder_Decorated  : loaded 2 times (x 119B)
Class org.jetbrains.kotlin.gradle.plugin.StatisticsBuildFlowManager$subscribeForBuildResultAndConfigurationTimeMetrics$1: loaded 2 times (x 75B)
Class org.jetbrains.kotlin.gradle.plugin.statistics.MetricContainer                   : loaded 2 times (x 72B)
Class org.jetbrains.kotlin.gradle.plugin.statistics.old.Pre232IdeaKotlinBuildStatsMXBean: loaded 2 times (x 70B)
Class org.jetbrains.kotlin.gradle.plugin.statistics.KotlinBuildStatsServicesRegistry  : loaded 2 times (x 78B)
Class org.jetbrains.kotlin.gradle.plugin.VariantImplementationFactoriesConfigurator   : loaded 2 times (x 76B)
Class org.gradle.api.internal.classpath.Module                                        : loaded 2 times (x 70B)
Class com.google.common.collect.AbstractMultimap$Values                               : loaded 2 times (x 118B)
Class org.jetbrains.kotlin.utils.SmartSet$SingletonIterator                           : loaded 2 times (x 81B)
Class kotlin.sequences.DropSequence$iterator$1                                        : loaded 2 times (x 79B)
Class com.google.protobuf.ExtensionRegistry$ExtensionInfo                             : loaded 2 times (x 72B)
Class org.jetbrains.kotlin.load.kotlin.MemberSignature                                : loaded 2 times (x 72B)
Class org.jetbrains.kotlin.metadata.deserialization.VersionRequirement$Companion      : loaded 2 times (x 71B)
Class org.codehaus.groovy.ast.tools.WideningCategories$LowestUpperBoundClassNode      : loaded 2 times (x 244B)
Class org.codehaus.groovy.classgen.InnerClassCompletionVisitor                        : loaded 2 times (x 212B)
Class org.codehaus.groovy.transform.trait.SuperCallTraitTransformer                   : loaded 2 times (x 216B)
Class [Lorg.codehaus.groovy.ast.Variable;                                             : loaded 2 times (x 69B)
Class org.apache.groovy.parser.antlr4.GroovyParser$VariableDeclaratorsContext         : loaded 2 times (x 162B)
Class org.apache.groovy.parser.antlr4.GroovyParser$ClassBodyDeclarationContext        : loaded 2 times (x 160B)
Class org.jetbrains.kotlin.types.TypeSystemCommonBackendContextForTypeMapping         : loaded 2 times (x 70B)
Class groovyjarjarantlr4.v4.runtime.dfa.EmptyEdgeMap                                  : loaded 2 times (x 97B)
Class groovyjarjarantlr4.v4.runtime.CodePointCharStream$CodePoint8BitCharStream       : loaded 2 times (x 91B)
Class org.apache.groovy.parser.antlr4.GroovyParser$ForStmtAltContext                  : loaded 2 times (x 163B)
Class kotlin.KotlinVersion                                                            : loaded 2 times (x 74B)
Class org.codehaus.groovy.control.ErrorCollector                                      : loaded 2 times (x 99B)
Class org.jetbrains.kotlin.resolve.calls.inference.components.ConstraintInjector      : loaded 2 times (x 72B)
Class org.jetbrains.kotlin.resolve.calls.context.ResolutionContext                    : loaded 2 times (x 85B)
Class org.codehaus.groovy.runtime.GroovyCategorySupport$MyThreadLocal                 : loaded 2 times (x 86B)
Class org.jetbrains.kotlin.resolve.RequireKotlinConstants                             : loaded 2 times (x 71B)
Class org.jetbrains.kotlin.storage.LockBasedStorageManager$MapBasedMemoizedFunctionToNotNull: loaded 2 times (x 85B)
Class groovy.lang.TrampolineClosure                                                   : loaded 2 times (x 132B)
Class org.codehaus.groovy.runtime.memoize.MemoizeCache                                : loaded 2 times (x 70B)
Class [Lcom.android.resources.GrammaticalGender;                                      : loaded 2 times (x 69B)
Class com.android.ide.common.resources.configuration.VersionQualifier$Companion       : loaded 2 times (x 71B)
Class org.jetbrains.kotlin.psi.KtPropertyDelegate                                     : loaded 2 times (x 378B)
Class org.jetbrains.org.objectweb.asm.Handle                                          : loaded 2 times (x 72B)
Class org.jetbrains.kotlin.metadata.deserialization.VersionSpecificBehaviorKt         : loaded 2 times (x 71B)
Class it.unimi.dsi.fastutil.ints.IntOpenHashSet                                       : loaded 2 times (x 239B)
Class org.jetbrains.kotlin.psi.KtTypeParameterListOwner                               : loaded 2 times (x 70B)
Class kotlin.reflect.jvm.internal.KClassImpl$Data$$Lambda$0                           : loaded 2 times (x 76B)
Class kotlin.reflect.jvm.internal.KClassifierImpl                                     : loaded 2 times (x 70B)
Class kotlin.reflect.KMutableProperty                                                 : loaded 2 times (x 70B)
Class kotlinx.coroutines.internal.DispatchedContinuationKt                            : loaded 2 times (x 71B)
Class org.jetbrains.kotlin.gradle.plugin.sources.DefaultKotlinSourceSetFactory        : loaded 2 times (x 80B)
Class kotlin.collections.CharIterator                                                 : loaded 2 times (x 82B)
Class org.jetbrains.kotlin.incremental.classpathDiff.MultifileClassKotlinClassSnapshotExternalizer: loaded 2 times (x 75B)
Class org.jetbrains.kotlin.gradle.plugin.diagnostics.ToolingDiagnostic                : loaded 2 times (x 72B)
Class org.jetbrains.kotlin.gradle.logging.GradleLoggingUtilsKt$WhenMappings           : loaded 2 times (x 71B)
Class org.jetbrains.kotlin.gradle.plugin.statistics.CompileKotlinTaskMetrics          : loaded 2 times (x 71B)
Class org.jetbrains.kotlin.buildtools.internal.ClassLoaderUtilsKt                     : loaded 2 times (x 71B)
Class org.jetbrains.kotlin.gradle.tasks.DefaultKotlinJavaToolchain$getToolsJarFromJvm$1$1: loaded 2 times (x 79B)
Class org.jetbrains.kotlin.gradle.tasks.KotlinCompile$ClasspathSnapshotProperties_Decorated: loaded 2 times (x 137B)
Class org.jetbrains.kotlin.gradle.internal.transforms.BuildToolsApiClasspathEntrySnapshotTransform$Parameters_Decorated: loaded 2 times (x 157B)
Class org.jetbrains.kotlin.gradle.plugin.mpp.compilationImpl.KotlinCompilationSourceSetInclusion$Companion$includedSourceSets$2: loaded 2 times (x 78B)
Class org.jetbrains.kotlin.gradle.utils.WhenEvaluatedKt$whenEvaluated$4               : loaded 2 times (x 75B)
Class org.jetbrains.kotlin.gradle.plugin.diagnostics.KotlinToolingDiagnosticsSetupActionKt$KotlinToolingDiagnosticsSetupAction$1$1: loaded 2 times (x 75B)
Class org.jetbrains.kotlin.gradle.targets.js.npm.NpmDirectoryDependencyWithExternalsExtension: loaded 2 times (x 70B)
Class org.jetbrains.kotlin.gradle.plugin.KotlinProjectSetupAction                     : loaded 2 times (x 70B)
Class org.jetbrains.kotlin.gradle.plugin.KotlinGradleFinishBuildHandler$Companion     : loaded 2 times (x 71B)
Class org.jetbrains.kotlin.gradle.internal.IsInIdeaSyncValueSource                    : loaded 2 times (x 78B)
Class com.google.common.cache.Weigher                                                 : loaded 2 times (x 70B)
Class org.gradle.api.internal.classpath.UnknownModuleException                        : loaded 2 times (x 82B)
Class org.jetbrains.kotlin.gradle.tasks.TasksProviderKt                               : loaded 2 times (x 71B)
Class org.jetbrains.kotlin.load.kotlin.JvmTypeFactory                                 : loaded 2 times (x 70B)
Class org.jetbrains.kotlin.resolve.calls.inference.components.TypeVariableDependencyInformationProvider: loaded 2 times (x 72B)
Class org.jetbrains.kotlin.diagnostics.PositioningStrategies$FOR_UNRESOLVED_REFERENCE$1: loaded 2 times (x 74B)
Class org.jetbrains.kotlin.diagnostics.PositioningStrategies$CONTEXT_KEYWORD$1        : loaded 2 times (x 74B)
Class org.jetbrains.kotlin.konan.target.KonanTarget$ANDROID_ARM32                     : loaded 2 times (x 78B)
Class org.jetbrains.kotlin.gradle.plugin.mpp.compilationImpl.DefaultKotlinCompilationConfigurationsContainer: loaded 2 times (x 84B)
Class org.codehaus.groovy.classgen.asm.MethodCallerMultiAdapter                       : loaded 2 times (x 73B)
Class org.jetbrains.kotlin.load.java.AbstractJavaClassFinder                          : loaded 2 times (x 90B)
Class org.apache.groovy.parser.antlr4.GroovyParser$EmptyDimsOptContext                : loaded 2 times (x 157B)
Class org.apache.groovy.parser.antlr4.GroovyParser$CatchTypeContext                   : loaded 2 times (x 160B)
Class [Lorg.codehaus.groovy.util.AbstractConcurrentMapBase$Segment;                   : loaded 2 times (x 69B)
Class [Lorg.codehaus.groovy.ast.NodeMetaDataHandler;                                  : loaded 2 times (x 69B)
Class org.jetbrains.kotlin.container.InstanceComponentDescriptor                      : loaded 2 times (x 85B)
Class org.jetbrains.kotlin.resolve.checkers.MissingDependencyClassChecker             : loaded 2 times (x 74B)
Class org.codehaus.groovy.runtime.dgmimpl.arrays.IntegerArrayPutAtMetaMethod          : loaded 2 times (x 97B)
Class org.codehaus.groovy.ast.expr.ListExpression                                     : loaded 2 times (x 132B)
Class [Lorg.codehaus.groovy.reflection.CachedClass;                                   : loaded 2 times (x 69B)
Class org.codehaus.groovy.util.LazyReference                                          : loaded 2 times (x 81B)
Class kotlin.sequences.DistinctIterator                                               : loaded 2 times (x 83B)
Class com.android.ide.common.resources.configuration.TouchScreenQualifier             : loaded 2 times (x 90B)
Class org.jetbrains.kotlin.builtins.FunctionTypesKt                                   : loaded 2 times (x 71B)
Class org.jetbrains.kotlin.com.google.common.cache.LocalCache$StrongEntry             : loaded 2 times (x 108B)
Class org.jetbrains.kotlin.resolve.jvm.KotlinFinderMarker                             : loaded 2 times (x 70B)
Class org.jetbrains.kotlin.metadata.ProtoBuf$QualifiedNameTable$QualifiedName         : loaded 2 times (x 110B)
Class org.jetbrains.kotlin.metadata.jvm.deserialization.BinaryModuleData              : loaded 2 times (x 72B)
Class org.jetbrains.kotlin.psi.KtClassLiteralExpression                               : loaded 2 times (x 581B)
Class org.jetbrains.kotlin.psi.KtSuperTypeCallEntry                                   : loaded 2 times (x 521B)
Class org.jetbrains.kotlin.psi.KtSuperTypeList                                        : loaded 2 times (x 449B)
Class org.jetbrains.kotlin.psi.LambdaArgument                                         : loaded 2 times (x 70B)
Class [Lorg.jetbrains.kotlin.psi.KtTypeConstraintList;                                : loaded 2 times (x 69B)
Class org.jetbrains.kotlin.lexer.KtToken                                              : loaded 2 times (x 75B)
Class kotlin.reflect.jvm.internal.KClassImpl$Data$$Lambda$1                           : loaded 2 times (x 76B)
Class kotlin.jvm.internal.PropertyReference                                           : loaded 2 times (x 115B)
Class kotlinx.coroutines.JobCancellingNode                                            : loaded 2 times (x 90B)
Class kotlinx.coroutines.internal.LockFreeTaskQueueCore                               : loaded 2 times (x 72B)
Class org.jetbrains.kotlin.com.google.common.cache.LocalCache$StrongAccessEntry       : loaded 2 times (x 109B)
Class org.jetbrains.kotlin.platform.TargetPlatformVersion$NoVersion                   : loaded 2 times (x 74B)
Class com.android.prefs.VariableValue                                                 : loaded 2 times (x 84B)
Class com.android.prefs.AbstractAndroidLocations$Companion                            : loaded 2 times (x 71B)
Class org.jetbrains.kotlin.incremental.classpathDiff.KotlinClassInfoExternalizer      : loaded 2 times (x 75B)
Class org.jetbrains.kotlin.incremental.storage.LongExternalizer                       : loaded 2 times (x 75B)
Class org.jetbrains.kotlin.incremental.classpathDiff.AccessibleClassSnapshot          : loaded 2 times (x 73B)
Class org.apache.commons.io.Charsets                                                  : loaded 2 times (x 71B)
Class org.jetbrains.kotlin.gradle.logging.GradleBufferingMessageCollector$MessageData : loaded 2 times (x 72B)
Class org.jetbrains.kotlin.config.Services$Companion                                  : loaded 2 times (x 71B)
Class org.jetbrains.kotlin.gradle.tasks.KotlinCompile$createCompilerArguments$1$1     : loaded 2 times (x 79B)
Class [Lorg.jetbrains.kotlin.com.google.common.cache.Weigher;                         : loaded 2 times (x 69B)
Class com.google.common.collect.AbstractMapBasedMultimap$WrappedNavigableSet          : loaded 2 times (x 280B)
Class org.jetbrains.kotlin.gradle.plugin.mpp.InternalKotlinTargetComponentKt          : loaded 2 times (x 71B)
Class org.jetbrains.kotlin.gradle.plugin.mpp.InternalKotlinTarget$DefaultImpls        : loaded 2 times (x 71B)
Class org.jetbrains.kotlin.gradle.plugin.statistics.KotlinBuildStatisticsUtilsKt$collectAppliedPluginsStatistics$1: loaded 2 times (x 75B)
Class org.jetbrains.kotlin.gradle.plugin.KotlinPluginLifecycleImpl$executeCurrentStageAndScheduleNext$3: loaded 2 times (x 75B)
Class org.jetbrains.kotlin.gradle.plugin.mpp.compilationImpl.KotlinCompilationRegisterInSourceSetsConfigurator$configure$1: loaded 2 times (x 79B)
Class org.jetbrains.kotlin.gradle.plugin.diagnostics.KotlinToolingDiagnosticsSetupActionKt$KotlinToolingDiagnosticsSetupAction$1$2: loaded 2 times (x 95B)
Class org.jetbrains.kotlin.gradle.targets.js.npm.NpmDependencyWithExternalsExtension  : loaded 2 times (x 70B)
Class org.jetbrains.kotlin.gradle.plugin.diagnostics.KotlinToolingDiagnosticsCollector$Parameter$Inject: loaded 2 times (x 106B)
Class org.jetbrains.kotlin.gradle.plugin.mpp.KotlinUsageContext                       : loaded 2 times (x 70B)
Class org.jetbrains.kotlin.gradle.plugin.KotlinTargetsContainer                       : loaded 2 times (x 70B)
Class org.jetbrains.kotlin.compilerRunner.GradleCliCommonizerKt                       : loaded 2 times (x 71B)
Class org.jetbrains.kotlin.gradle.utils.ConfigurationsKt                              : loaded 2 times (x 71B)
Class org.jetbrains.kotlin.gradle.plugin.StatisticsBuildFlowManager                   : loaded 2 times (x 72B)
Class org.jetbrains.kotlin.gradle.plugin.statistics.BuildFusService$Parameters        : loaded 2 times (x 70B)
Class org.jetbrains.kotlin.gradle.plugin.diagnostics.DefaultProblemsReporter$Factory  : loaded 2 times (x 76B)
Class org.jetbrains.kotlin.gradle.plugin.PluginWrappersKt                             : loaded 2 times (x 71B)
Class com.google.common.base.Stopwatch                                                : loaded 2 times (x 72B)
Class com.google.common.cache.LocalCache$Strength                                     : loaded 2 times (x 81B)
Class com.google.common.cache.Cache                                                   : loaded 2 times (x 70B)
Class org.jetbrains.kotlin.resolve.calls.inference.components.VariableFixationFinder$VariableForFixation: loaded 2 times (x 72B)
Class org.jetbrains.kotlin.resolve.calls.inference.model.VariableWithConstraints      : loaded 2 times (x 70B)
Class com.android.ide.common.rendering.api.ResourceNamespace$ResAutoNamespace         : loaded 2 times (x 80B)
Class org.jetbrains.kotlin.resolve.calls.inference.ConstraintSystemBuilder            : loaded 2 times (x 70B)
Class org.codehaus.groovy.classgen.asm.OptimizingStatementWriter$OptimizeFlagsCollector$OptimizeFlagsEntry: loaded 2 times (x 72B)
Class org.codehaus.groovy.classgen.asm.BinaryFloatExpressionHelper                    : loaded 2 times (x 98B)
Class [Lgroovyjarjarasm.asm.SymbolTable$Entry;                                        : loaded 2 times (x 69B)
Class groovyjarjarasm.asm.ClassTooLargeException                                      : loaded 2 times (x 83B)
Class org.codehaus.groovy.transform.stc.ExtensionMethodCache                          : loaded 2 times (x 76B)
Class org.jetbrains.kotlin.buildtools.api.internal.KotlinCompilerVersion$Maturity     : loaded 2 times (x 79B)
Class org.apache.groovy.util.concurrent.concurrentlinkedhashmap.Weigher               : loaded 2 times (x 70B)
Class org.codehaus.groovy.classgen.ReturnAdder                                        : loaded 2 times (x 73B)
Class org.codehaus.groovy.transform.sc.StaticCompilationMetadataKeys                  : loaded 2 times (x 79B)
Class org.codehaus.groovy.classgen.EnumCompletionVisitor$1                            : loaded 2 times (x 187B)
Class org.apache.groovy.parser.antlr4.GroovyParser$AnnotationNameContext              : loaded 2 times (x 157B)
Class groovyjarjarantlr4.v4.runtime.atn.NotSetTransition                              : loaded 2 times (x 76B)
Class groovyjarjarantlr4.v4.runtime.CodePointCharStream                               : loaded 2 times (x 91B)
Class org.apache.groovy.parser.antlr4.GroovyParser$NamePartContext                    : loaded 2 times (x 160B)
Class org.codehaus.groovy.runtime.dgmimpl.arrays.ObjectArrayPutAtMetaMethod           : loaded 2 times (x 97B)
Class org.codehaus.groovy.runtime.MethodClosure                                       : loaded 2 times (x 135B)
Class org.codehaus.groovy.ast.ASTNode                                                 : loaded 2 times (x 104B)
Class org.codehaus.groovy.reflection.GroovyClassValue$ComputeValue                    : loaded 2 times (x 70B)
Class [Lorg.jetbrains.kotlin.parsing.KotlinExpressionParsing$Precedence;              : loaded 2 times (x 69B)
Class [Lorg.jetbrains.kotlin.buildtools.api.internal.KotlinCompilerVersion$Maturity;  : loaded 2 times (x 69B)
Class kotlin.reflect.jvm.internal.KPackageImpl$$Lambda$0                              : loaded 2 times (x 76B)
Class org.jetbrains.kotlin.serialization.deserialization.NameResolverUtilKt           : loaded 2 times (x 71B)
Class org.jetbrains.kotlin.gradle.tasks.TasksUtilsKt                                  : loaded 2 times (x 71B)
Class org.jetbrains.kotlin.gradle.utils.CompilerArgsUtilsKt$classpathAsList$2         : loaded 2 times (x 78B)
Class [Lorg.jetbrains.kotlin.psi.KtLambdaArgument;                                    : loaded 2 times (x 69B)
Class org.jetbrains.kotlin.psi.stubs.KotlinUserTypeStub                               : loaded 2 times (x 70B)
Class org.jetbrains.kotlin.psi.stubs.elements.KtSecondaryConstructorElementType       : loaded 2 times (x 107B)
Class [Lorg.jetbrains.kotlin.psi.KtTypeAlias;                                         : loaded 2 times (x 69B)
Class com.google.common.io.Files$2                                                    : loaded 2 times (x 76B)
Class kotlin.reflect.jvm.internal.KClassImpl$Data$$Lambda$2                           : loaded 2 times (x 76B)
Class kotlin.coroutines.CombinedContext                                               : loaded 2 times (x 78B)
Class com.android.tools.lint.model.LintModelAndroidArtifact                           : loaded 2 times (x 70B)
Class [Lcom.android.tools.lint.model.LintModelSerialization$TargetFile;               : loaded 2 times (x 69B)
Class org.jetbrains.kotlin.cli.common.CLIConfigurationKeys                            : loaded 2 times (x 71B)
Class org.jetbrains.kotlin.daemon.common.FileSystem$WhenMappings                      : loaded 2 times (x 71B)
Class com.google.common.collect.CollectSpliterators$1WithCharacteristics              : loaded 2 times (x 90B)
Class org.apache.commons.io.filefilter.IOFileFilter                                   : loaded 2 times (x 70B)
Class [Lorg.jetbrains.kotlin.build.report.statistics.StatTag;                         : loaded 2 times (x 69B)
Class com.google.common.io.AppendableWriter                                           : loaded 2 times (x 100B)
Class org.jetbrains.kotlin.gradle.tasks.KotlinCompile$createCompilerArguments$1$2     : loaded 2 times (x 79B)
Class org.jetbrains.kotlin.com.google.common.util.concurrent.AbstractFuture$SafeAtomicHelper: loaded 2 times (x 79B)
Class org.jetbrains.kotlin.gradle.plugin.statistics.KotlinBuildStatisticsUtilsKt$collectAppliedPluginsStatistics$2: loaded 2 times (x 75B)
Class org.jetbrains.kotlin.gradle.plugin.mpp.InternalKotlinTargetKt                   : loaded 2 times (x 71B)
Class com.google.common.collect.AbstractMultimap$Entries                              : loaded 2 times (x 120B)
Class org.jetbrains.kotlin.gradle.plugin.diagnostics.KotlinToolingDiagnosticsSetupActionKt$KotlinToolingDiagnosticsSetupAction$1$3: loaded 2 times (x 75B)
Class org.jetbrains.kotlin.gradle.targets.js.dsl.KotlinTargetWithNodeJsDsl            : loaded 2 times (x 70B)
Class org.jetbrains.kotlin.gradle.plugin.sources.DefaultKotlinSourceSetKt$defaultSourceSetLanguageSettingsChecker$1: loaded 2 times (x 78B)
Class org.jetbrains.kotlin.gradle.plugin.sources.InternalKotlinSourceSet              : loaded 2 times (x 70B)
Class org.jetbrains.kotlin.gradle.plugin.KotlinJvmPlugin                              : loaded 2 times (x 79B)
Class org.jetbrains.kotlin.gradle.plugin.mpp.SyncLanguageSettingsWithKotlinExtensionSetupActionKt$SyncLanguageSettingsWithKotlinExtensionSetupAction$1: loaded 2 times (x 95B)
Class org.jetbrains.kotlin.gradle.dsl.KotlinGradlePluginPublicDsl                     : loaded 2 times (x 70B)
Class org.jetbrains.kotlin.gradle.internal.properties.NativeProperties                : loaded 2 times (x 70B)
Class org.jetbrains.kotlin.gradle.fus.internal.SynchronizedConfigurationMetrics       : loaded 2 times (x 72B)
Class org.jetbrains.kotlin.statistics.BuildSessionLogger                              : loaded 2 times (x 77B)
Class org.jetbrains.kotlin.gradle.plugin.internal.ConfigurationCacheStartParameterAccessor: loaded 2 times (x 70B)
Class org.jetbrains.kotlin.gradle.internal.diagnostics.GradleCompatibilityCheck$DefaultCurrentGradleVersionProvider: loaded 2 times (x 74B)
Class org.jetbrains.kotlin.gradle.dsl.KotlinBaseExtension                             : loaded 2 times (x 70B)
Class com.google.common.util.concurrent.AbstractFuture$Cancellation                   : loaded 2 times (x 72B)
Class org.apache.commons.io.output.StringBuilderWriter                                : loaded 2 times (x 100B)
Class org.jetbrains.kotlin.codegen.signature.BothSignatureWriter$Mode                 : loaded 2 times (x 79B)
Class [Lorg.jetbrains.kotlin.resolve.calls.inference.components.TypeVariableDirectionCalculator$ResolveDirection;: loaded 2 times (x 69B)
Class org.jetbrains.kotlin.diagnostics.PositioningStrategies$IMPORT_LAST_BUT_ONE_NAME$1: loaded 2 times (x 74B)
Class org.jetbrains.kotlin.diagnostics.PositioningStrategies$ANNOTATION_USE_SITE$1    : loaded 2 times (x 74B)
Class org.jetbrains.kotlin.resolve.calls.inference.model.InitialConstraint            : loaded 2 times (x 72B)
Class [Lorg.jetbrains.kotlin.load.java.typeEnhancement.MutabilityQualifier;           : loaded 2 times (x 69B)
Class org.jetbrains.kotlin.utils.SmartSet                                             : loaded 2 times (x 143B)
Class [Lorg.jetbrains.kotlin.resolve.calls.inference.model.NewConstraintSystemImpl$State;: loaded 2 times (x 69B)
Class org.codehaus.groovy.classgen.Verifier$1                                         : loaded 2 times (x 78B)
Class org.codehaus.groovy.runtime.memoize.EvictableCache$EvictionStrategy             : loaded 2 times (x 79B)
Class org.apache.groovy.ast.tools.MethodNodeUtils                                     : loaded 2 times (x 71B)
Class org.jetbrains.kotlin.resolve.jvm.NotFoundPackagesCachingStrategy$Default        : loaded 2 times (x 74B)
Class org.jetbrains.kotlin.load.java.JavaClassFinderImpl                              : loaded 2 times (x 90B)
Class groovyjarjarantlr4.v4.runtime.dfa.HashEdgeMap                                   : loaded 2 times (x 98B)
Class groovyjarjarantlr4.v4.runtime.atn.ATNConfig                                     : loaded 2 times (x 84B)
Class org.apache.groovy.parser.antlr4.GroovyParser$ClassOrInterfaceModifiersOptContext: loaded 2 times (x 159B)
Class org.codehaus.groovy.transform.ASTTransformationVisitor                          : loaded 2 times (x 212B)
Class org.jetbrains.kotlin.types.model.TypeSystemBuiltInsContext                      : loaded 2 times (x 70B)
Class org.codehaus.groovy.ast.expr.DeclarationExpression                              : loaded 2 times (x 137B)
Class org.jetbrains.kotlin.resolve.calls.checkers.ReferencingToUnderscoreNamedParameterOfCatchBlockChecker: loaded 2 times (x 74B)
Class org.jetbrains.kotlin.resolve.calls.checkers.CallReturnsArrayOfNothingChecker    : loaded 2 times (x 74B)
Class org.jetbrains.kotlin.cli.jvm.compiler.KotlinCliJavaFileManagerImpl$findPackage$3: loaded 2 times (x 791B)
Class [Lorg.apache.commons.io.StandardLineSeparator;                                  : loaded 2 times (x 69B)
Class com.android.tools.lint.model.LintModelJavaArtifact                              : loaded 2 times (x 70B)
Class [Lorg.jetbrains.kotlin.psi.KtProjectionKind;                                    : loaded 2 times (x 69B)
Class org.jetbrains.kotlin.psi.KtBinaryExpression                                     : loaded 2 times (x 504B)
Class org.jetbrains.kotlin.cli.jvm.index.SingleJavaFileRootsIndex                     : loaded 2 times (x 72B)
Class org.jetbrains.kotlin.resolve.jvm.modules.JavaModuleFinder                       : loaded 2 times (x 70B)
Class [Lorg.jetbrains.kotlin.psi.LambdaArgument;                                      : loaded 2 times (x 69B)
Class [Lorg.jetbrains.kotlin.psi.KtTypeParameterList;                                 : loaded 2 times (x 69B)
Class [Lorg.jetbrains.kotlin.psi.KtNamedFunction;                                     : loaded 2 times (x 69B)
Class org.jetbrains.kotlin.lexer.KtModifierKeywordToken                               : loaded 2 times (x 78B)
Class [Lorg.jetbrains.kotlin.psi.KtNamedDeclarationStub;                              : loaded 2 times (x 69B)
Class [Lkotlin.reflect.jvm.internal.impl.builtins.PrimitiveType;                      : loaded 2 times (x 69B)
Class kotlin.reflect.jvm.internal.impl.builtins.StandardNames                         : loaded 2 times (x 71B)
Class kotlin.reflect.jvm.internal.KClassImpl$Data$$Lambda$3                           : loaded 2 times (x 76B)
Class kotlin.reflect.jvm.internal.ReflectProperties$LazySoftVal                       : loaded 2 times (x 78B)
Class org.jetbrains.kotlin.gradle.plugin.statistics.IDaemonReuseCounterMXBean         : loaded 2 times (x 70B)
Class org.jetbrains.kotlin.incremental.storage.JvmMethodSignatureExternalizer         : loaded 2 times (x 75B)
Class build_2ar9q3f2sh8rthvp5ajfhi1rs$_run_closure1                                   : loaded 2 times (x 139B)
Class org.jetbrains.kotlin.incremental.classpathDiff.impl.SingleClassSnapshotter      : loaded 2 times (x 71B)
Class org.jetbrains.kotlin.incremental.classpathDiff.KotlinClassSnapshotExternalizer  : loaded 2 times (x 76B)
Class [Lorg.jetbrains.kotlin.config.LanguageOrApiVersion;                             : loaded 2 times (x 69B)
Class com.google.common.collect.Maps$EntryFunction$1                                  : loaded 2 times (x 91B)
Class org.jetbrains.kotlin.daemon.common.DaemonJVMOptions                             : loaded 2 times (x 75B)
Class org.jetbrains.kotlin.incremental.IncrementalModuleInfo                          : loaded 2 times (x 72B)
Class org.jetbrains.kotlin.gradle.tasks.KotlinCompile$createCompilerArguments$1$3     : loaded 2 times (x 79B)
Class com.google.common.base.Present                                                  : loaded 2 times (x 81B)
Class org.jetbrains.kotlin.gradle.utils.FutureKt$future$2$1                           : loaded 2 times (x 95B)
Class org.jetbrains.kotlin.gradle.plugin.diagnostics.DefaultProblemsReporter$logger$2 : loaded 2 times (x 79B)
Class org.jetbrains.kotlin.gradle.plugin.diagnostics.DefaultProblemsReporter          : loaded 2 times (x 76B)
Class [Lorg.jetbrains.kotlin.gradle.plugin.statistics.plugins.ObservablePlugins;      : loaded 2 times (x 69B)
Class org.jetbrains.kotlin.gradle.plugin.internal.BuildIdService$Companion$registerIfAbsent$1$1: loaded 2 times (x 75B)
Class org.jetbrains.kotlin.gradle.internal.abi.AbiValidationExtensionImpl             : loaded 2 times (x 90B)
Class org.jetbrains.kotlin.konan.target.KonanTarget$IOS_ARM64                         : loaded 2 times (x 78B)
Class org.jetbrains.kotlin.gradle.targets.js.dsl.KotlinWasmTargetDsl                  : loaded 2 times (x 70B)
Class org.jetbrains.kotlin.gradle.plugin.diagnostics.checkers.DisabledCinteropCommonizationInHmppProjectChecker$runChecks$1: loaded 2 times (x 88B)
Class org.jetbrains.kotlin.gradle.plugin.sources.ConsistencyCheck                     : loaded 2 times (x 72B)
Class org.jetbrains.kotlin.gradle.plugin.sources.DefaultKotlinSourceSetKt$defaultSourceSetLanguageSettingsChecker$2: loaded 2 times (x 78B)
Class org.jetbrains.kotlin.gradle.plugin.diagnostics.KotlinToolingDiagnosticsCollectorKt$kotlinToolingDiagnosticsCollectorProvider$1$execute$$inlined$variantImplementationFactoryProvider$1: loaded 2 times (x 74B)
Class org.jetbrains.kotlin.gradle.dsl.KotlinCommonToolOptions                         : loaded 2 times (x 70B)
Class org.jetbrains.kotlin.gradle.plugin.AbstractKotlinPlugin                         : loaded 2 times (x 78B)
Class org.jetbrains.kotlin.gradle.tasks.DefaultKotlinJavaToolchain$Companion$wireJvmTargetToJvm$1: loaded 2 times (x 75B)
Class org.jetbrains.kotlin.gradle.plugin.diagnostics.checkers.ComposePluginSuggestApplyChecker: loaded 2 times (x 74B)
Class org.jetbrains.kotlin.gradle.dsl.KotlinMultiplatformExtension                    : loaded 2 times (x 607B)
Class org.jetbrains.kotlin.gradle.plugin.BuildFinishAndConfigurationTimeMetricsFlowAction: loaded 2 times (x 74B)
Class org.jetbrains.kotlin.gradle.plugin.PropertiesProvider$booleanProvider$1         : loaded 2 times (x 74B)
Class com.google.common.cache.RemovalListener                                         : loaded 2 times (x 70B)
Class org.gradle.api.internal.DefaultClassPathRegistry                                : loaded 2 times (x 76B)
Class org.jetbrains.kotlin.resolve.calls.inference.model.LambdaArgumentConstraintPosition: loaded 2 times (x 72B)
Class org.jetbrains.kotlin.load.java.JvmAbi                                           : loaded 2 times (x 71B)
Class org.jetbrains.kotlin.diagnostics.PositioningStrategies$DOT_BY_QUALIFIED$1       : loaded 2 times (x 74B)
Class org.jetbrains.kotlin.diagnostics.PositioningStrategies$IMPORT_ALIAS$1           : loaded 2 times (x 74B)
Class kotlin.annotation.AnnotationTarget                                              : loaded 2 times (x 79B)
Class com.android.tools.analytics.AnalyticsSettings$optedIn$1                         : loaded 2 times (x 78B)
Class org.apache.groovy.util.concurrent.concurrentlinkedhashmap.LinkedDeque           : loaded 2 times (x 201B)
Class org.codehaus.groovy.classgen.FinalVariableAnalyzer$VariableNotFinalCallback     : loaded 2 times (x 70B)
Class org.codehaus.groovy.classgen.Verifier$2                                         : loaded 2 times (x 73B)
Class groovyjarjarantlr4.v4.runtime.atn.ATNDeserializationOptions                     : loaded 2 times (x 72B)
Class [Lorg.jetbrains.kotlin.config.JvmDefaultMode;                                   : loaded 2 times (x 69B)
Class org.apache.groovy.parser.antlr4.GroovyParser$LogicalOrExprAltContext            : loaded 2 times (x 162B)
Class org.apache.groovy.parser.antlr4.GroovyParser$CatchClauseContext                 : loaded 2 times (x 164B)
Class org.codehaus.groovy.util.AbstractConcurrentMap$Segment                          : loaded 2 times (x 85B)
Class [Lorg.codehaus.groovy.ast.ClassNode;                                            : loaded 2 times (x 69B)
Class org.codehaus.groovy.control.CompilationUnit                                     : loaded 2 times (x 123B)
Class org.codehaus.groovy.ast.GenericsType                                            : loaded 2 times (x 118B)
Class org.jetbrains.kotlin.resolve.calls.checkers.UnsupportedUntilOperatorChecker     : loaded 2 times (x 74B)
Class org.codehaus.groovy.runtime.powerassert.PowerAssertionError                     : loaded 2 times (x 82B)
Class org.jetbrains.kotlin.resolve.checkers.ValueParameterUsageInDefaultArgumentChecker: loaded 2 times (x 74B)
Class groovy.lang.MetaClassRegistryChangeEventListener                                : loaded 2 times (x 70B)
Class org.codehaus.groovy.util.ManagedConcurrentLinkedQueue                           : loaded 2 times (x 84B)
Class org.jetbrains.kotlin.builtins.PrimitiveType                                     : loaded 2 times (x 79B)
Class kotlin.coroutines.ContinuationInterceptor                                       : loaded 2 times (x 70B)
Class kotlinx.coroutines.DebugKt                                                      : loaded 2 times (x 71B)
Class org.jetbrains.kotlin.psi.KtPureElement                                          : loaded 2 times (x 70B)
Class org.jetbrains.kotlin.psi.KtSimpleNameStringTemplateEntry                        : loaded 2 times (x 447B)
Class org.jetbrains.kotlin.psi.stubs.KotlinCollectionLiteralExpressionStub            : loaded 2 times (x 70B)
Class org.jetbrains.kotlin.psi.stubs.elements.KtConstantExpressionElementType$Companion: loaded 2 times (x 71B)
Class [Lorg.jetbrains.kotlin.psi.KtInitializerList;                                   : loaded 2 times (x 69B)
Class org.jetbrains.kotlin.psi.KtExpressionImplStub                                   : loaded 2 times (x 507B)
Class [Lorg.jetbrains.kotlin.psi.KtClassInitializer;                                  : loaded 2 times (x 69B)
Class org.jetbrains.kotlin.psi.KtVariableDeclaration                                  : loaded 2 times (x 70B)
Class org.jetbrains.kotlin.psi.KtClassOrObject                                        : loaded 2 times (x 1103B)
Class kotlin.jvm.JvmClassMappingKt                                                    : loaded 2 times (x 71B)
Class kotlin.reflect.jvm.internal.KClassImpl$Data$$Lambda$4                           : loaded 2 times (x 76B)
Class kotlin.reflect.jvm.internal.KPropertyImpl                                       : loaded 2 times (x 115B)
Class kotlin.jvm.internal.Reflection                                                  : loaded 2 times (x 71B)
Class kotlin.reflect.KProperty                                                        : loaded 2 times (x 70B)
Class [Lorg.jetbrains.kotlin.psi.KtImportDirective;                                   : loaded 2 times (x 69B)
Class kotlin.ranges.ClosedRange                                                       : loaded 2 times (x 70B)
Class [Lorg.jetbrains.kotlin.psi.KtTypeElement;                                       : loaded 2 times (x 69B)
Class com.android.tools.lint.model.LintModelLintOptions                               : loaded 2 times (x 70B)
Class com.android.prefs.PathLocator$singlePathOf$values$1                             : loaded 2 times (x 79B)
Class com.android.tools.lint.model.PathVariables$Companion$PATH_COMPARATOR$1          : loaded 2 times (x 78B)
Class com.android.sdklib.AndroidApiLevel                                              : loaded 2 times (x 74B)
Class [Lorg.jetbrains.kotlin.psi.KtValueArgument;                                     : loaded 2 times (x 69B)
Class build_4uub68vbkdc07ia04vudzqeg3$_run_closure1                                   : loaded 2 times (x 139B)
Class com.google.common.collect.Maps$EntryFunction$2                                  : loaded 2 times (x 91B)
Class org.apache.commons.io.file.DeleteOption                                         : loaded 2 times (x 70B)
Class com.google.common.reflect.Invokable$ConstructorInvokable                        : loaded 2 times (x 107B)
Class com.google.common.collect.ImmutableMultimap$Keys                                : loaded 2 times (x 166B)
Class org.jetbrains.kotlin.gradle.tasks.KotlinCompile$createCompilerArguments$1$4     : loaded 2 times (x 79B)
Class org.jetbrains.kotlin.gradle.plugin.mpp.KotlinTargetSoftwareComponentImplKt$KotlinTargetSoftwareComponent$1$1$configuration$1: loaded 2 times (x 79B)
Class org.jetbrains.kotlin.gradle.internal.abi.AbiValidationExtensionKt               : loaded 2 times (x 71B)
Class org.jetbrains.kotlin.gradle.targets.js.npm.DefaultPeerNpmDependencyExtension$delegate$1: loaded 2 times (x 167B)
Class org.jetbrains.kotlin.gradle.targets.js.npm.NpmDependency                        : loaded 2 times (x 97B)
Class org.jetbrains.kotlin.gradle.targets.js.npm.DefaultNpmDependencyExtension        : loaded 2 times (x 152B)
Class org.jetbrains.kotlin.gradle.targets.js.npm.NpmDependency$Scope                  : loaded 2 times (x 79B)
Class org.jetbrains.kotlin.gradle.plugin.sources.FragmentConsistencyChecks$unstableFeaturesCheck$1: loaded 2 times (x 79B)
Class org.jetbrains.kotlin.gradle.plugin.sources.DefaultKotlinSourceSet               : loaded 2 times (x 141B)
Class org.jetbrains.kotlin.gradle.plugin.diagnostics.KotlinToolingDiagnosticsCollector$Parameter_Decorated: loaded 2 times (x 134B)
Class org.jetbrains.kotlin.gradle.plugin.diagnostics.checkers.AndroidSourceSetLayoutV1SourceSetsNotFoundChecker: loaded 2 times (x 74B)
Class org.jetbrains.kotlin.gradle.utils.ConfigurationsKt$sam$org_gradle_api_Action$0  : loaded 2 times (x 75B)
Class org.jetbrains.kotlin.gradle.plugin.diagnostics.ProblemsReporter                 : loaded 2 times (x 70B)
Class org.jetbrains.kotlin.gradle.plugin.VariantImplementationFactories$Parameters    : loaded 2 times (x 70B)
Class org.jetbrains.kotlin.gradle.plugin.internal.JavaExecTaskParametersCompatibility$Factory: loaded 2 times (x 70B)
Class org.gradle.api.internal.ClassPathRegistry                                       : loaded 2 times (x 70B)
Class org.gradle.internal.classpath.DefaultClassPath$ImmutableUniqueList              : loaded 2 times (x 199B)
Class com.google.common.collect.Table$Cell                                            : loaded 2 times (x 70B)
Class org.jetbrains.kotlin.config.AnalysisFlag$Delegates$ListOfStrings                : loaded 2 times (x 71B)
Class org.jetbrains.kotlin.backend.jvm.extensions.ClassGeneratorExtension             : loaded 2 times (x 70B)
Class org.apache.groovy.util.concurrent.concurrentlinkedhashmap.ConcurrentLinkedHashMap$DrainStatus: loaded 2 times (x 80B)
Class org.jetbrains.kotlin.load.kotlin.KotlinBinaryClassCache$RequestCache            : loaded 2 times (x 73B)
Class org.codehaus.groovy.classgen.Verifier$3                                         : loaded 2 times (x 73B)
Class org.codehaus.groovy.ast.DynamicVariable                                         : loaded 2 times (x 94B)
Class groovyjarjarantlr4.v4.runtime.dfa.AcceptStateInfo                               : loaded 2 times (x 74B)
Class org.apache.groovy.parser.antlr4.GroovyParser$AnnotationsOptContext              : loaded 2 times (x 160B)
Class org.jetbrains.kotlin.BlockExpressionElementType                                 : loaded 2 times (x 98B)
Class org.jetbrains.kotlin.psi.KtExpressionImpl$Companion                             : loaded 2 times (x 71B)
Class org.jetbrains.kotlin.descriptors.ClassKind                                      : loaded 2 times (x 79B)
Class groovyjarjarantlr4.v4.runtime.atn.RuleStopState                                 : loaded 2 times (x 89B)
Class org.jetbrains.kotlin.resolve.ImportPath$Companion                               : loaded 2 times (x 71B)
Class org.apache.groovy.parser.antlr4.GroovyParser$ParExpressionContext               : loaded 2 times (x 157B)
Class org.codehaus.groovy.control.ParserPlugin                                        : loaded 2 times (x 70B)
Class org.codehaus.groovy.util.ManagedConcurrentMap$EntryWithValue                    : loaded 2 times (x 92B)
Class org.codehaus.groovy.control.CompilationUnit$ClassgenCallback                    : loaded 2 times (x 70B)
Class org.jetbrains.kotlin.container.PlatformExtensionsClashResolver$FirstWins        : loaded 2 times (x 73B)
Class org.jetbrains.kotlin.resolve.calls.checkers.VarargWrongExecutionOrderChecker    : loaded 2 times (x 74B)
Class org.jetbrains.kotlin.resolve.checkers.SuspendFunctionAsSupertypeChecker         : loaded 2 times (x 74B)
Class org.jetbrains.kotlin.resolve.checkers.ActualClassifierMustHasTheSameMembersAsNonFinalExpectClassifierChecker: loaded 2 times (x 74B)
Class org.jetbrains.kotlin.mpp.TypeRefMarker                                          : loaded 2 times (x 70B)
Class com.android.ide.common.resources.configuration.NetworkCodeQualifier             : loaded 2 times (x 88B)
Class org.jetbrains.kotlin.KtNodeTypes                                                : loaded 2 times (x 70B)
Class org.objectweb.asm.tree.ClassNode                                                : loaded 2 times (x 91B)
Class kotlin.collections.IntIterator                                                  : loaded 2 times (x 82B)
Class org.jetbrains.kotlin.extensions.StorageComponentContainerContributor            : loaded 2 times (x 70B)
Class groovy.lang.MetaClassImpl$1                                                     : loaded 2 times (x 75B)
Class org.codehaus.groovy.control.CompilationFailedException                          : loaded 2 times (x 89B)
Class org.jetbrains.kotlin.resolve.calls.checkers.CapturingInClosureChecker           : loaded 2 times (x 74B)
Class org.jetbrains.kotlin.psi.KtStringTemplateExpression                             : loaded 2 times (x 680B)
Class org.jetbrains.kotlin.psi.KtImportInfo$ImportContent                             : loaded 2 times (x 71B)
Class kotlin.reflect.jvm.internal.impl.resolve.jvm.JvmPrimitiveType                   : loaded 2 times (x 79B)
Class kotlin.reflect.jvm.internal.KClassImpl$Data$$Lambda$5                           : loaded 2 times (x 76B)
Class kotlin.reflect.jvm.internal.ComputableClassValue                                : loaded 2 times (x 80B)
Class kotlinx.coroutines.DispatchedTaskKt                                             : loaded 2 times (x 71B)
Class kotlinx.coroutines.internal.SystemPropsKt__SystemProps_commonKt                 : loaded 2 times (x 71B)
Class kotlinx.coroutines.ThreadContextElement                                         : loaded 2 times (x 70B)
Class kotlin.jvm.internal.TypeIntrinsics                                              : loaded 2 times (x 71B)
Class com.android.prefs.PathLocator$singlePathOf$values$2                             : loaded 2 times (x 78B)
Class com.android.tools.lint.model.PathVariables$Companion$PATH_COMPARATOR$2          : loaded 2 times (x 78B)
Class org.jetbrains.kotlin.resolve.calls.checkers.FunInterfaceConstructorReferenceChecker: loaded 2 times (x 74B)
Class org.jetbrains.kotlin.types.AbstractTypeApproximator$Companion                   : loaded 2 times (x 71B)
Class build_dgckujixkf6ppg16ph858b1iv$_run_closure1                                   : loaded 2 times (x 139B)
Class org.apache.commons.io.IOUtils                                                   : loaded 2 times (x 71B)
Class com.google.common.reflect.TypeToken                                             : loaded 2 times (x 73B)
Class org.jetbrains.kotlin.daemon.common.LoopbackNetworkInterface$ClientLoopbackSocketFactory: loaded 2 times (x 75B)
Class org.jetbrains.kotlin.daemon.client.DaemonReportMessage                          : loaded 2 times (x 72B)
Class org.jetbrains.kotlin.daemon.common.FileSystemUtilsKt                            : loaded 2 times (x 71B)
Class org.jetbrains.kotlin.gradle.plugin.internal.state.TaskLoggers                   : loaded 2 times (x 71B)
Class org.jetbrains.kotlin.buildtools.api.KotlinBuildToolsException                   : loaded 2 times (x 82B)
Class [Lorg.jetbrains.kotlin.com.google.common.cache.ReferenceEntry;                  : loaded 2 times (x 69B)
Class org.jetbrains.kotlin.gradle.internal.ClassLoaderCacheKey                        : loaded 2 times (x 72B)
Class org.jetbrains.kotlin.com.google.common.cache.Weigher                            : loaded 2 times (x 70B)
Class org.jetbrains.kotlin.gradle.plugin.KotlinCompilation$DefaultImpls               : loaded 2 times (x 71B)
Class org.jetbrains.kotlin.gradle.utils.ProviderApiUtilsKt$providerWithLazyConvention$1: loaded 2 times (x 74B)
Class org.jetbrains.kotlin.konan.target.KonanTarget$Companion$predefinedTargets$2     : loaded 2 times (x 78B)
Class org.jetbrains.kotlin.gradle.plugin.sources.FragmentConsistencyChecks$unstableFeaturesCheck$2: loaded 2 times (x 78B)
Class org.jetbrains.kotlin.gradle.plugin.KotlinPluginLifecycleImpl                    : loaded 2 times (x 80B)
Class org.jetbrains.kotlin.gradle.plugin.diagnostics.KotlinToolingDiagnostics$WasmWasiEnvironmentNotChosenExplicitly: loaded 2 times (x 73B)
Class org.jetbrains.kotlin.gradle.plugin.diagnostics.DiagnosticGroup$Kgp              : loaded 2 times (x 82B)
Class org.jetbrains.kotlin.gradle.artifacts.KotlinNativeKlibArtifactKt$KotlinNativeKlibArtifact$1: loaded 2 times (x 74B)
Class org.jetbrains.kotlin.gradle.dsl.KotlinCommonCompilerOptionsDefault              : loaded 2 times (x 96B)
Class org.jetbrains.kotlin.gradle.dsl.KotlinCommonCompilerToolOptionsDefault          : loaded 2 times (x 84B)
Class org.jetbrains.kotlin.gradle.tasks.publishing.HelpersKt$addPomValidationHelpers$1: loaded 2 times (x 75B)
Class org.jetbrains.kotlin.gradle.plugin.mpp.apple.swiftexport.internal.SwiftExportInitKt$maybeCreateSwiftExportClasspathDependenciesConfiguration$1$1: loaded 2 times (x 75B)
Class org.jetbrains.kotlin.gradle.internal.properties.NativePropertiesLoader$isUseXcodeMessageStyleEnabled$1: loaded 2 times (x 75B)
Class org.jetbrains.kotlin.gradle.internal.ClassLoadersCachingBuildService$Companion$registerIfAbsent$2$1: loaded 2 times (x 79B)
Class org.jetbrains.kotlin.gradle.plugin.statistics.KotlinBuildStatisticsUtilsKt$collectGeneralConfigurationTimeMetrics$statisticOverhead$1$2: loaded 2 times (x 75B)
Class org.jetbrains.kotlin.gradle.plugin.StatisticsBuildFlowManager_Decorated         : loaded 2 times (x 119B)
Class org.jetbrains.kotlin.gradle.report.BuildReportMode$Companion                    : loaded 2 times (x 71B)
Class org.jetbrains.kotlin.gradle.plugin.VariantImplementationFactories$VariantImplementationFactory: loaded 2 times (x 70B)
Class jdk.internal.jimage.decompressor.ResourceDecompressor                           : loaded 2 times (x 70B)
Class org.jetbrains.kotlin.resolve.calls.inference.components.ConstraintSystemUtilContext: loaded 2 times (x 70B)
Class org.jetbrains.kotlin.load.java.JvmAnnotationNamesKt                             : loaded 2 times (x 71B)
Class org.jetbrains.kotlin.diagnostics.PositioningStrategies$DeclarationHeader        : loaded 2 times (x 74B)
Class org.jetbrains.kotlin.types.AbstractTypePreparator                               : loaded 2 times (x 72B)
Class com.google.protobuf.Utf8$UnsafeProcessor                                        : loaded 2 times (x 77B)
Class com.google.protobuf.UnknownFieldSet$Parser                                      : loaded 2 times (x 150B)
Class com.google.gson.internal.bind.JsonTreeWriter                                    : loaded 2 times (x 98B)
Class org.codehaus.groovy.transform.stc.ExtensionMethodNode                           : loaded 2 times (x 159B)
Class org.jetbrains.kotlin.metadata.deserialization.VersionRequirementTable           : loaded 2 times (x 72B)
Class org.codehaus.groovy.runtime.GeneratedLambda                                     : loaded 2 times (x 70B)
Class org.codehaus.groovy.classgen.Verifier$4                                         : loaded 2 times (x 73B)
Class org.codehaus.groovy.classgen.InnerClassVisitorHelper                            : loaded 2 times (x 211B)
Class org.codehaus.groovy.util.ListHashMap                                            : loaded 2 times (x 122B)
Class groovyjarjarantlr4.v4.runtime.atn.SemanticContext$AND                           : loaded 2 times (x 75B)
Class groovyjarjarantlr4.v4.runtime.atn.ATNDeserializer$UnicodeDeserializingMode      : loaded 2 times (x 79B)
Class org.jetbrains.kotlin.config.JvmDefaultMode$Companion                            : loaded 2 times (x 71B)
Class kotlin.time.DurationUnit                                                        : loaded 2 times (x 79B)
Class org.jetbrains.kotlin.load.java.JavaTypeEnhancementState$Companion               : loaded 2 times (x 71B)
Class org.codehaus.groovy.ast.stmt.IfStatement                                        : loaded 2 times (x 116B)
Class org.jetbrains.kotlin.container.ValueDescriptor                                  : loaded 2 times (x 70B)
Class org.jetbrains.kotlin.resolve.calls.checkers.ResolutionToPrivateConstructorOfSealedClassChecker: loaded 2 times (x 74B)
Class org.codehaus.groovy.runtime.metaclass.ClosureMetaMethod                         : loaded 2 times (x 103B)
Class org.codehaus.groovy.runtime.MethodKey                                           : loaded 2 times (x 79B)
Class org.codehaus.groovy.util.ManagedReference                                       : loaded 2 times (x 76B)
Class com.android.resources.UiMode                                                    : loaded 2 times (x 87B)
Class org.apache.groovy.parser.antlr4.GroovyParser$AdditiveExprAltContext             : loaded 2 times (x 162B)
Class org.jetbrains.kotlin.psi.KtObjectLiteralExpression                              : loaded 2 times (x 438B)
Class org.jetbrains.kotlin.psi.KtConstructorDelegationCall                            : loaded 2 times (x 452B)
Class org.jetbrains.kotlin.psi.KtLoopExpression                                       : loaded 2 times (x 440B)
Class org.jetbrains.kotlin.psi.KtExpressionImpl                                       : loaded 2 times (x 437B)
Class it.unimi.dsi.fastutil.longs.LongCollection                                      : loaded 2 times (x 70B)
Class [Lorg.jetbrains.kotlin.psi.KtContextReceiver;                                   : loaded 2 times (x 69B)
Class org.jetbrains.kotlin.utils.WrappedValues$1                                      : loaded 2 times (x 71B)
Class kotlin.reflect.jvm.internal.KClassImpl$Data$$Lambda$6                           : loaded 2 times (x 76B)
Class org.jetbrains.kotlin.compiler.plugin.CompilerPluginRegistrar$Companion          : loaded 2 times (x 71B)
Class groovyjarjarantlr4.v4.runtime.ANTLRErrorListener                                : loaded 2 times (x 70B)
Class org.apache.groovy.parser.antlr4.GroovyParser$FloatingPointLiteralAltContext     : loaded 2 times (x 158B)
Class com.android.tools.lint.model.PathVariables$Companion$PATH_COMPARATOR$3          : loaded 2 times (x 78B)
Class org.apache.groovy.parser.antlr4.GroovyParser$ResourceContext                    : loaded 2 times (x 158B)
Class [Lorg.jetbrains.org.objectweb.asm.tree.LabelNode;                               : loaded 2 times (x 69B)
Class org.jetbrains.kotlin.incremental.storage.InlinePropertyAccessorExternalizer     : loaded 2 times (x 75B)
Class org.codehaus.groovy.ast.expr.RangeExpression                                    : loaded 2 times (x 130B)
Class org.apache.groovy.parser.antlr4.GroovyParser$ElementValuePairNameContext        : loaded 2 times (x 158B)
Class groovyjarjarasm.asm.Symbol                                                      : loaded 2 times (x 73B)
Class org.jetbrains.org.objectweb.asm.tree.FieldNode                                  : loaded 2 times (x 80B)
Class com.google.common.cache.RemovalCause                                            : loaded 2 times (x 80B)
Class [Lorg.jetbrains.kotlin.daemon.common.CompilationResultCategory;                 : loaded 2 times (x 69B)
Class org.jetbrains.kotlin.daemon.client.DaemonReportingTargets                       : loaded 2 times (x 72B)
Class org.jetbrains.kotlin.incremental.ClasspathChanges$ClasspathSnapshotEnabled$NotAvailableForNonIncrementalRun: loaded 2 times (x 73B)
Class org.jetbrains.kotlin.cli.common.arguments.K2JVMCompilerArgumentsConfigurator    : loaded 2 times (x 74B)
Class org.jetbrains.kotlin.com.google.common.util.concurrent.Uninterruptibles         : loaded 2 times (x 71B)
Class org.jetbrains.kotlin.com.google.common.base.Predicate                           : loaded 2 times (x 70B)
Class org.jetbrains.kotlin.gradle.internal.ClassLoadersCachingBuildService$Inject     : loaded 2 times (x 96B)
Class org.jetbrains.kotlin.gradle.tasks.configuration.BaseKotlinCompileConfig$1$1$classpathEntrySnapshotFiles$1: loaded 2 times (x 74B)
Class org.jetbrains.kotlin.gradle.utils.GradleAttributesContainerUtilsKt              : loaded 2 times (x 71B)
Class org.jetbrains.kotlin.gradle.plugin.mpp.ApplyUserDefinedAttributesKt$UserDefinedAttributesSetupAction$1$1: loaded 2 times (x 79B)
Class org.jetbrains.kotlin.compilerRunner.CompilerSystemPropertiesService             : loaded 2 times (x 80B)
Class org.jetbrains.kotlin.gradle.plugin.mpp.compilationImpl.KotlinCompilationImpl$1  : loaded 2 times (x 79B)
Class org.jetbrains.kotlin.gradle.targets.js.npm.SemVer$Companion                     : loaded 2 times (x 71B)
Class org.jetbrains.kotlin.konan.target.KonanTarget$LINUX_ARM64                       : loaded 2 times (x 78B)
Class org.jetbrains.kotlin.konan.target.KonanTarget$LINUX_X64                         : loaded 2 times (x 78B)
Class [Lorg.jetbrains.kotlin.konan.target.Architecture;                               : loaded 2 times (x 69B)
Class org.jetbrains.kotlin.gradle.targets.native.SetupEmbedAndSignAppleFrameworkTaskSideEffectKt$special$$inlined$KotlinTargetSideEffect$1: loaded 2 times (x 74B)
Class org.jetbrains.kotlin.gradle.plugin.mpp.KotlinUsages$KotlinCinteropCompatibility : loaded 2 times (x 77B)
Class org.jetbrains.kotlin.gradle.plugin.mpp.KotlinUsages$KotlinUsagesCompatibility   : loaded 2 times (x 76B)
Class org.jetbrains.kotlin.gradle.dsl.ExplicitApiMode                                 : loaded 2 times (x 79B)
Class org.jetbrains.kotlin.gradle.tasks.publishing.HelpersKt$addSigningValidationHelpers$1: loaded 2 times (x 75B)
Class org.jetbrains.kotlin.gradle.plugin.VariantImplementationFactories$Companion     : loaded 2 times (x 71B)
Class org.jetbrains.kotlin.gradle.plugin.internal.CustomPropertiesFileValueSource$Parameters_Decorated: loaded 2 times (x 134B)
Class org.jetbrains.kotlin.gradle.dsl.KotlinTopLevelExtensionConfig                   : loaded 2 times (x 70B)
Class com.google.common.cache.CacheBuilder                                            : loaded 2 times (x 72B)
Class org.jetbrains.kotlin.cli.common.messages.CompilerMessageSourceLocation          : loaded 2 times (x 70B)
Class Settings_gradle$1                                                               : loaded 2 times (x 74B)
Class org.gradle.internal.classpath.ClassPath                                         : loaded 2 times (x 70B)
Class org.gradle.api.UncheckedIOException                                             : loaded 2 times (x 82B)
Class org.jetbrains.kotlin.resolve.calls.inference.model.ReceiverConstraintPosition   : loaded 2 times (x 72B)
Class kotlin.sequences.DropSequence                                                   : loaded 2 times (x 79B)
Class org.jetbrains.kotlin.load.java.typeEnhancement.MutabilityQualifier              : loaded 2 times (x 79B)
Class org.codehaus.groovy.classgen.asm.BinaryBooleanExpressionHelper                  : loaded 2 times (x 98B)
Class org.codehaus.groovy.classgen.asm.ExpressionAsVariableSlot                       : loaded 2 times (x 130B)
Class groovyjarjarasm.asm.CurrentFrame                                                : loaded 2 times (x 73B)
Class org.codehaus.groovy.classgen.Verifier$5                                         : loaded 2 times (x 186B)
Class kotlin.sequences.TakeWhileSequence$iterator$1                                   : loaded 2 times (x 79B)
Class groovyjarjarantlr4.v4.runtime.atn.ATNSimulator                                  : loaded 2 times (x 74B)
Class org.jetbrains.kotlin.load.java.JavaNullabilityAnnotationSettingsKt              : loaded 2 times (x 71B)
Class org.codehaus.groovy.runtime.memoize.EvictableCache$Action                       : loaded 2 times (x 70B)
Class org.jetbrains.kotlin.descriptors.annotations.AnnotationDescriptor               : loaded 2 times (x 70B)
Class org.jetbrains.kotlin.resolve.checkers.NullableExtensionOperatorWithSafeCallChecker: loaded 2 times (x 74B)
Class org.jetbrains.kotlin.resolve.calls.checkers.BuilderFunctionsCallChecker         : loaded 2 times (x 74B)
Class org.jetbrains.kotlin.resolve.checkers.TrailingCommaCallChecker                  : loaded 2 times (x 74B)
Class org.jetbrains.kotlin.resolve.PlatformConfigurator                               : loaded 2 times (x 70B)
Class groovy.lang.SpreadMap                                                           : loaded 2 times (x 135B)
Class it.unimi.dsi.fastutil.objects.Object2IntMap$FastEntrySet                        : loaded 2 times (x 70B)
Class org.codehaus.groovy.classgen.BytecodeExpression$1                               : loaded 2 times (x 128B)
Class kotlin.collections.ArrayDeque                                                   : loaded 2 times (x 207B)
Class [Lorg.jetbrains.kotlin.parsing.KotlinParsing$DeclarationParsingMode;            : loaded 2 times (x 69B)
Class kotlin.reflect.jvm.internal.KPackageImpl                                        : loaded 2 times (x 85B)
Class org.jetbrains.kotlin.psi.KtSimpleNameExpressionImpl                             : loaded 2 times (x 569B)
Class org.apache.groovy.ast.tools.AnnotatedNodeUtils                                  : loaded 2 times (x 71B)
Class [Lorg.jetbrains.kotlin.psi.KtDynamicType;                                       : loaded 2 times (x 69B)
Class org.jetbrains.kotlin.types.TypeApproximatorConfiguration$AbstractCapturedTypesAndILTApproximation: loaded 2 times (x 88B)
Class [Lkotlin.reflect.jvm.internal.impl.name.FqName;                                 : loaded 2 times (x 69B)
Class kotlin.reflect.jvm.internal.KClassImpl$Data$$Lambda$7                           : loaded 2 times (x 76B)
Class org.jetbrains.kotlin.idea.KotlinLanguage                                        : loaded 2 times (x 107B)
Class com.android.tools.lint.model.PathVariables$Companion$PATH_COMPARATOR$4          : loaded 2 times (x 78B)
Class com.google.protobuf.Internal                                                    : loaded 2 times (x 71B)
Class org.jetbrains.kotlin.diagnostics.PositioningStrategies$RETURN_WITH_LABEL$1      : loaded 2 times (x 74B)
Class org.jetbrains.kotlin.incremental.classpathDiff.impl.InnerClassesClassVisitor    : loaded 2 times (x 88B)
Class [Lcom.google.common.reflect.Types$JavaVersion;                                  : loaded 2 times (x 69B)
Class org.jetbrains.kotlin.daemon.common.ReportSeverity                               : loaded 2 times (x 79B)
Class org.jetbrains.kotlin.compilerRunner.GradleCompilerRunnerWithWorkers$GradleKotlinCompilerWorkParameters_Decorated: loaded 2 times (x 143B)
Class org.jetbrains.kotlin.compilerRunner.CompilerSystemPropertiesService$properties$2: loaded 2 times (x 79B)
Class org.jetbrains.kotlin.buildtools.api.internal.KotlinCompilerVersion              : loaded 2 times (x 75B)
Class org.jetbrains.kotlin.com.google.common.util.concurrent.LazyLogger               : loaded 2 times (x 72B)
Class org.jetbrains.kotlin.com.google.common.cache.CacheLoader$InvalidCacheLoadException: loaded 2 times (x 82B)
Class com.google.common.collect.Interners$InternerBuilder                             : loaded 2 times (x 76B)
Class com.google.common.collect.AbstractMapBasedMultimap$WrappedSortedSet             : loaded 2 times (x 228B)
Class org.jetbrains.kotlin.gradle.incremental.IncrementalModuleInfoProvider           : loaded 2 times (x 70B)
Class org.jetbrains.kotlin.gradle.plugin.mpp.compilationImpl.KotlinCompilationImpl$2  : loaded 2 times (x 79B)
Class org.jetbrains.kotlin.gradle.tasks.abi.KotlinLegacyAbiCheckTaskImpl$Companion    : loaded 2 times (x 71B)
Class org.jetbrains.kotlin.gradle.dsl.PlatformSourceSetConventionsChecker$runChecks$1 : loaded 2 times (x 88B)
Class org.jetbrains.kotlin.gradle.plugin.mpp.compilationImpl.KotlinCompilationProcessorSideEffectKt$KotlinCompilationProcessorSideEffect$1: loaded 2 times (x 74B)
Class org.jetbrains.kotlin.gradle.dsl.KotlinJvmCompilerOptionsDefault                 : loaded 2 times (x 108B)
Class org.jetbrains.kotlin.gradle.internal.UsesClassLoadersCachingBuildService        : loaded 2 times (x 70B)
Class org.jetbrains.kotlin.resolve.calls.inference.model.ConstraintSystemError        : loaded 2 times (x 72B)
Class com.android.ide.common.rendering.api.ResourceNamespace$Resolver                 : loaded 2 times (x 70B)
Class org.jetbrains.kotlin.diagnostics.PositioningStrategies$DELEGATOR_SUPER_CALL$1   : loaded 2 times (x 74B)
Class org.jetbrains.kotlin.resolve.calls.inference.components.TypeCheckerStateForConstraintSystem: loaded 2 times (x 81B)
Class org.jetbrains.kotlin.resolve.calls.model.PostponedCallableReferenceMarker       : loaded 2 times (x 70B)
Class org.jetbrains.kotlin.load.java.structure.JavaType                               : loaded 2 times (x 70B)
Class org.jetbrains.kotlin.resolve.calls.results.SimpleConstraintSystem               : loaded 2 times (x 70B)
Class org.jetbrains.kotlin.metadata.deserialization.VersionRequirement                : loaded 2 times (x 72B)
Class [Lorg.jetbrains.kotlin.descriptors.EffectiveVisibility$Permissiveness;          : loaded 2 times (x 69B)
Class org.jetbrains.kotlin.utils.SmartList$EmptyIterator                              : loaded 2 times (x 81B)
Class org.jetbrains.kotlin.load.java.structure.impl.JavaMemberImpl                    : loaded 2 times (x 120B)
Class org.codehaus.groovy.classgen.Verifier$6                                         : loaded 2 times (x 187B)
Class org.codehaus.groovy.syntax.Types                                                : loaded 2 times (x 71B)
Class groovyjarjarantlr4.v4.runtime.atn.PredictionContextCache                        : loaded 2 times (x 75B)
Class org.apache.groovy.parser.antlr4.GroovyParser$EmptyStmtAltContext                : loaded 2 times (x 158B)
Class org.jetbrains.kotlin.descriptors.Modality$Companion                             : loaded 2 times (x 71B)
Class groovyjarjarantlr4.v4.runtime.atn.ATNDeserializer$UnicodeDeserializer           : loaded 2 times (x 70B)
Class org.apache.groovy.parser.antlr4.GroovyParser$ArgumentsContext                   : loaded 2 times (x 160B)
Class org.apache.groovy.parser.antlr4.GroovyParser$UnaryAddExprAltContext             : loaded 2 times (x 162B)
Class groovyjarjarantlr4.v4.runtime.tree.ParseTree                                    : loaded 2 times (x 70B)
Class kotlin.time.DurationUnitKt__DurationUnitKt                                      : loaded 2 times (x 71B)
Class org.jetbrains.kotlin.resolve.calls.checkers.CallCheckerContext                  : loaded 2 times (x 78B)
Class org.codehaus.groovy.ast.stmt.ContinueStatement                                  : loaded 2 times (x 111B)
Class [Lorg.jetbrains.kotlin.container.PlatformExtensionsClashResolver;               : loaded 2 times (x 69B)
Class org.codehaus.groovy.runtime.InvokerHelper                                       : loaded 2 times (x 71B)
Class org.jetbrains.kotlin.resolve.calls.checkers.ContractNotAllowedCallChecker       : loaded 2 times (x 74B)
Class org.jetbrains.kotlin.resolve.checkers.DataClassDeclarationChecker               : loaded 2 times (x 74B)
Class org.codehaus.groovy.vmplugin.v8.Java8                                           : loaded 2 times (x 109B)
Class groovy.lang.MetaClassRegistry$MetaClassCreationHandle                           : loaded 2 times (x 74B)
Class com.android.ide.common.resources.configuration.VersionQualifier                 : loaded 2 times (x 89B)
Class org.jetbrains.kotlin.psi.KtWhenExpression                                       : loaded 2 times (x 446B)
Class org.gradle.api.internal.classpath.EffectiveClassPath                            : loaded 2 times (x 90B)
Class org.jetbrains.kotlin.tooling.core.TypeUtils                                     : loaded 2 times (x 71B)
Class org.jetbrains.kotlin.load.kotlin.JvmPackagePartProviderBase                     : loaded 2 times (x 93B)
Class [Lorg.jetbrains.kotlin.psi.KtContextReceiverList;                               : loaded 2 times (x 69B)
Class org.jetbrains.kotlin.psi.KtValueArgument                                        : loaded 2 times (x 464B)
Class org.jetbrains.kotlin.psi.stubs.elements.KtPrimaryConstructorElementType         : loaded 2 times (x 107B)
Class [Lorg.jetbrains.kotlin.psi.KtSecondaryConstructor;                              : loaded 2 times (x 69B)
Class [Lorg.jetbrains.kotlin.psi.KtAnnotated;                                         : loaded 2 times (x 69B)
Class kotlin.reflect.jvm.internal.KClassImpl$Data$$Lambda$8                           : loaded 2 times (x 76B)
Class [Lkotlin.reflect.KDeclarationContainer;                                         : loaded 2 times (x 69B)
Class [Lkotlinx.coroutines.CoroutineStart;                                            : loaded 2 times (x 69B)
Class kotlinx.coroutines.CoroutineDispatcher$Key                                      : loaded 2 times (x 72B)
Class com.android.tools.lint.model.DefaultLintModelAndroidLibrary                     : loaded 2 times (x 111B)
Class org.jetbrains.kotlin.gradle.report.ConfigureReporingKt                          : loaded 2 times (x 71B)
Class com.android.prefs.AndroidLocationsProvider                                      : loaded 2 times (x 70B)
Class com.android.sdklib.AndroidApiLevel$Companion                                    : loaded 2 times (x 71B)
Class kotlin.jvm.internal.Lambda                                                      : loaded 2 times (x 75B)
Class it.unimi.dsi.fastutil.objects.ObjectIterable                                    : loaded 2 times (x 70B)
Class org.jetbrains.kotlin.config.CommonConfigurationKeys                             : loaded 2 times (x 71B)
Class org.jetbrains.kotlin.gradle.report.ReportingSettings$Companion                  : loaded 2 times (x 71B)
Class org.jetbrains.kotlin.incremental.classpathDiff.ClasspathEntrySnapshotter$Settings: loaded 2 times (x 72B)
Class com.google.common.io.CharStreams$NullWriter                                     : loaded 2 times (x 99B)
Class org.jetbrains.kotlin.daemon.common.CompilationResultCategory                    : loaded 2 times (x 79B)
Class org.jetbrains.kotlin.gradle.logging.GradleBufferingMessageCollector             : loaded 2 times (x 77B)
Class [Lorg.jetbrains.kotlin.com.google.common.cache.CacheBuilder$OneWeigher;         : loaded 2 times (x 69B)
Class org.jetbrains.kotlin.compilerRunner.KotlinCompilerArgumentsLogLevel$Companion   : loaded 2 times (x 71B)
Class org.jetbrains.kotlin.gradle.plugin.DefaultKotlinBasePlugin$addKotlinCompilerConfiguration$3$1: loaded 2 times (x 79B)
Class org.jetbrains.kotlin.gradle.tasks.AbstractKotlinCompile$defaultKotlinJavaToolchain$1: loaded 2 times (x 78B)
Class org.jetbrains.kotlin.daemon.common.MultiModuleICSettings                        : loaded 2 times (x 72B)
Class org.jetbrains.kotlin.gradle.dsl.KotlinTargetContainerWithJsPresetFunctions      : loaded 2 times (x 70B)
Class org.jetbrains.kotlin.gradle.internal.transforms.BuildToolsApiClasspathEntrySnapshotTransform$Parameters: loaded 2 times (x 88B)
Class org.jetbrains.kotlin.gradle.plugin.KotlinCompilationInfoKt                      : loaded 2 times (x 71B)
Class org.jetbrains.kotlin.gradle.tasks.KotlinCompile                                 : loaded 2 times (x 504B)
Class org.jetbrains.kotlin.gradle.internal.StdlibDependencyManagementKt               : loaded 2 times (x 71B)
Class org.jetbrains.kotlin.gradle.dsl.PlatformSourceSetConventionsChecker$runChecks$2 : loaded 2 times (x 78B)
Class org.jetbrains.kotlin.konan.target.KonanTarget$MINGW_X64                         : loaded 2 times (x 78B)
Class org.jetbrains.kotlin.gradle.utils.ObservableSet                                 : loaded 2 times (x 70B)
Class org.jetbrains.kotlin.gradle.plugin.diagnostics.KotlinToolingDiagnosticsCollectorKt: loaded 2 times (x 71B)
Class org.jetbrains.kotlin.gradle.plugin.mpp.HierarchyAttributeContainer              : loaded 2 times (x 83B)
Class org.jetbrains.kotlin.gradle.tasks.UsesKotlinJavaToolchain                       : loaded 2 times (x 70B)
Class org.jetbrains.kotlin.gradle.tasks.publishing.HelpersKt$addSigningValidationHelpers$signingTask$1: loaded 2 times (x 79B)
Class org.jetbrains.kotlin.gradle.plugin.DefaultKotlinBasePlugin$apply$1              : loaded 2 times (x 75B)
Class org.jetbrains.kotlin.statistics.metrics.StringOverridePolicy$OVERRIDE           : loaded 2 times (x 85B)
Class org.jetbrains.kotlin.gradle.internal.properties.PropertiesBuildService$Params_Decorated: loaded 2 times (x 134B)
Class org.objectweb.asm.SymbolTable$Entry                                             : loaded 2 times (x 74B)
Class org.jetbrains.kotlin.gradle.plugin.KotlinProjectSetupActionKt                   : loaded 2 times (x 71B)
Class kotlin.jvm.internal.markers.KMutableMap$Entry                                   : loaded 2 times (x 70B)
Class org.jetbrains.kotlin.types.TypeApproximatorConfiguration$IncorporationConfiguration: loaded 2 times (x 88B)
Class org.jetbrains.kotlin.types.TypeApproximatorConfiguration$InternalTypesApproximation: loaded 2 times (x 88B)
Class org.jetbrains.kotlin.load.java.structure.impl.JavaClassifierImpl                : loaded 2 times (x 104B)
Class org.codehaus.groovy.classgen.Verifier$7                                         : loaded 2 times (x 187B)
Class org.jetbrains.kotlin.gradle.plugin.mpp.compilationImpl.KotlinCreateNativeCompileTasksSideEffectKt: loaded 2 times (x 71B)
Class org.codehaus.groovy.ast.tools.ParameterUtils                                    : loaded 2 times (x 71B)
Class org.apache.groovy.parser.antlr4.GroovyParser$SwitchBlockStatementGroupContext   : loaded 2 times (x 161B)
Class groovyjarjarantlr4.v4.runtime.atn.BlockEndState                                 : loaded 2 times (x 89B)
Class org.apache.groovy.parser.antlr4.GroovyParser$MethodBodyContext                  : loaded 2 times (x 157B)
Class org.codehaus.groovy.ast.expr.MapExpression                                      : loaded 2 times (x 131B)
Class org.jetbrains.kotlin.resolve.checkers.MissingDependencyClassChecker$ClassifierUsage: loaded 2 times (x 74B)
Class groovy.lang.Script                                                              : loaded 2 times (x 95B)
Class org.jetbrains.kotlin.resolve.calls.checkers.NamedFunAsExpressionChecker         : loaded 2 times (x 74B)
Class org.codehaus.groovy.runtime.metaclass.ClosureMetaMethod$AnonymousMetaMethod     : loaded 2 times (x 96B)
Class org.codehaus.groovy.util.ReferenceManager$CallBackedManager                     : loaded 2 times (x 76B)
Class com.android.ide.common.resources.configuration.UiModeQualifier                  : loaded 2 times (x 90B)
Class it.unimi.dsi.fastutil.objects.Object2IntOpenHashMap                             : loaded 2 times (x 247B)
Class org.jetbrains.kotlin.gradle.plugin.mpp.KotlinTargetComponentWithPublication     : loaded 2 times (x 70B)
Class [Lorg.jetbrains.kotlin.lexer.KtToken;                                           : loaded 2 times (x 69B)
Class org.jetbrains.kotlin.load.kotlin.JvmPackagePartSource                           : loaded 2 times (x 85B)
Class [Lorg.jetbrains.kotlin.gradle.plugin.KotlinCompilation;                         : loaded 2 times (x 69B)
Class org.jetbrains.kotlin.gradle.plugin.KotlinPluginLifecycleKt$await$1              : loaded 2 times (x 88B)
Class org.jetbrains.kotlin.gradle.plugin.mpp.compilationImpl.KotlinCompilationLanguageSettingsConfigurator: loaded 2 times (x 74B)
Class [Lorg.jetbrains.kotlin.psi.KtSuperTypeList;                                     : loaded 2 times (x 69B)
Class org.jetbrains.kotlin.psi.KtNamedDeclarationStub                                 : loaded 2 times (x 914B)
Class org.jetbrains.kotlin.psi.stubs.elements.KtStubElementTypes                      : loaded 2 times (x 70B)
Class kotlin.reflect.jvm.internal.KClassImpl$Data$$Lambda$9                           : loaded 2 times (x 76B)
Class org.jetbrains.kotlin.build.report.metrics.BuildPerformanceMetrics               : loaded 2 times (x 72B)
Class com.google.common.collect.Ordering                                              : loaded 2 times (x 114B)
Class Native_plugin_loader_gradle                                                     : loaded 2 times (x 130B)
Class org.jetbrains.kotlin.statistics.metrics.IMetricContainer                        : loaded 2 times (x 70B)
Class org.jetbrains.kotlin.gradle.plugin.mpp.KotlinTargetComponentWithCoordinatesAndPublication: loaded 2 times (x 70B)
Class org.jetbrains.kotlin.gradle.incremental.UsesIncrementalModuleInfoBuildService   : loaded 2 times (x 70B)
Class org.jetbrains.kotlin.konan.target.KonanTarget$ANDROID_X86                       : loaded 2 times (x 78B)
Class org.jetbrains.kotlin.gradle.dsl.PlatformSourceSetConventionsChecker$runChecks$3 : loaded 2 times (x 78B)
Class org.jetbrains.kotlin.gradle.plugin.RegisterKotlinPluginExtensionsKt             : loaded 2 times (x 71B)
Class org.jetbrains.kotlin.gradle.utils.CompilerOptionsKt$configureExperimentalTryNext$1$1: loaded 2 times (x 78B)
Class org.jetbrains.kotlin.gradle.utils.CompilerOptionsKt                             : loaded 2 times (x 71B)
Class org.jetbrains.kotlin.gradle.plugin.PropertiesProvider$Companion                 : loaded 2 times (x 71B)
Class org.jetbrains.kotlin.gradle.utils.SingleAction                                  : loaded 2 times (x 73B)
Class org.objectweb.asm.Edge                                                          : loaded 2 times (x 72B)
Class com.google.common.base.Suppliers$SupplierOfInstance                             : loaded 2 times (x 79B)
Class org.jetbrains.kotlin.diagnostics.PositioningStrategies$USELESS_ELVIS$1          : loaded 2 times (x 74B)
Class com.google.protobuf.Utf8                                                        : loaded 2 times (x 71B)
Class com.google.protobuf.GeneratedMessageV3                                          : loaded 2 times (x 178B)
Class org.jetbrains.kotlin.resolve.calls.inference.model.NewConstraintSystemImpl      : loaded 2 times (x 1442B)
Class org.codehaus.groovy.classgen.Verifier$8                                         : loaded 2 times (x 187B)
Class org.codehaus.groovy.classgen.asm.OptimizingStatementWriter$OptVisitor           : loaded 2 times (x 212B)
Class org.codehaus.groovy.transform.stc.StaticTypeCheckingSupport$1                   : loaded 2 times (x 91B)
Class org.jetbrains.kotlin.com.google.common.cache.LocalCache$EntryFactory            : loaded 2 times (x 83B)
Class org.apache.groovy.util.concurrent.concurrentlinkedhashmap.ConcurrentLinkedHashMap$Builder: loaded 2 times (x 72B)
Class org.codehaus.groovy.classgen.asm.BytecodeHelper                                 : loaded 2 times (x 71B)
Class org.jetbrains.kotlin.psi.typeRefHelpers.TypeRefHelpersKt                        : loaded 2 times (x 71B)
Class kotlin.properties.Delegates                                                     : loaded 2 times (x 71B)
Class org.apache.groovy.parser.antlr4.AstBuilder$1                                    : loaded 2 times (x 76B)
Class org.apache.groovy.parser.antlr4.GroovyParser$ModifiersContext                   : loaded 2 times (x 160B)
Class org.codehaus.groovy.ast.expr.ArrayExpression                                    : loaded 2 times (x 134B)
Class org.codehaus.groovy.ast.expr.UnaryPlusExpression                                : loaded 2 times (x 129B)
Class org.codehaus.groovy.ast.expr.ClosureListExpression                              : loaded 2 times (x 134B)
Class org.codehaus.groovy.util.ManagedConcurrentMap$Entry                             : loaded 2 times (x 92B)
Class [Lorg.codehaus.groovy.util.LockableObject;                                      : loaded 2 times (x 69B)
Class org.jetbrains.kotlin.types.AbstractTypeApproximator                             : loaded 2 times (x 740B)
Class org.codehaus.groovy.runtime.callsite.ClassMetaClassGetPropertySite              : loaded 2 times (x 146B)
Class org.jetbrains.kotlin.resolve.calls.checkers.SafeCallChecker                     : loaded 2 times (x 74B)
Class groovy.lang.Tuple                                                               : loaded 2 times (x 206B)
Class org.jetbrains.kotlin.util.ArrayMap                                              : loaded 2 times (x 83B)
Class org.codehaus.groovy.util.ReferenceType$WeakRef                                  : loaded 2 times (x 86B)
Class org.codehaus.groovy.reflection.stdclasses.BigIntegerCachedClass                 : loaded 2 times (x 95B)
Class groovy.lang.Buildable                                                           : loaded 2 times (x 70B)
Class org.jetbrains.kotlin.kdoc.lexer.KDocToken                                       : loaded 2 times (x 75B)
Class kotlin.Metadata                                                                 : loaded 2 times (x 70B)
Class org.jetbrains.kotlin.psi.KtQualifiedExpression                                  : loaded 2 times (x 70B)
Class org.jetbrains.kotlin.psi.stubs.KotlinTypeProjectionStub                         : loaded 2 times (x 70B)
Class org.jetbrains.kotlin.psi.stubs.KotlinModifierListStub                           : loaded 2 times (x 70B)
Class [Lorg.jetbrains.kotlin.psi.KtClassBody;                                         : loaded 2 times (x 69B)
Class org.jetbrains.kotlin.psi.KtValVarKeywordOwner                                   : loaded 2 times (x 70B)
Class org.jetbrains.kotlin.psi.KtExpression                                           : loaded 2 times (x 70B)
Class kotlin.collections.AbstractMutableSet                                           : loaded 2 times (x 142B)
Class kotlinx.coroutines.ExecutorCoroutineDispatcher$Key$1                            : loaded 2 times (x 78B)
Class kotlin.text.MatchResult$Destructured                                            : loaded 2 times (x 72B)
Class org.jetbrains.kotlin.daemon.common.LoopbackNetworkInterface$ServerLoopbackSocketFactory: loaded 2 times (x 74B)
Class org.jetbrains.kotlin.daemon.client.BasicCompilerServicesWithResultsFacadeServerKt: loaded 2 times (x 71B)
Class org.jetbrains.kotlin.com.intellij.util.io.IOUtil                                : loaded 2 times (x 71B)
Class org.jetbrains.kotlin.incremental.DifferenceCalculatorForPackageFacade$Companion$membersResolvers$1: loaded 2 times (x 125B)
Class org.jetbrains.kotlin.incremental.storage.StringExternalizer                     : loaded 2 times (x 75B)
Class com.google.common.reflect.TypeToken$1                                           : loaded 2 times (x 110B)
Class org.jetbrains.kotlin.daemon.common.DaemonJVMOptionsMemoryComparator             : loaded 2 times (x 89B)
Class org.jetbrains.kotlin.gradle.tasks.KotlinCompile$defaultKotlinJavaToolchain$1    : loaded 2 times (x 79B)
Class org.jetbrains.kotlin.gradle.tasks.KotlinJavaToolchain$JavaToolchainSetter       : loaded 2 times (x 70B)
Class org.jetbrains.kotlin.gradle.internal.utils.CollectionsKt                        : loaded 2 times (x 71B)
Class org.jetbrains.kotlin.gradle.plugin.diagnostics.KotlinToolingDiagnosticsSetupActionKt$KotlinToolingDiagnosticsSetupAction$1$2$diagnostics$1: loaded 2 times (x 75B)
Class org.jetbrains.kotlin.tooling.core.ExtrasPropertyKt$extrasLazyProperty$1         : loaded 2 times (x 94B)
Class org.jetbrains.kotlin.gradle.dsl.abi.AbiFilterSetSpec                            : loaded 2 times (x 70B)
Class org.jetbrains.kotlin.gradle.dsl.PlatformSourceSetConventionsChecker$runChecks$4 : loaded 2 times (x 78B)
Class org.jetbrains.kotlin.gradle.plugin.diagnostics.checkers.JsLikeEnvironmentChecker$runChecks$1: loaded 2 times (x 88B)
Class org.jetbrains.kotlin.gradle.plugin.diagnostics.checkers.KonanHomeConflictDeclarationChecker: loaded 2 times (x 74B)
Class org.jetbrains.kotlin.gradle.plugin.diagnostics.KotlinToolingDiagnostics$WasmJsEnvironmentNotChosenExplicitly: loaded 2 times (x 73B)
Class org.jetbrains.kotlin.gradle.plugin.diagnostics.UsesKotlinToolingDiagnostics     : loaded 2 times (x 70B)
Class org.jetbrains.kotlin.statistics.metrics.BooleanAnonymizationPolicy$SAFE         : loaded 2 times (x 85B)
Class com.google.common.cache.LocalCache$ComputingValueReference                      : loaded 2 times (x 96B)
Class org.jetbrains.kotlin.inline.InlinePropertyAccessor                              : loaded 2 times (x 75B)
Class com.android.ide.common.resources.configuration.Configurable                     : loaded 2 times (x 70B)
Class org.jetbrains.kotlin.resolve.calls.inference.model.ConstraintKind               : loaded 2 times (x 79B)
Class com.google.protobuf.MessageLite$Builder                                         : loaded 2 times (x 70B)
Class org.codehaus.groovy.classgen.asm.StatementWriter                                : loaded 2 times (x 92B)
Class groovyjarjarantlr4.v4.runtime.atn.SemanticContext                               : loaded 2 times (x 73B)
Class [Lgroovyjarjarantlr4.v4.runtime.dfa.DFA;                                        : loaded 2 times (x 69B)
Class groovyjarjarantlr4.v4.runtime.atn.StarLoopEntryState                            : loaded 2 times (x 90B)
Class org.apache.groovy.parser.antlr4.GroovyParser$CompilationUnitContext             : loaded 2 times (x 161B)
Class org.codehaus.groovy.runtime.metaclass.MetaMethodIndex$CacheEntry                : loaded 2 times (x 72B)
Class org.jetbrains.kotlin.descriptors.DeclarationDescriptorWithSource                : loaded 2 times (x 70B)
Class org.jetbrains.kotlin.resolve.checkers.PlatformDiagnosticSuppressor              : loaded 2 times (x 70B)
Class org.jetbrains.kotlin.resolve.calls.checkers.CoroutineSuspendCallChecker         : loaded 2 times (x 74B)
Class org.codehaus.groovy.runtime.dgmimpl.arrays.DoubleArrayGetAtMetaMethod           : loaded 2 times (x 97B)
Class org.jetbrains.kotlin.parsing.KotlinExpressionParsing$Precedence$1               : loaded 2 times (x 81B)
Class org.jetbrains.kotlin.parsing.AbstractTokenStreamPredicate                       : loaded 2 times (x 77B)
Class org.jetbrains.kotlin.psi.UserDataProperty                                       : loaded 2 times (x 72B)
Class kotlin.sequences.SequencesKt___SequencesKt$flatMap$2                            : loaded 2 times (x 125B)
Class [Lcom.android.ide.common.repository.AgpVersion$PreviewKind;                     : loaded 2 times (x 69B)
Class org.jetbrains.kotlin.utils.PathUtil                                             : loaded 2 times (x 71B)
Class org.jetbrains.kotlin.cli.jvm.compiler.KotlinCoreProjectEnvironment              : loaded 2 times (x 89B)
Class org.jetbrains.kotlin.load.java.structure.impl.classFiles.BinaryClassSignatureParser$ClsFormatException: loaded 2 times (x 82B)
Class kotlin.reflect.jvm.internal.KProperty1Impl                                      : loaded 2 times (x 128B)
Class [Lorg.jetbrains.kotlin.psi.KtStringTemplateEntryWithExpression;                 : loaded 2 times (x 69B)
Class org.jetbrains.kotlin.psi.KtTypeProjection                                       : loaded 2 times (x 586B)
Class kotlin.reflect.KProperty$Getter                                                 : loaded 2 times (x 70B)
Class [Lorg.jetbrains.kotlin.psi.KtAnonymousInitializer;                              : loaded 2 times (x 69B)
Class org.jetbrains.kotlin.incremental.DifferenceCalculatorForPackageFacade$Companion$membersResolvers$2: loaded 2 times (x 125B)
Class com.google.common.reflect.TypeToken$2                                           : loaded 2 times (x 110B)
Class com.google.common.collect.AbstractMapBasedMultimap$AsMap$AsMapEntries           : loaded 2 times (x 138B)
Class org.jetbrains.kotlin.daemon.client.KotlinCompilerClient$tryFindSuitableDaemonOrNewOpts$$inlined$thenBy$1: loaded 2 times (x 90B)
Class org.jetbrains.kotlin.daemon.common.CompileService$CallResult                    : loaded 2 times (x 72B)
Class org.jetbrains.kotlin.gradle.tasks.AbstractKotlinCompile$compilerRunner$1$1      : loaded 2 times (x 76B)
Class [Lorg.jetbrains.kotlin.psi.KtUserType;                                          : loaded 2 times (x 69B)
Class [Lorg.jetbrains.kotlin.buildtools.api.jvm.ClassSnapshotGranularity;             : loaded 2 times (x 69B)
Class org.jetbrains.kotlin.gradle.plugin.abi.AbiValidationTaskSet                     : loaded 2 times (x 72B)
Class org.jetbrains.kotlin.gradle.plugin.mpp.compilationImpl.DefaultKotlinCompilationSourceSetsContainer$allKotlinSourceSetsImpl$1$1: loaded 2 times (x 80B)
Class org.jetbrains.kotlin.gradle.plugin.mpp.compilationImpl.DefaultKotlinCompilationSourceSetsContainer: loaded 2 times (x 78B)
Class org.jetbrains.kotlin.konan.target.KonanTarget$TVOS_SIMULATOR_ARM64              : loaded 2 times (x 78B)
Class org.jetbrains.kotlin.konan.target.KonanTarget$Companion                         : loaded 2 times (x 71B)
Class org.jetbrains.kotlin.gradle.plugin.KotlinPluginLifecycle$Stage$Companion        : loaded 2 times (x 71B)
Class org.jetbrains.kotlin.gradle.plugin.diagnostics.checkers.DeprecatedKotlinNativeTargetsChecker: loaded 2 times (x 74B)
Class org.jetbrains.kotlin.gradle.targets.jvm.KotlinJvmCompilationWireJavaSourcesSideEffectKt$KotlinJvmCompilationWireJavaSourcesSideEffect$1: loaded 2 times (x 74B)
Class org.jetbrains.kotlin.gradle.targets.native.ConfigureFrameworkExportSideEffectKt$special$$inlined$KotlinTargetSideEffect$1: loaded 2 times (x 74B)
Class org.jetbrains.kotlin.tooling.core.AbstractExtras                                : loaded 2 times (x 141B)
Class org.jetbrains.kotlin.gradle.fus.BuildUidService$Companion$registerIfAbsent$1    : loaded 2 times (x 74B)
Class org.jetbrains.kotlin.gradle.internal.diagnostics.AgpCompatibilityCheck$AndroidGradlePluginVersionProvider: loaded 2 times (x 70B)
Class com.google.common.cache.LocalCache$Segment                                      : loaded 2 times (x 154B)
Class [Lorg.jetbrains.kotlin.psi.ValueArgument;                                       : loaded 2 times (x 69B)
Class [Lcom.android.ide.common.resources.DataFile$FileType;                           : loaded 2 times (x 69B)
Class com.android.ide.common.resources.ResourceFile                                   : loaded 2 times (x 87B)
Class org.jetbrains.kotlin.types.AbstractStrictEqualityTypeChecker                    : loaded 2 times (x 71B)
Class org.jetbrains.kotlin.resolve.calls.inference.model.MutableVariableWithConstraints: loaded 2 times (x 77B)
Class org.jetbrains.kotlin.diagnostics.PositioningStrategies$COMMAS$1                 : loaded 2 times (x 74B)
Class [Lorg.jetbrains.kotlin.diagnostics.Severity;                                    : loaded 2 times (x 69B)
Class org.jetbrains.kotlin.diagnostics.Severity                                       : loaded 2 times (x 79B)
Class com.google.protobuf.Parser                                                      : loaded 2 times (x 70B)
Class org.jetbrains.kotlin.load.java.structure.impl.JavaClassImpl$Companion           : loaded 2 times (x 71B)
Class [Lorg.apache.groovy.util.concurrent.concurrentlinkedhashmap.EvictionListener;   : loaded 2 times (x 69B)
Class org.codehaus.groovy.classgen.InnerClassVisitor                                  : loaded 2 times (x 212B)
Class groovyjarjarantlr4.v4.runtime.misc.Args                                         : loaded 2 times (x 71B)
Class org.jetbrains.kotlin.load.kotlin.VirtualFileFinderFactory$SERVICE               : loaded 2 times (x 71B)
Class org.apache.groovy.parser.antlr4.GroovyParser$ForUpdateContext                   : loaded 2 times (x 157B)
Class org.codehaus.groovy.ast.expr.StaticMethodCallExpression                         : loaded 2 times (x 141B)
Class org.apache.groovy.parser.antlr4.GroovyParser$WhileStmtAltContext                : loaded 2 times (x 161B)
Class org.apache.groovy.parser.antlr4.GroovyParser$MultiplicativeExprAltContext       : loaded 2 times (x 164B)
Class org.codehaus.groovy.transform.ASTTransformationVisitor$1                        : loaded 2 times (x 71B)
Class kotlin.time.DurationJvmKt                                                       : loaded 2 times (x 71B)
Class org.jetbrains.kotlin.container.ClassInfo                                        : loaded 2 times (x 72B)
Class org.codehaus.groovy.vmplugin.VMPlugin                                           : loaded 2 times (x 70B)
Class org.codehaus.groovy.reflection.GeneratedMetaMethod$DgmMethodRecord              : loaded 2 times (x 72B)
Class com.android.ide.common.resources.configuration.HighDynamicRangeQualifier        : loaded 2 times (x 91B)
Class com.android.ide.common.resources.configuration.WideGamutColorQualifier          : loaded 2 times (x 91B)
Class org.jetbrains.kotlin.cli.jvm.modules.CliJavaModuleResolver                      : loaded 2 times (x 78B)
Class org.jetbrains.kotlin.asJava.finder.JavaElementFinder                            : loaded 2 times (x 89B)
Class org.jetbrains.kotlin.psi.KtScriptInitializer                                    : loaded 2 times (x 716B)
Class org.jetbrains.kotlin.parsing.KotlinExpressionParsing$Precedence$2               : loaded 2 times (x 81B)
Class org.jetbrains.kotlin.parsing.SemanticWhitespaceAwarePsiBuilder                  : loaded 2 times (x 70B)
Class org.jetbrains.kotlin.psi.KtCatchClause                                          : loaded 2 times (x 379B)
Class org.jetbrains.kotlin.builtins.PrimitiveType$Companion                           : loaded 2 times (x 71B)
Class org.jetbrains.kotlin.protobuf.UnmodifiableLazyStringList$2                      : loaded 2 times (x 83B)
Class org.jetbrains.kotlin.parsing.TrailingCommentsBinder                             : loaded 2 times (x 76B)
Class com.android.ide.common.resources.configuration.ScreenHeightQualifier            : loaded 2 times (x 88B)
Class org.codehaus.groovy.reflection.CachedClass                                      : loaded 2 times (x 95B)
Class org.jetbrains.kotlin.resolve.checkers.SealedInheritorInSameModuleChecker        : loaded 2 times (x 74B)
Class [Lorg.jetbrains.kotlin.config.LanguageFeature$State;                            : loaded 2 times (x 69B)
Class org.jetbrains.kotlin.psi.stubs.KotlinScriptStub                                 : loaded 2 times (x 70B)
Class [Lorg.jetbrains.kotlin.psi.KtDelegatedSuperTypeEntry;                           : loaded 2 times (x 69B)
Class org.jetbrains.kotlin.psi.stubs.elements.KtAnnotationUseSiteTargetElementType    : loaded 2 times (x 100B)
Class org.jetbrains.kotlin.psi.stubs.KotlinObjectStub                                 : loaded 2 times (x 70B)
Class org.jetbrains.kotlin.psi.stubs.elements.KtClassElementType                      : loaded 2 times (x 106B)
Class kotlin.reflect.jvm.internal.ReflectProperties                                   : loaded 2 times (x 71B)
Class kotlin.SafePublicationLazyImpl                                                  : loaded 2 times (x 76B)
Class it.unimi.dsi.fastutil.objects.ObjectIterator                                    : loaded 2 times (x 70B)
Class org.jetbrains.kotlin.cli.jvm.compiler.KotlinCoreEnvironment                     : loaded 2 times (x 72B)
Class org.jetbrains.kotlin.utils.DescriptionAware                                     : loaded 2 times (x 70B)
Class com.android.tools.lint.model.LintModelSeverity$Companion                        : loaded 2 times (x 71B)
Class org.jetbrains.kotlin.incremental.DifferenceCalculatorForPackageFacade$Companion$membersResolvers$3: loaded 2 times (x 125B)
Class Native_plugin_loader_gradle$NativePluginLoader$Companion                        : loaded 2 times (x 71B)
Class org.jetbrains.kotlin.gradle.plugin.statistics.KotlinBuildStatsLoggerService$initSessionLogger$1: loaded 2 times (x 79B)
Class [Lcom.google.common.base.Supplier;                                              : loaded 2 times (x 69B)
Class org.jetbrains.kotlin.daemon.common.CompilerId                                   : loaded 2 times (x 75B)
Class org.jetbrains.kotlin.build.report.FileReportSettings                            : loaded 2 times (x 72B)
Class org.jetbrains.kotlin.gradle.tasks.AbstractKotlinCompile$compilerRunner$1$2      : loaded 2 times (x 75B)
Class org.jetbrains.kotlin.gradle.plugin.KotlinCompilerArgumentsProducer$ArgumentType$Companion: loaded 2 times (x 71B)
Class org.jetbrains.kotlin.build.report.metrics.BuildTimes                            : loaded 2 times (x 72B)
Class org.jetbrains.kotlin.gradle.tasks.KotlinCompile$ClasspathSnapshotProperties     : loaded 2 times (x 75B)
Class org.jetbrains.kotlin.gradle.internal.StdlibDependencyManagementKt$addStdlibDependency$1$1: loaded 2 times (x 79B)
Class org.jetbrains.kotlin.gradle.tasks.configuration.BaseKotlinCompileConfig$2$1     : loaded 2 times (x 75B)
Class org.jetbrains.kotlin.gradle.plugin.diagnostics.TransformActionUsingKotlinToolingDiagnostics: loaded 2 times (x 70B)
Class org.jetbrains.kotlin.gradle.dsl.abi.AbiValidationVariantSpec$Companion          : loaded 2 times (x 71B)
Class org.jetbrains.kotlin.gradle.dsl.abi.AbiValidationVariantSpec                    : loaded 2 times (x 70B)
Class org.jetbrains.kotlin.gradle.dsl.PlatformSourceSetConventionsChecker$runChecks$6 : loaded 2 times (x 88B)
Class org.jetbrains.kotlin.gradle.plugin.sources.DefaultKotlinSourceSet_Decorated     : loaded 2 times (x 192B)
Class org.jetbrains.kotlin.gradle.plugin.mpp.KotlinCompilationsKt                     : loaded 2 times (x 71B)
Class org.jetbrains.kotlin.gradle.targets.native.KonanPropertiesBuildService$Companion: loaded 2 times (x 71B)
Class org.jetbrains.kotlin.statistics.metrics.StringOverridePolicy                    : loaded 2 times (x 85B)
Class org.jetbrains.kotlin.gradle.plugin.statistics.DefaultKotlinBuildStatsBeanService: loaded 2 times (x 92B)
Class org.jetbrains.kotlin.gradle.utils.GradleUtilsKt$registerClassLoaderScopedBuildService$1: loaded 2 times (x 74B)
Class org.jetbrains.kotlin.gradle.internal.diagnostics.AgpCompatibilityCheck$AndroidGradlePluginVersionProvider$Default: loaded 2 times (x 74B)
Class [Lorg.objectweb.asm.SymbolTable$Entry;                                          : loaded 2 times (x 69B)
Class com.google.common.cache.CacheLoader                                             : loaded 2 times (x 74B)
Class org.gradle.internal.installation.GradleInstallation$1                           : loaded 2 times (x 75B)
Class org.gradle.api.internal.classpath.ModuleRegistry                                : loaded 2 times (x 70B)
Class org.jetbrains.kotlin.descriptors.InlineClassRepresentation                      : loaded 2 times (x 75B)
Class [Lorg.jetbrains.kotlin.types.TypeCheckerState$LowerCapturedTypePolicy;          : loaded 2 times (x 69B)
Class org.jetbrains.kotlin.diagnostics.PositioningStrategies$CALL_EXPRESSION$1        : loaded 2 times (x 74B)
Class org.jetbrains.kotlin.diagnostics.PositioningStrategies$WHEN_EXPRESSION$1        : loaded 2 times (x 74B)
Class com.google.protobuf.Descriptors$GenericDescriptor                               : loaded 2 times (x 75B)
Class [Lorg.codehaus.groovy.classgen.asm.MethodCaller;                                : loaded 2 times (x 69B)
Class org.codehaus.groovy.transform.trait.Traits                                      : loaded 2 times (x 71B)
Class [Lgroovyjarjarantlr4.v4.runtime.atn.SemanticContext;                            : loaded 2 times (x 69B)
Class groovyjarjarantlr4.v4.runtime.DefaultErrorStrategy                              : loaded 2 times (x 107B)
Class org.jetbrains.kotlin.resolve.calls.inference.components.PostponedArgumentInputTypesResolver$Companion: loaded 2 times (x 71B)
Class org.jetbrains.kotlin.util.AbstractArrayMapOwner$AbstractArrayMapAccessor        : loaded 2 times (x 71B)
Class [Lorg.codehaus.groovy.runtime.metaclass.MetaMethodIndex$Entry;                  : loaded 2 times (x 69B)
Class org.jetbrains.kotlin.storage.SimpleLock$Companion                               : loaded 2 times (x 71B)
Class org.codehaus.groovy.runtime.metaclass.MetaClassRegistryImpl                     : loaded 2 times (x 101B)
Class org.apache.groovy.util.BeanUtils                                                : loaded 2 times (x 71B)
Class org.jetbrains.kotlin.resolve.checkers.DeprecatedClassifierUsageChecker          : loaded 2 times (x 74B)
Class com.android.resources.ResourceType$Kind                                         : loaded 2 times (x 79B)
Class org.jetbrains.kotlin.parsing.BindAll                                            : loaded 2 times (x 76B)
Class org.jetbrains.kotlin.parsing.KotlinExpressionParsing$Precedence$3               : loaded 2 times (x 81B)
Class org.jetbrains.kotlin.descriptors.DeclarationDescriptorNonRoot                   : loaded 2 times (x 70B)
Class org.jetbrains.kotlin.cli.jvm.modules.JavaModuleGraph                            : loaded 2 times (x 72B)
Class org.jetbrains.kotlin.psi.KtStatementExpression                                  : loaded 2 times (x 70B)
Class org.jetbrains.kotlin.psi.KtDeclarationContainer                                 : loaded 2 times (x 70B)
Class org.jetbrains.kotlin.utils.PlatformUtilsKt                                      : loaded 2 times (x 71B)
Class org.jetbrains.kotlin.cli.jvm.modules.CoreJrtFileSystem                          : loaded 2 times (x 101B)
Class org.jetbrains.kotlin.cli.jvm.compiler.KotlinCoreApplicationEnvironmentMode      : loaded 2 times (x 70B)
Class com.android.ide.common.repository.AgpVersion$PreviewKind$Companion              : loaded 2 times (x 71B)
Class com.android.ProgressManagerAdapter                                              : loaded 2 times (x 73B)
Class org.jetbrains.kotlin.types.KotlinType                                           : loaded 2 times (x 83B)
Class org.jetbrains.kotlin.resolve.calls.inference.components.PostponedArgumentInputTypesResolver: loaded 2 times (x 72B)
Class org.apache.commons.io.output.NullWriter                                         : loaded 2 times (x 99B)
Class org.jetbrains.kotlin.gradle.plugin.KotlinCompilerArgumentsProducer$CreateCompilerArgumentsContext$Companion: loaded 2 times (x 71B)
Class org.jetbrains.kotlin.gradle.logging.GradleKotlinLogger                          : loaded 2 times (x 82B)
Class org.jetbrains.kotlin.com.google.common.cache.CacheStats                         : loaded 2 times (x 71B)
Class org.jetbrains.kotlin.gradle.plugin.KotlinPluginLifecycle$ProjectConfigurationResult: loaded 2 times (x 71B)
Class org.jetbrains.kotlin.gradle.internal.KotlinDependenciesManagementKt$configureDefaultVersionsResolutionStrategy$1: loaded 2 times (x 75B)
Class org.jetbrains.kotlin.gradle.internal.StdlibDependencyManagementKt$configureStdlibDefaultDependency$1: loaded 2 times (x 79B)
Class org.jetbrains.kotlin.gradle.utils.ConfigurationCacheOpaqueValue                 : loaded 2 times (x 72B)
Class org.jetbrains.kotlin.gradle.model.builder.KotlinModelBuilder$Companion          : loaded 2 times (x 71B)
Class org.jetbrains.kotlin.gradle.plugin.mpp.compilationImpl.KotlinCreateResourcesTaskSideEffectKt: loaded 2 times (x 71B)
Class org.jetbrains.kotlin.gradle.targets.native.internal.SetupKotlinNativePlatformDependenciesAndStdlibKt: loaded 2 times (x 71B)
Class org.jetbrains.kotlin.gradle.plugin.mpp.KotlinUsages                             : loaded 2 times (x 71B)
Class org.jetbrains.kotlin.gradle.internal.properties.NativePropertiesLoader$Companion: loaded 2 times (x 71B)
Class [Lorg.jetbrains.kotlin.build.report.metrics.GradleBuildPerformanceMetric;       : loaded 2 times (x 69B)
Class org.jetbrains.kotlin.gradle.plugin.statistics.KotlinBuildStatsBeanService$Companion: loaded 2 times (x 71B)
Class org.jetbrains.kotlin.gradle.plugin.statistics.BuildFusService$Companion         : loaded 2 times (x 71B)
Class com.google.common.util.concurrent.internal.InternalFutureFailureAccess          : loaded 2 times (x 72B)
Class jdk.internal.jimage.decompressor.ResourceDecompressorFactory                    : loaded 2 times (x 74B)
Class com.google.common.collect.HashBiMap$Inverse                                     : loaded 2 times (x 142B)
Class org.jetbrains.kotlin.codegen.state.KotlinTypeMapperBase                         : loaded 2 times (x 74B)
Class org.jetbrains.kotlin.load.java.SpecialGenericSignatures$Companion               : loaded 2 times (x 71B)
Class org.jetbrains.kotlin.resolve.calls.results.TypeWithConversion                   : loaded 2 times (x 72B)
Class [Lkotlin.jvm.internal.markers.KMappedMarker;                                    : loaded 2 times (x 69B)
Class com.google.protobuf.AbstractMessageLite                                         : loaded 2 times (x 101B)
Class org.jetbrains.kotlin.types.model.IntersectionTypeConstructorMarker              : loaded 2 times (x 70B)
Class org.codehaus.groovy.syntax.RuntimeParserException                               : loaded 2 times (x 88B)
Class org.codehaus.groovy.classgen.asm.UnaryExpressionHelper                          : loaded 2 times (x 76B)
Class org.codehaus.groovy.classgen.asm.InvocationWriter                               : loaded 2 times (x 93B)
Class org.apache.groovy.parser.antlr4.GroovyParser$PostfixExpressionContext           : loaded 2 times (x 159B)
Class groovyjarjarantlr4.v4.runtime.atn.ActionTransition                              : loaded 2 times (x 76B)
Class org.apache.groovy.parser.antlr4.GroovyParser                                    : loaded 2 times (x 180B)
Class org.jetbrains.kotlin.mpp.TypeAliasSymbolMarker                                  : loaded 2 times (x 70B)
Class groovyjarjarantlr4.v4.runtime.atn.ConflictInfo                                  : loaded 2 times (x 72B)
Class groovyjarjarantlr4.v4.runtime.InputMismatchException                            : loaded 2 times (x 90B)
Class org.jetbrains.kotlin.platform.jvm.JvmPlatformKt                                 : loaded 2 times (x 71B)
Class kotlin.time.Duration$Companion                                                  : loaded 2 times (x 71B)
Class org.jetbrains.kotlin.resolve.calls.inference.components.TrivialConstraintTypeInferenceOracle: loaded 2 times (x 547B)
Class org.codehaus.groovy.control.ResolveVisitor$ConstructedNestedClass               : loaded 2 times (x 243B)
Class org.jetbrains.kotlin.resolve.calls.checkers.BuilderInferenceAssignmentChecker   : loaded 2 times (x 74B)
Class org.jetbrains.kotlin.resolve.checkers.FunInterfaceDeclarationChecker            : loaded 2 times (x 74B)
Class org.codehaus.groovy.runtime.metaclass.MethodHelper                              : loaded 2 times (x 71B)
Class groovy.lang.MetaClassImpl$MetaConstructor                                       : loaded 2 times (x 96B)
Class org.codehaus.groovy.runtime.metaclass.MethodMetaProperty                        : loaded 2 times (x 78B)
Class org.codehaus.groovy.runtime.dgmimpl.arrays.ByteArrayGetAtMetaMethod             : loaded 2 times (x 97B)
Class org.codehaus.groovy.reflection.ClassInfo$1                                      : loaded 2 times (x 76B)
Class [Lorg.jetbrains.org.objectweb.asm.Type;                                         : loaded 2 times (x 69B)
Class org.apache.groovy.parser.antlr4.GroovyParser$PostfixExprAltContext              : loaded 2 times (x 158B)
Class org.jetbrains.kotlin.serialization.deserialization.FlexibleTypeDeserializer     : loaded 2 times (x 70B)
Class org.jetbrains.kotlin.load.java.structure.impl.source.JavaElementSourceFactory$Companion: loaded 2 times (x 71B)
Class org.jetbrains.kotlin.resolve.extensions.AssignResolutionAltererExtension        : loaded 2 times (x 70B)
Class org.jetbrains.kotlin.extensions.ProjectExtensionDescriptor                      : loaded 2 times (x 72B)
Class org.jetbrains.kotlin.cli.jvm.compiler.CliVirtualFileFinderFactory               : loaded 2 times (x 76B)
Class org.apache.groovy.parser.antlr4.GroovyParser$ModifiersOptContext                : loaded 2 times (x 158B)
Class groovyjarjarantlr4.v4.runtime.ProxyErrorListener                                : loaded 2 times (x 77B)
Class [Lorg.jetbrains.kotlin.resolve.calls.tower.CandidateApplicability;              : loaded 2 times (x 69B)
Class org.jetbrains.kotlin.descriptors.EffectiveVisibility$WhenMappings               : loaded 2 times (x 71B)
Class org.jetbrains.kotlin.psi.KtAnnotationUseSiteTarget                              : loaded 2 times (x 445B)
Class [Lorg.jetbrains.kotlin.psi.KtPrimaryConstructor;                                : loaded 2 times (x 69B)
Class org.jetbrains.kotlin.psi.KtPropertyAccessor                                     : loaded 2 times (x 884B)
Class org.jetbrains.kotlin.psi.KtElement                                              : loaded 2 times (x 70B)
Class kotlin.reflect.jvm.internal.KDeclarationContainerImpl                           : loaded 2 times (x 84B)
Class org.jetbrains.kotlin.parsing.KotlinParserDefinition                             : loaded 2 times (x 95B)
Class kotlin.coroutines.intrinsics.IntrinsicsKt__IntrinsicsKt                         : loaded 2 times (x 71B)
Class kotlinx.coroutines.Job$Key                                                      : loaded 2 times (x 71B)
Class kotlinx.coroutines.DefaultExecutor                                              : loaded 2 times (x 120B)
Class org.codehaus.groovy.classgen.asm.BytecodeHelper$ReturnVarHandler                : loaded 2 times (x 79B)
Class kotlin.text.RegexKt                                                             : loaded 2 times (x 71B)
Class com.android.ide.common.rendering.api.ResourceNamespace$AaptNamespace            : loaded 2 times (x 80B)
Class org.jetbrains.kotlin.statistics.metrics.NumberOverridePolicy$SUM$fromStringRepresentation$1: loaded 2 times (x 78B)
Class com.google.common.collect.Iterators$6                                           : loaded 2 times (x 81B)
Class com.google.common.collect.ImmutableMultimap$Values                              : loaded 2 times (x 126B)
Class org.jetbrains.kotlin.compilerRunner.ArgumentUtils                               : loaded 2 times (x 71B)
Class org.jetbrains.kotlin.compilerRunner.CompilerExecutionSettings                   : loaded 2 times (x 72B)
Class com.google.common.collect.ImmutableSortedAsList                                 : loaded 2 times (x 221B)
Class org.jetbrains.kotlin.gradle.plugin.HasCompilerOptions                           : loaded 2 times (x 70B)
Class org.jetbrains.kotlin.gradle.plugin.mpp.compilationImpl.DefaultKotlinCompilationFriendPathsResolver$FriendArtifactResolver: loaded 2 times (x 70B)
Class org.jetbrains.kotlin.gradle.dsl.abi.AbiFilterSetSpec_Decorated                  : loaded 2 times (x 137B)
Class org.jetbrains.kotlin.konan.target.KonanTarget$WATCHOS_SIMULATOR_ARM64           : loaded 2 times (x 78B)
Class org.jetbrains.kotlin.gradle.targets.js.ir.KotlinJsIrTarget                      : loaded 2 times (x 254B)
Class org.jetbrains.kotlin.gradle.plugin.mpp.DefaultKotlinUsageContext                : loaded 2 times (x 108B)
Class org.jetbrains.kotlin.gradle.plugin.KotlinPluginLifecycleImpl$start$3            : loaded 2 times (x 79B)
Class org.jetbrains.kotlin.gradle.dsl.KotlinJvmExtension                              : loaded 2 times (x 70B)
Class org.jetbrains.kotlin.gradle.plugin.abi.AbiValidationActionKt$AbiValidationSetupAction$1: loaded 2 times (x 95B)
Class org.jetbrains.kotlin.gradle.plugin.KotlinMultiplatformPluginWrapper             : loaded 2 times (x 86B)
Class [Lorg.jetbrains.kotlin.statistics.metrics.BooleanMetrics;                       : loaded 2 times (x 69B)
Class org.jetbrains.kotlin.gradle.fus.internal.CiUtilKt                               : loaded 2 times (x 71B)
Class org.jetbrains.kotlin.gradle.internal.properties.PropertiesBuildService$Companion: loaded 2 times (x 71B)
Class com.google.common.cache.LocalCache$LocalManualCache$1                           : loaded 2 times (x 75B)
Class org.jetbrains.kotlin.load.java.structure.ListBasedJavaAnnotationOwner           : loaded 2 times (x 70B)
Class kotlin.text.Regex$findAll$2                                                     : loaded 2 times (x 125B)
Class org.jetbrains.kotlin.descriptors.Visibilities                                   : loaded 2 times (x 71B)
Class org.jetbrains.kotlin.types.TypeCheckerState$LowerCapturedTypePolicy             : loaded 2 times (x 79B)
Class com.google.protobuf.UnknownFieldSet                                             : loaded 2 times (x 87B)
Class org.codehaus.groovy.classgen.FinalVariableAnalyzer$StateMap                     : loaded 2 times (x 136B)
Class org.jetbrains.kotlin.load.java.structure.impl.source.JavaSourceFactoryOwner     : loaded 2 times (x 70B)
Class org.jetbrains.kotlin.load.java.structure.MapBasedJavaAnnotationOwner            : loaded 2 times (x 70B)
Class org.apache.groovy.parser.antlr4.GroovyParser$AssertStmtAltContext               : loaded 2 times (x 158B)
Class groovyjarjarantlr4.v4.runtime.NoViableAltException                              : loaded 2 times (x 92B)
Class groovyjarjarantlr4.v4.runtime.tree.TerminalNode                                 : loaded 2 times (x 70B)
Class groovyjarjarantlr4.v4.runtime.atn.LexerSkipAction                               : loaded 2 times (x 76B)
Class [Lorg.codehaus.groovy.ast.MixinNode;                                            : loaded 2 times (x 69B)
Class org.codehaus.groovy.control.CompilationUnit$ISourceUnitOperation                : loaded 2 times (x 70B)
Class org.codehaus.groovy.reflection.stdclasses.ArrayCachedClass                      : loaded 2 times (x 95B)
Class org.codehaus.groovy.reflection.stdclasses.BigDecimalCachedClass                 : loaded 2 times (x 95B)
Class com.android.resources.HighDynamicRange                                          : loaded 2 times (x 86B)
Class com.android.ide.common.resources.configuration.NavigationStateQualifier         : loaded 2 times (x 90B)
Class com.google.common.collect.Multimaps$CustomListMultimap                          : loaded 2 times (x 174B)
Class org.jetbrains.kotlin.metadata.ProtoBuf$StringTable$1                            : loaded 2 times (x 144B)
Class org.jetbrains.kotlin.config.AnalysisFlag                                        : loaded 2 times (x 72B)
Class org.jetbrains.kotlin.resolve.jvm.modules.JavaModuleResolver                     : loaded 2 times (x 70B)
Class org.jetbrains.kotlin.storage.LockBasedStorageManager$1                          : loaded 2 times (x 108B)
Class org.jetbrains.kotlin.psi.stubs.elements.KtUserTypeElementType                   : loaded 2 times (x 103B)
Class org.jetbrains.kotlin.psi.KtPackageDirective                                     : loaded 2 times (x 594B)
Class org.jetbrains.kotlin.cli.jvm.compiler.DummyJavaFileCodeStyleFacadeFactory       : loaded 2 times (x 74B)
Class org.jetbrains.kotlin.diagnostics.PositioningStrategies$DECLARATION_START_TO_NAME$1: loaded 2 times (x 74B)
Class [Lcom.android.prefs.Global;                                                     : loaded 2 times (x 69B)
Class com.android.sdklib.SdkVersionInfo                                               : loaded 2 times (x 71B)
Class jdk.internal.jrtfs.ExplodedImage                                                : loaded 2 times (x 77B)
Class org.gradle.internal.classloader.ClassLoaderVisitor                              : loaded 2 times (x 76B)
Class org.jetbrains.kotlin.incremental.classpathDiff.impl.PrefixBasedSnapshotter$getRangeByPredicate$1: loaded 2 times (x 79B)
Class org.jetbrains.kotlin.incremental.storage.JvmClassNameExternalizer               : loaded 2 times (x 75B)
Class org.jetbrains.kotlin.incremental.storage.CollectionExternalizerV2               : loaded 2 times (x 80B)
Class com.google.common.collect.Multimaps$CustomSetMultimap                           : loaded 2 times (x 178B)
Class org.jetbrains.kotlin.compilerRunner.GradleCompilerRunnerWithWorkers             : loaded 2 times (x 73B)
Class org.jetbrains.kotlin.compilerRunner.CompilerSystemPropertiesService$Inject      : loaded 2 times (x 100B)
Class com.google.common.collect.ImmutableSortedMap$1EntrySet                          : loaded 2 times (x 155B)
Class org.jetbrains.kotlin.gradle.plugin.mpp.compilationImpl.KotlinCompilationConfigurationsContainer: loaded 2 times (x 70B)
Class org.jetbrains.kotlin.gradle.internal.StdlibDependencyManagementKt$addStdlibDependency$1: loaded 2 times (x 75B)
Class [Lorg.jetbrains.kotlin.gradle.plugin.KotlinPluginLifecycle$CoroutineStart;      : loaded 2 times (x 69B)
Class org.jetbrains.kotlin.gradle.dsl.IosSourceSetConventionChecker                   : loaded 2 times (x 74B)
Class org.jetbrains.kotlin.gradle.plugin.diagnostics.KotlinGradleProjectChecker       : loaded 2 times (x 70B)
Class org.jetbrains.kotlin.gradle.plugin.sources.KotlinSourceSetFactory$Companion     : loaded 2 times (x 71B)
Class org.jetbrains.kotlin.gradle.dsl.KotlinMultiplatformSourceSetConventions         : loaded 2 times (x 70B)
Class org.jetbrains.kotlin.statistics.metrics.NumberOverridePolicy$SUM                : loaded 2 times (x 85B)
Class org.gradle.api.internal.classpath.DefaultModuleRegistry                         : loaded 2 times (x 86B)
Class org.jetbrains.kotlin.statistics.metrics.StringAnonymizationPolicy               : loaded 2 times (x 78B)
Class org.jetbrains.kotlin.resolve.calls.inference.components.ConstraintInjector$TypeCheckerStateForConstraintInjector: loaded 2 times (x 703B)
Class org.jetbrains.kotlin.resolve.calls.inference.model.ConstraintPosition           : loaded 2 times (x 71B)
Class groovyjarjarasm.asm.SymbolTable                                                 : loaded 2 times (x 72B)
Class org.jetbrains.kotlin.statistics.metrics.NumberAnonymizationPolicy               : loaded 2 times (x 85B)
Class org.jetbrains.kotlin.gradle.report.BuildMetricsService                          : loaded 2 times (x 86B)
Class org.codehaus.groovy.classgen.asm.MopWriter$Factory                              : loaded 2 times (x 70B)
Class kotlin.collections.AbstractMutableMap                                           : loaded 2 times (x 128B)
Class kotlin.collections.builders.MapBuilder$Itr                                      : loaded 2 times (x 72B)
Class groovyjarjarantlr4.v4.runtime.tree.ParseTreeListener                            : loaded 2 times (x 70B)
Class groovyjarjarantlr4.v4.runtime.dfa.DFAState                                      : loaded 2 times (x 79B)
Class groovyjarjarantlr4.v4.runtime.ConsoleErrorListener                              : loaded 2 times (x 75B)
Class groovyjarjarantlr4.v4.runtime.atn.LoopEndState                                  : loaded 2 times (x 89B)
Class groovyjarjarantlr4.v4.runtime.CodePointBuffer                                   : loaded 2 times (x 81B)
Class org.apache.groovy.parser.antlr4.GroovyParser$MapEntryLabelContext               : loaded 2 times (x 158B)
Class org.apache.groovy.parser.antlr4.GroovyParser$FormalParameterContext             : loaded 2 times (x 164B)
Class kotlin.KotlinVersionCurrentValue                                                : loaded 2 times (x 71B)
Class org.codehaus.groovy.control.ASTTransformationsContext                           : loaded 2 times (x 75B)
Class org.codehaus.groovy.control.messages.Message                                    : loaded 2 times (x 72B)
Class org.jetbrains.kotlin.resolve.calls.checkers.AssigningNamedArgumentToVarargChecker: loaded 2 times (x 74B)
Class org.jetbrains.kotlin.resolve.checkers.ConstModifierChecker                      : loaded 2 times (x 74B)
Class org.codehaus.groovy.runtime.metaclass.MissingMethodExceptionNoStack             : loaded 2 times (x 92B)
Class org.codehaus.groovy.runtime.dgmimpl.arrays.IntegerArrayGetAtMetaMethod          : loaded 2 times (x 97B)
Class groovy.lang.Closure$WritableClosure                                             : loaded 2 times (x 137B)
Class org.codehaus.groovy.util.ReferenceType$SoftRef                                  : loaded 2 times (x 86B)
Class org.codehaus.groovy.runtime.GStringImpl                                         : loaded 2 times (x 163B)
Class [Lcom.android.resources.Keyboard;                                               : loaded 2 times (x 69B)
Class com.android.resources.ScreenRatio                                               : loaded 2 times (x 86B)
Class [Lcom.android.ide.common.resources.configuration.ResourceQualifier;             : loaded 2 times (x 69B)
Class org.jetbrains.kotlin.name.JvmStandardClassIds                                   : loaded 2 times (x 71B)
Class org.jetbrains.kotlin.resolve.constants.ClassLiteralValue                        : loaded 2 times (x 72B)
Class org.jetbrains.kotlin.gradle.plugin.PropertiesProvider$classLoaderCacheTimeoutInSeconds$1: loaded 2 times (x 75B)
Class org.jetbrains.kotlin.psi.KtFinallySection                                       : loaded 2 times (x 377B)
Class org.jetbrains.kotlin.gradle.plugin.diagnostics.UsesKotlinToolingDiagnosticsParameters: loaded 2 times (x 70B)
Class org.jetbrains.kotlin.gradle.targets.js.npm.NpmDependencyExtensionKt             : loaded 2 times (x 71B)
Class org.jetbrains.kotlin.metadata.jvm.JvmModuleProtoBuf$Module$1                    : loaded 2 times (x 144B)
Class org.jetbrains.kotlin.gradle.plugin.diagnostics.checkers.JsEnvironmentChecker    : loaded 2 times (x 76B)
Class org.jetbrains.kotlin.cli.jvm.index.JvmDependenciesIndexImpl                     : loaded 2 times (x 77B)
Class org.jetbrains.kotlin.psi.KtCallElement                                          : loaded 2 times (x 70B)
Class org.jetbrains.kotlin.psi.stubs.KotlinParameterStub                              : loaded 2 times (x 70B)
Class org.jetbrains.kotlin.psi.KtTypeAlias                                            : loaded 2 times (x 1073B)
Class kotlin.reflect.jvm.internal.impl.name.SpecialNames                              : loaded 2 times (x 71B)
Class kotlin.reflect.jvm.internal.impl.builtins.functions.FunctionTypeKind$KFunction  : loaded 2 times (x 72B)
Class kotlinx.coroutines.EventLoop                                                    : loaded 2 times (x 105B)
Class kotlin.collections.AbstractSet                                                  : loaded 2 times (x 135B)
Class [Lorg.jetbrains.kotlin.gradle.dsl.KotlinVersion;                                : loaded 2 times (x 69B)
Class org.jetbrains.kotlin.gradle.plugin.diagnostics.ToolingDiagnosticRenderingOptions: loaded 2 times (x 72B)
Class org.jetbrains.kotlin.gradle.plugin.KotlinTargetWithTests                        : loaded 2 times (x 70B)
Class org.jetbrains.kotlin.gradle.dsl.abi.ExperimentalAbiValidation                   : loaded 2 times (x 70B)
Class org.jetbrains.kotlin.gradle.internal.abi.ConfigsKt$configureLegacyTasks$2       : loaded 2 times (x 75B)
Class org.jetbrains.kotlin.compilerRunner.CompilerSystemPropertiesService$Parameters_Decorated: loaded 2 times (x 134B)
Class org.jetbrains.kotlin.gradle.plugin.PropertiesProvider$kotlinCompilerArgumentsLogLevel$1: loaded 2 times (x 74B)
Class com.google.common.hash.ChecksumHashFunction                                     : loaded 2 times (x 96B)
Class org.jetbrains.kotlin.compilerRunner.KotlinCompilerRunnerUtils$WhenMappings      : loaded 2 times (x 71B)
Class org.jetbrains.kotlin.gradle.internal.name.FqNameUnsafe$Companion                : loaded 2 times (x 71B)
Class org.jetbrains.kotlin.com.google.common.util.concurrent.AbstractFuture$Listener  : loaded 2 times (x 72B)
Class org.jetbrains.kotlin.com.google.common.util.concurrent.AbstractFuture           : loaded 2 times (x 106B)
Class org.jetbrains.kotlin.gradle.plugin.internal.state.TaskExecutionResults          : loaded 2 times (x 71B)
Class org.jetbrains.kotlin.compilerRunner.KotlinCompilerArgumentsLogLevel             : loaded 2 times (x 79B)
Class org.jetbrains.kotlin.gradle.plugin.mpp.compilationImpl.factory.CompositePostConfigure: loaded 2 times (x 75B)
Class org.jetbrains.kotlin.gradle.plugin.diagnostics.KotlinToolingDiagnosticsSetupActionKt$KotlinToolingDiagnosticsSetupAction$1$reporterProvider$1: loaded 2 times (x 74B)
Class org.jetbrains.kotlin.gradle.targets.native.internal.CInteropConfigurationsKt    : loaded 2 times (x 71B)
Class org.jetbrains.kotlin.gradle.plugin.statistics.BuildFusService$Parameters$Inject : loaded 2 times (x 112B)
Class org.jetbrains.kotlin.statistics.metrics.StatisticsValuesConsumer                : loaded 2 times (x 70B)
Class org.jetbrains.kotlin.gradle.plugin.AndroidGradlePluginVersion$Companion         : loaded 2 times (x 71B)
Class com.google.common.util.concurrent.ListenableFuture                              : loaded 2 times (x 70B)
Class com.google.common.cache.ReferenceEntry                                          : loaded 2 times (x 70B)
Class jdk.internal.jimage.BasicImageReader$2                                          : loaded 2 times (x 77B)
Class org.jetbrains.kotlin.codegen.state.KotlinTypeMapper                             : loaded 2 times (x 75B)
Class org.jetbrains.kotlin.diagnostics.PositioningStrategies$NAME_OF_NAMED_ARGUMENT$1 : loaded 2 times (x 74B)
Class com.google.gson.Strictness                                                      : loaded 2 times (x 79B)
Class org.codehaus.groovy.transform.stc.UnionTypeClassNode                            : loaded 2 times (x 244B)
Class kotlin.properties.NotNullVar                                                    : loaded 2 times (x 79B)
Class groovyjarjarantlr4.v4.runtime.misc.AbstractEqualityComparator                   : loaded 2 times (x 77B)
Class groovyjarjarantlr4.v4.runtime.atn.ArrayPredictionContext                        : loaded 2 times (x 85B)
Class com.google.common.collect.ReverseNaturalOrdering                                : loaded 2 times (x 114B)
Class groovyjarjarantlr4.v4.runtime.atn.ProfilingATNSimulator                         : loaded 2 times (x 121B)
Class groovyjarjarantlr4.v4.runtime.atn.LexerCustomAction                             : loaded 2 times (x 76B)
Class groovyjarjarantlr4.v4.runtime.atn.LexerMoreAction                               : loaded 2 times (x 76B)
Class groovyjarjarantlr4.v4.runtime.CodePointCharStream$CodePoint16BitCharStream      : loaded 2 times (x 91B)
Class org.apache.groovy.parser.antlr4.GroovyParser$BuiltInTypeContext                 : loaded 2 times (x 158B)
Class org.jetbrains.kotlin.resolve.calls.checkers.SuspendConversionCallChecker        : loaded 2 times (x 74B)
Class org.jetbrains.kotlin.resolve.checkers.EnumCompanionInEnumConstructorCallChecker : loaded 2 times (x 74B)
Class org.jetbrains.kotlin.resolve.checkers.ContractDescriptionBlockChecker           : loaded 2 times (x 74B)
Class org.jetbrains.kotlin.container.StorageComponentContainer                        : loaded 2 times (x 86B)
Class org.codehaus.groovy.runtime.m12n.ExtensionModuleScanner                         : loaded 2 times (x 74B)
Class org.codehaus.groovy.runtime.dgmimpl.arrays.ObjectArrayGetAtMetaMethod           : loaded 2 times (x 97B)
Class org.codehaus.groovy.ast.expr.ClassExpression                                    : loaded 2 times (x 127B)
Class com.google.common.hash.AbstractHasher                                           : loaded 2 times (x 142B)
Class [Lcom.google.common.collect.AbstractIterator$State;                             : loaded 2 times (x 69B)
Class [Lcom.android.resources.ResourceFolderType;                                     : loaded 2 times (x 69B)
Class org.jetbrains.kotlin.kdoc.lexer.KDocTokens                                      : loaded 2 times (x 70B)
Class org.jetbrains.kotlin.serialization.deserialization.builtins.BuiltInSerializerProtocol: loaded 2 times (x 72B)
Class org.jetbrains.kotlin.psi.KtContractEffect                                       : loaded 2 times (x 445B)
Class kotlin.jvm.internal.markers.KMutableSet                                         : loaded 2 times (x 70B)
Class com.android.tools.lint.model.LintModelSerialization                             : loaded 2 times (x 76B)
Class [Lorg.jetbrains.kotlin.com.google.common.cache.LocalCache$Strength;             : loaded 2 times (x 69B)
Class org.jetbrains.kotlin.gradle.plugin.CreateCompilerArgumentsContextImpl$ContributeCompilerArgumentsContextImpl: loaded 2 times (x 79B)
Class org.jetbrains.kotlin.compilerRunner.IncrementalCompilationEnvironment           : loaded 2 times (x 72B)
Class org.jetbrains.kotlin.incremental.classpathDiff.RegularKotlinClassSnapshotExternalizer: loaded 2 times (x 75B)
Class org.jetbrains.kotlin.com.google.common.cache.LocalCache$AccessQueue$1           : loaded 2 times (x 108B)
Class org.jetbrains.kotlin.gradle.plugin.DefaultKotlinBasePlugin$addKotlinCompilerConfiguration$2$1$1$1: loaded 2 times (x 75B)
Class com.google.common.hash.HashFunction                                             : loaded 2 times (x 70B)
Class org.jetbrains.kotlin.gradle.tasks.KotlinCompilerExecutionStrategy$Companion     : loaded 2 times (x 71B)
Class org.jetbrains.kotlin.gradle.plugin.CompilerPluginConfig                         : loaded 2 times (x 72B)
Class org.jetbrains.kotlin.gradle.plugin.diagnostics.KotlinToolingDiagnosticsSetupActionKt$KotlinToolingDiagnosticsSetupAction$1$reporterProvider$2: loaded 2 times (x 75B)
Class org.jetbrains.kotlin.gradle.model.builder.KotlinModelBuilder                    : loaded 2 times (x 76B)
Class [Lorg.jetbrains.kotlin.tooling.core.HasMutableExtras;                           : loaded 2 times (x 69B)
Class org.jetbrains.kotlin.gradle.plugin.diagnostics.checkers.GradleDeprecatedPropertyChecker: loaded 2 times (x 74B)
Class org.jetbrains.kotlin.gradle.artifacts.KotlinJsKlibArtifactKt$KotlinJsKlibArtifact$1: loaded 2 times (x 74B)
Class org.jetbrains.kotlin.gradle.targets.CreateTargetConfigurationsSideEffectKt      : loaded 2 times (x 71B)
Class org.jetbrains.kotlin.gradle.plugin.mpp.ApplyUserDefinedAttributesKt$UserDefinedAttributesSetupAction$1: loaded 2 times (x 95B)
Class org.jetbrains.kotlin.gradle.plugin.mpp.KotlinAndroidTarget                      : loaded 2 times (x 159B)
Class org.jetbrains.kotlin.gradle.plugin.statistics.BuildFinishBuildService$Companion$registerIfAbsent$1$1: loaded 2 times (x 74B)
Class org.jetbrains.kotlin.gradle.plugin.DefaultKotlinBasePlugin$addKotlinCompilerConfiguration$1: loaded 2 times (x 75B)
Class org.jetbrains.kotlin.gradle.plugin.statistics.NonSynchronizedMetricsContainer   : loaded 2 times (x 82B)
Class org.jetbrains.kotlin.gradle.plugin.internal.DefaultCompatibilityConventionRegistrar: loaded 2 times (x 74B)
Class org.jetbrains.kotlin.gradle.plugin.PropertiesProvider                           : loaded 2 times (x 73B)
Class com.google.common.util.concurrent.AbstractFuture                                : loaded 2 times (x 106B)
Class org.jetbrains.kotlin.utils.SmartList$1                                          : loaded 2 times (x 71B)
Class org.jetbrains.org.objectweb.asm.signature.SignatureVisitor                      : loaded 2 times (x 87B)
Class org.jetbrains.kotlin.load.java.typeEnhancement.SignatureEnhancementBuilder$ClassEnhancementBuilder$FunctionEnhancementBuilder: loaded 2 times (x 72B)
Class org.jetbrains.kotlin.resolve.calls.model.LambdaWithTypeVariableAsExpectedTypeMarker: loaded 2 times (x 70B)
Class org.jetbrains.kotlin.builtins.jvm.JvmBuiltInsSignatures                         : loaded 2 times (x 71B)
Class groovyjarjarasm.asm.FieldVisitor                                                : loaded 2 times (x 77B)
Class org.codehaus.groovy.classgen.Verifier                                           : loaded 2 times (x 108B)
Class org.jetbrains.kotlin.resolve.jvm.NotFoundPackagesCachingStrategy$CacheType      : loaded 2 times (x 79B)
Class org.apache.groovy.parser.antlr4.GroovyLangParser$LightWeightFailedPredicateException: loaded 2 times (x 94B)
Class org.jetbrains.kotlin.gradle.internal.name.FqNameUnsafe                          : loaded 2 times (x 72B)
Class groovyjarjarantlr4.v4.runtime.misc.IntervalSet                                  : loaded 2 times (x 122B)
Class groovyjarjarantlr4.v4.runtime.misc.IntSet                                       : loaded 2 times (x 70B)
Class org.apache.groovy.parser.antlr4.GroovyParser$IndexPropertyArgsContext           : loaded 2 times (x 160B)
Class org.apache.groovy.parser.antlr4.GroovyParser$ClassDeclarationContext            : loaded 2 times (x 171B)
Class org.apache.groovy.parser.antlr4.GroovyParser$ElementValueArrayInitializerContext: loaded 2 times (x 162B)
Class org.apache.groovy.parser.antlr4.GroovyParser$BlockStatementContext              : loaded 2 times (x 158B)
Class org.codehaus.groovy.ast.ClassNode$MapOfLists                                    : loaded 2 times (x 75B)
Class org.codehaus.groovy.ast.stmt.ForStatement                                       : loaded 2 times (x 122B)
Class org.codehaus.groovy.ast.expr.LambdaExpression                                   : loaded 2 times (x 135B)
Class org.codehaus.groovy.ast.ClassCodeExpressionTransformer                          : loaded 2 times (x 215B)
Class org.codehaus.groovy.ast.Variable                                                : loaded 2 times (x 70B)
Class org.jetbrains.kotlin.psi.KtCommonFileKt                                         : loaded 2 times (x 71B)
Class org.jetbrains.kotlin.config.ExplicitApiMode                                     : loaded 2 times (x 79B)
Class org.jetbrains.kotlin.psi.KtNameReferenceExpression                              : loaded 2 times (x 634B)
Class kotlin.coroutines.jvm.internal.RestrictedContinuationImpl                       : loaded 2 times (x 87B)
Class kotlin.coroutines.CoroutineContext$Key                                          : loaded 2 times (x 70B)
Class org.jetbrains.kotlin.cli.jvm.compiler.KotlinCoreApplicationEnvironment$Companion: loaded 2 times (x 71B)
Class org.apache.commons.io.file.PathUtils                                            : loaded 2 times (x 71B)
Class com.google.common.reflect.TypeResolver$TypeTable                                : loaded 2 times (x 73B)
Class com.google.common.hash.ChecksumHashFunction$ChecksumHasher                      : loaded 2 times (x 147B)
Class com.google.common.io.CharStreams                                                : loaded 2 times (x 71B)
Class com.google.common.collect.ImmutableMultiset                                     : loaded 2 times (x 163B)
Class com.google.common.hash.HashCode                                                 : loaded 2 times (x 80B)
Class [Lorg.jetbrains.kotlin.gradle.dsl.jvm.JvmTargetValidationMode;                  : loaded 2 times (x 69B)
Class org.jetbrains.kotlin.gradle.tasks.DefaultKotlinJavaToolchain$javaVersion$1      : loaded 2 times (x 74B)
Class org.jetbrains.kotlin.gradle.plugin.mpp.MppSourcesJarKt$sourcesJarTask$1         : loaded 2 times (x 95B)
Class org.jetbrains.kotlin.gradle.plugin.mpp.compilationImpl.factory.KotlinCompilationImplFactory$KotlinCompilationOutputFactory: loaded 2 times (x 70B)
Class org.jetbrains.kotlin.konan.target.TargetSupportException                        : loaded 2 times (x 82B)
Class org.jetbrains.kotlin.gradle.internal.IsInIdeaEnvironmentValueSource             : loaded 2 times (x 80B)
Class org.jetbrains.kotlin.gradle.plugin.KotlinCompilationToRunnableFiles             : loaded 2 times (x 70B)
Class org.jetbrains.kotlin.gradle.tooling.BuildKotlinToolingMetadataTaskKt            : loaded 2 times (x 71B)
Class org.jetbrains.kotlin.gradle.plugin.ProjectLocalConfigurations$setupAttributesMatchingStrategy$1$1: loaded 2 times (x 74B)
Class org.jetbrains.kotlin.gradle.plugin.mpp.apple.swiftexport.internal.SwiftExportInitKt$SwiftExportClasspathResolvableConfiguration$1: loaded 2 times (x 79B)
Class org.jetbrains.kotlin.gradle.targets.native.toolchain.KotlinNativeBundleBuildService$Companion$registerIfAbsent$2$1$1: loaded 2 times (x 75B)
Class org.jetbrains.kotlin.statistics.BuildSessionLogger$Companion                    : loaded 2 times (x 71B)
Class org.jetbrains.kotlin.gradle.plugin.diagnostics.ProblemsReporter$Factory         : loaded 2 times (x 70B)
Class org.objectweb.asm.RecordComponentVisitor                                        : loaded 2 times (x 77B)
Class com.google.common.cache.CacheLoader$SupplierToCacheLoader                       : loaded 2 times (x 75B)
Class org.jetbrains.kotlin.config.LanguageVersionSettings                             : loaded 2 times (x 70B)
Class org.jetbrains.kotlin.config.JVMConfigurationKeys                                : loaded 2 times (x 71B)
Class com.android.utils.EnvironmentProvider$DirectEnvironmentProvider                 : loaded 2 times (x 80B)
Class com.android.ide.common.rendering.api.StyleableResourceValue                     : loaded 2 times (x 70B)
Class org.jetbrains.kotlin.utils.DFS$NodeHandler                                      : loaded 2 times (x 70B)
Class org.jetbrains.kotlin.load.java.structure.JavaLoadingKt                          : loaded 2 times (x 71B)
Class com.google.protobuf.SingleFieldBuilderV3                                        : loaded 2 times (x 84B)
Class com.google.protobuf.IterableByteBufferInputStream                               : loaded 2 times (x 92B)
Class kotlin.text.MatcherMatchResult$groupValues$1                                    : loaded 2 times (x 198B)
Class [Lorg.apache.groovy.util.concurrent.concurrentlinkedhashmap.ConcurrentLinkedHashMap$DrainStatus;: loaded 2 times (x 69B)
Class org.apache.groovy.util.concurrent.concurrentlinkedhashmap.Weighers$SingletonEntryWeigher: loaded 2 times (x 82B)
Class org.apache.groovy.parser.antlr4.internal.atnmanager.LexerAtnManager             : loaded 2 times (x 74B)
Class groovyjarjarantlr4.v4.runtime.atn.TokensStartState                              : loaded 2 times (x 89B)
Class org.codehaus.groovy.ast.ModifierNode                                            : loaded 2 times (x 114B)
Class org.jetbrains.kotlin.load.java.ReportLevel$Companion                            : loaded 2 times (x 71B)
Class org.jetbrains.kotlin.types.model.TypeSystemContext                              : loaded 2 times (x 70B)
Class org.codehaus.groovy.control.io.NullWriter                                       : loaded 2 times (x 99B)
Class groovy.lang.GroovyClassLoader                                                   : loaded 2 times (x 142B)
Class org.codehaus.groovy.control.CompilePhase                                        : loaded 2 times (x 79B)
Class org.codehaus.groovy.runtime.dgmimpl.arrays.LongArrayPutAtMetaMethod             : loaded 2 times (x 97B)
Class org.codehaus.groovy.runtime.dgmimpl.arrays.ArrayMetaMethod                      : loaded 2 times (x 97B)
Class org.jetbrains.kotlin.psi.KtConstructorDelegationReferenceExpression             : loaded 2 times (x 499B)
Class org.jetbrains.kotlin.serialization.deserialization.ProtoContainer               : loaded 2 times (x 73B)
Class org.jetbrains.kotlin.codegen.extensions.ClassBuilderInterceptorExtension$Companion: loaded 2 times (x 72B)
Class org.jetbrains.kotlin.metadata.ProtoBuf$QualifiedNameTable$QualifiedName$Kind    : loaded 2 times (x 82B)
Class org.jetbrains.kotlin.cli.jvm.compiler.KotlinCoreEnvironment$Companion           : loaded 2 times (x 71B)
Class kotlinx.coroutines.CopyableThreadContextElement                                 : loaded 2 times (x 70B)
Class org.jetbrains.kotlin.psi.stubs.KotlinNameReferenceExpressionStub                : loaded 2 times (x 70B)
Class org.jetbrains.kotlin.psi.KtModifierList                                         : loaded 2 times (x 514B)
Class kotlin.jvm.internal.markers.KMutableList                                        : loaded 2 times (x 70B)
Class org.jetbrains.kotlin.resolve.jvm.KotlinCliJavaFileManager                       : loaded 2 times (x 70B)
Class kotlinx.coroutines.ChildJob                                                     : loaded 2 times (x 70B)
Class kotlinx.coroutines.scheduling.TasksKt                                           : loaded 2 times (x 71B)
Class kotlinx.coroutines.internal.SystemPropsKt__SystemPropsKt                        : loaded 2 times (x 71B)
Class [Lkotlin.Pair;                                                                  : loaded 2 times (x 69B)
Class kotlin.reflect.jvm.internal.KPropertyImpl$$Lambda$1                             : loaded 2 times (x 76B)
Class [Lorg.jetbrains.kotlin.config.LanguageVersion;                                  : loaded 2 times (x 69B)
Class kotlin.text.MatchNamedGroupCollection                                           : loaded 2 times (x 70B)
Class org.jetbrains.kotlin.protobuf.LazyStringArrayList                               : loaded 2 times (x 280B)
Class org.jetbrains.kotlin.resolve.jvm.modules.JavaModuleResolver$SERVICE             : loaded 2 times (x 71B)
Class org.jetbrains.kotlin.incremental.storage.ListExternalizer                       : loaded 2 times (x 80B)
Class com.google.common.reflect.TypeResolver$TypeTable$1                              : loaded 2 times (x 73B)
Class [Lorg.jetbrains.kotlin.cli.common.ExitCode;                                     : loaded 2 times (x 69B)
Class org.jetbrains.kotlin.buildtools.api.CompilerArgumentsParseException             : loaded 2 times (x 82B)
Class org.jetbrains.kotlin.com.google.common.cache.LocalCache                         : loaded 2 times (x 187B)
Class com.google.common.collect.UsingToStringOrdering                                 : loaded 2 times (x 114B)
Class org.jetbrains.kotlin.gradle.plugin.mpp.KotlinCompilationsKt$sam$java_util_concurrent_Callable$0: loaded 2 times (x 75B)
Class org.jetbrains.kotlin.gradle.tasks.KotlinCompilerPluginData                      : loaded 2 times (x 72B)
Class org.jetbrains.kotlin.gradle.targets.js.npm.SemverKt                             : loaded 2 times (x 71B)
Class org.jetbrains.kotlin.gradle.internal.StdlibDependencyManagementKt$isStdlibAddedByUser$1: loaded 2 times (x 79B)
Class org.jetbrains.kotlin.gradle.plugin.mpp.MppSourcesJarKt                          : loaded 2 times (x 71B)
Class org.jetbrains.kotlin.compilerRunner.CompilerSystemPropertiesService$Companion$registerIfAbsent$2$1$1: loaded 2 times (x 75B)
Class org.jetbrains.kotlin.gradle.plugin.KotlinCompilationInfo                        : loaded 2 times (x 88B)
Class org.jetbrains.kotlin.tooling.core.ExtrasPropertyKt                              : loaded 2 times (x 71B)
Class org.jetbrains.kotlin.gradle.tasks.BaseKotlinCompile                             : loaded 2 times (x 70B)
Class org.jetbrains.kotlin.gradle.plugin.internal.UsesBuildIdProviderService          : loaded 2 times (x 70B)
Class org.jetbrains.kotlin.gradle.plugin.mpp.compilationImpl.KotlinCompilationSourceSetInclusion$include$1: loaded 2 times (x 79B)
Class org.jetbrains.kotlin.gradle.plugin.mpp.compilationImpl.factory.KotlinCompilationImplFactory$KotlinCompilationDependencyConfigurationsFactory: loaded 2 times (x 70B)
Class org.jetbrains.kotlin.gradle.tasks.abi.KotlinLegacyAbiCheckTask                  : loaded 2 times (x 70B)
Class org.jetbrains.kotlin.gradle.internal.abi.AbiValidationExtensionImpl_Decorated   : loaded 2 times (x 141B)
Class org.jetbrains.kotlin.gradle.plugin.KotlinPluginLifecycleCoroutineContextElement$Key: loaded 2 times (x 71B)
Class org.jetbrains.kotlin.gradle.plugin.diagnostics.KotlinToolingDiagnosticsSetupActionKt$KotlinToolingDiagnosticsSetupAction$1: loaded 2 times (x 74B)
Class org.jetbrains.kotlin.gradle.dsl.KotlinProjectExtensionKt                        : loaded 2 times (x 71B)
Class org.jetbrains.kotlin.psi.KtVisitorVoid                                          : loaded 2 times (x 304B)
Class org.jetbrains.kotlin.gradle.plugin.UsesKotlinGradleBuildServices                : loaded 2 times (x 70B)
Class org.jetbrains.kotlin.gradle.plugin.KotlinGradleBuildServices$Parameters_Decorated: loaded 2 times (x 134B)
Class org.jetbrains.kotlin.gradle.plugin.DefaultKotlinBasePlugin$addKotlinCompilerConfiguration$3: loaded 2 times (x 75B)
Class [Lorg.jetbrains.kotlin.statistics.metrics.IMetricContainerFactory;              : loaded 2 times (x 69B)
Class org.jetbrains.kotlin.gradle.internal.IdeaKt                                     : loaded 2 times (x 71B)
Class org.gradle.internal.service.ServiceLookupException                              : loaded 2 times (x 82B)
Class org.jetbrains.kotlin.name.NameUtils                                             : loaded 2 times (x 71B)
Class com.google.common.collect.StandardTable                                         : loaded 2 times (x 124B)
Class org.jetbrains.kotlin.types.UtilsKt                                              : loaded 2 times (x 71B)
Class org.jetbrains.kotlin.types.TypeCheckerState$SupertypesPolicy$DoCustomTransform  : loaded 2 times (x 72B)
Class org.jetbrains.kotlin.types.TypeCheckerState$SupertypesPolicy$None               : loaded 2 times (x 72B)
Class org.jetbrains.kotlin.resolve.calls.results.FlatSignatureKt                      : loaded 2 times (x 71B)
Class org.jetbrains.kotlin.metadata.deserialization.VersionRequirement$Version        : loaded 2 times (x 71B)
Class com.google.protobuf.FieldSet$FieldDescriptorLite                                : loaded 2 times (x 70B)
Class com.google.protobuf.ExtensionLite                                               : loaded 2 times (x 77B)
Class org.jetbrains.kotlin.load.java.FakePureImplementationsProvider                  : loaded 2 times (x 71B)
Class kotlin.sequences.SequencesKt___SequencesKt$sortedWith$1                         : loaded 2 times (x 75B)
Class org.jetbrains.kotlin.util.OperatorNameConventions                               : loaded 2 times (x 71B)
Class org.jetbrains.kotlin.load.java.structure.JavaPackage                            : loaded 2 times (x 70B)
Class org.jetbrains.kotlin.resolve.jvm.KotlinSafeClassFinder                          : loaded 2 times (x 70B)
Class org.jetbrains.kotlin.load.java.AbstractJavaClassFinder$FilterOutKotlinSourceFilesScope: loaded 2 times (x 108B)
Class org.apache.groovy.parser.antlr4.internal.atnmanager.ParserAtnManager            : loaded 2 times (x 74B)
Class org.jetbrains.kotlin.mpp.RegularClassSymbolMarker                               : loaded 2 times (x 70B)
Class groovyjarjarantlr4.v4.runtime.atn.LexerPopModeAction                            : loaded 2 times (x 76B)
Class org.apache.groovy.parser.antlr4.GroovyParser$ForControlContext                  : loaded 2 times (x 158B)
Class org.apache.groovy.parser.antlr4.GroovyParser$LogicalAndExprAltContext           : loaded 2 times (x 162B)
Class org.apache.groovy.parser.antlr4.GroovyParser$TypeParametersContext              : loaded 2 times (x 164B)
Class org.codehaus.groovy.ast.CodeVisitorSupport                                      : loaded 2 times (x 186B)
Class org.jetbrains.kotlin.resolve.checkers.PrivateInlineFunctionsReturningAnonymousObjectsChecker: loaded 2 times (x 74B)
Class org.jetbrains.kotlin.resolve.checkers.DynamicReceiverChecker                    : loaded 2 times (x 74B)
Class org.codehaus.groovy.runtime.metaclass.MetaMethodIndex$Header                    : loaded 2 times (x 72B)
Class [Lorg.codehaus.groovy.reflection.CachedMethod;                                  : loaded 2 times (x 69B)
Class com.google.common.base.CharMatcher$JavaLetter                                   : loaded 2 times (x 111B)
Class [Lcom.android.resources.ResourceEnum;                                           : loaded 2 times (x 69B)
Class org.jetbrains.kotlin.fileClasses.JvmSimpleFileClassInfo                         : loaded 2 times (x 78B)
Class kotlin.sequences.SequencesKt___SequencesKt$flatMap$1                            : loaded 2 times (x 125B)
Class org.jetbrains.kotlin.parsing.AllCommentsBinder                                  : loaded 2 times (x 76B)
Class kotlin.jvm.internal.MutablePropertyReference1Impl                               : loaded 2 times (x 137B)
Class org.jetbrains.kotlin.metadata.jvm.deserialization.JvmFlags                      : loaded 2 times (x 71B)
Class [Lorg.jetbrains.kotlin.builtins.functions.FunctionTypeKind;                     : loaded 2 times (x 69B)
Class org.jetbrains.kotlin.container.ComponentStorage                                 : loaded 2 times (x 75B)
Class org.jetbrains.kotlin.psi.stubs.KotlinContractEffectStub                         : loaded 2 times (x 70B)
Class org.jetbrains.kotlin.psi.KtClassBody                                            : loaded 2 times (x 448B)
Class kotlinx.coroutines.ChildHandleNode                                              : loaded 2 times (x 94B)
Class [Lkotlin.sequences.Sequence;                                                    : loaded 2 times (x 69B)
Class kotlinx.coroutines.scheduling.SchedulerCoroutineDispatcher                      : loaded 2 times (x 112B)
Class org.objectweb.asm.tree.AbstractInsnNode                                         : loaded 2 times (x 78B)
Class com.android.tools.lint.model.LintModelBuildFeatures                             : loaded 2 times (x 70B)
Class org.jetbrains.kotlin.resolve.checkers.MissingDependencySupertypeChecker$ForCalls: loaded 2 times (x 74B)
Class org.jetbrains.kotlin.mpp.CallableSymbolMarker                                   : loaded 2 times (x 70B)
Class org.jetbrains.kotlin.incremental.classpathDiff.InaccessibleClassSnapshot        : loaded 2 times (x 71B)
Class com.google.common.io.Resources$UrlByteSource                                    : loaded 2 times (x 85B)
Class [Lorg.jetbrains.kotlin.tooling.core.KotlinToolingVersion$Maturity;              : loaded 2 times (x 69B)
Class com.google.common.hash.AbstractByteHasher                                       : loaded 2 times (x 147B)
Class org.jetbrains.kotlin.gradle.tasks.GradleCompileTaskProvider_Decorated           : loaded 2 times (x 121B)
Class org.jetbrains.kotlin.gradle.internal.StdlibDependencyManagementKt$isStdlibAddedByUser$2: loaded 2 times (x 78B)
Class org.jetbrains.kotlin.gradle.plugin.hierarchy.KotlinSourceSetTreeClassifierKt$sourceSetTreeClassifier$2: loaded 2 times (x 78B)
Class com.google.common.collect.Lists$ReverseList                                     : loaded 2 times (x 200B)
Class org.jetbrains.kotlin.konan.target.HostManager                                   : loaded 2 times (x 72B)
Class org.jetbrains.kotlin.gradle.targets.js.npm.NpmDirectoryDependencyExtension      : loaded 2 times (x 70B)
Class org.jetbrains.kotlin.gradle.plugin.mpp.KotlinUsageContext$MavenScope            : loaded 2 times (x 79B)
Class org.jetbrains.kotlin.gradle.targets.native.KotilnNativeConfigureBinariesSideEffectKt$special$$inlined$KotlinTargetSideEffect$1: loaded 2 times (x 74B)
Class org.jetbrains.kotlin.gradle.plugin.KotlinProjectSetupAction$Companion           : loaded 2 times (x 71B)
Class [Lcom.google.common.cache.LocalCache$EntryFactory;                              : loaded 2 times (x 69B)
Class org.gradle.internal.classloader.ClassLoaderFactory                              : loaded 2 times (x 70B)
Class org.jetbrains.kotlin.resolve.calls.util.UnderscoreUtilKt                        : loaded 2 times (x 71B)
Class org.jetbrains.kotlin.descriptors.EffectiveVisibility$Local                      : loaded 2 times (x 75B)
Class com.google.protobuf.UnsafeUtil                                                  : loaded 2 times (x 71B)
Class org.codehaus.groovy.classgen.BytecodeInstruction                                : loaded 2 times (x 72B)
Class org.codehaus.groovy.syntax.CSTNode                                              : loaded 2 times (x 104B)
Class org.apache.groovy.parser.antlr4.GroovyParser$NlsContext                         : loaded 2 times (x 158B)
Class org.apache.groovy.parser.antlr4.GroovyParser$StringLiteralAltContext            : loaded 2 times (x 158B)
Class groovyjarjarantlr4.v4.runtime.misc.Tuple2                                       : loaded 2 times (x 72B)
Class org.apache.groovy.parser.antlr4.GroovyParser$IdentifierPrmrAltContext           : loaded 2 times (x 159B)
Class org.apache.groovy.parser.antlr4.GroovyParser$BlockContext                       : loaded 2 times (x 160B)
Class groovyjarjarantlr4.v4.runtime.ParserRuleContext                                 : loaded 2 times (x 136B)
Class org.codehaus.groovy.runtime.InvokerHelper$1                                     : loaded 2 times (x 95B)
Class org.jetbrains.kotlin.resolve.calls.checkers.LambdaWithSuspendModifierCallChecker: loaded 2 times (x 74B)
Class org.jetbrains.kotlin.util.EmptyArrayMap                                         : loaded 2 times (x 83B)
Class org.codehaus.groovy.util.ReferenceManager$1                                     : loaded 2 times (x 77B)
Class org.jetbrains.kotlin.name.FqNamesUtilKt$WhenMappings                            : loaded 2 times (x 71B)
Class org.jetbrains.kotlin.psi.KtWhenConditionWithExpression                          : loaded 2 times (x 377B)
Class org.jetbrains.kotlin.asJava.finder.JavaElementFinder$Companion                  : loaded 2 times (x 71B)
Class org.jetbrains.kotlin.config.AnalysisFlag$Delegates$Boolean                      : loaded 2 times (x 71B)
Class org.jetbrains.kotlin.psi.ValueArgument                                          : loaded 2 times (x 70B)
Class [Lorg.jetbrains.kotlin.psi.KtEnumEntrySuperclassReferenceExpression;            : loaded 2 times (x 69B)
Class org.jetbrains.kotlin.psi.KtDotQualifiedExpression                               : loaded 2 times (x 575B)
Class org.jetbrains.kotlin.psi.KtReferenceExpression                                  : loaded 2 times (x 70B)
Class org.jetbrains.kotlin.psi.KtImportList                                           : loaded 2 times (x 446B)
Class [Lorg.jetbrains.kotlin.psi.KtParameterList;                                     : loaded 2 times (x 69B)
Class org.jetbrains.kotlin.psi.stubs.KotlinFunctionStub                               : loaded 2 times (x 70B)
Class kotlin.reflect.jvm.internal.impl.builtins.PrimitiveType                         : loaded 2 times (x 79B)
Class org.jetbrains.kotlin.cli.jvm.compiler.MockInferredAnnotationsManager$Companion  : loaded 2 times (x 71B)
Class kotlinx.coroutines.CompletionHandlerBase                                        : loaded 2 times (x 80B)
Class org.jetbrains.kotlin.cli.jvm.modules.CoreJrtVirtualFile                         : loaded 2 times (x 154B)
Class org.jetbrains.kotlin.cli.jvm.modules.CoreJrtFileSystem$Companion                : loaded 2 times (x 71B)
Class org.jetbrains.kotlin.platform.jvm.JdkPlatform                                   : loaded 2 times (x 75B)
Class groovy.lang.GroovyCodeSource                                                    : loaded 2 times (x 79B)
Class groovy.lang.GroovyInterceptable                                                 : loaded 2 times (x 70B)
Class kotlin.KotlinVersion$Companion                                                  : loaded 2 times (x 71B)
Class org.jetbrains.kotlin.incremental.classpathDiff.impl.ClassListSnapshotterWithInlinedClassSupport$ClassDescriptorForProcessing: loaded 2 times (x 72B)
Class org.jetbrains.kotlin.incremental.classpathDiff.impl.PrefixBasedSnapshotter      : loaded 2 times (x 72B)
Class org.apache.commons.io.CloseableURLConnection                                    : loaded 2 times (x 116B)
Class org.jetbrains.kotlin.compilerRunner.GradleKotlinCompilerWork$WhenMappings       : loaded 2 times (x 71B)
Class org.jetbrains.kotlin.cli.common.arguments.ArgumentParseErrors                   : loaded 2 times (x 72B)
Class org.jetbrains.kotlin.build.report.metrics.BuildMetricsReporterImpl$WhenMappings : loaded 2 times (x 71B)
Class com.google.common.collect.AbstractSortedKeySortedSetMultimap                    : loaded 2 times (x 219B)
Class org.jetbrains.kotlin.gradle.tasks.DefaultKotlinJavaToolchain$currentJvmJdkToolsJar$1: loaded 2 times (x 74B)
Class org.jetbrains.kotlin.gradle.plugin.diagnostics.ProblemsReporterKt               : loaded 2 times (x 71B)
Class org.jetbrains.kotlin.gradle.plugin.SubpluginEnvironment                         : loaded 2 times (x 72B)
Class org.jetbrains.kotlin.gradle.internal.StdlibDependencyManagementKt$addStdlibDependency$1$1$1: loaded 2 times (x 75B)
Class org.jetbrains.kotlin.gradle.plugin.diagnostics.IsAttachedToTerminalValueSource$Inject: loaded 2 times (x 100B)
Class org.jetbrains.kotlin.gradle.plugin.sources.AbstractKotlinSourceSet              : loaded 2 times (x 141B)
Class org.jetbrains.kotlin.gradle.tooling.BuildKotlinToolingMetadataTaskKt$RegisterBuildKotlinToolingMetadataTask$1: loaded 2 times (x 74B)
Class org.jetbrains.kotlin.compilerRunner.GradleCliCommonizerKt$maybeCreateCommonizerClasspathConfiguration$1$1: loaded 2 times (x 75B)
Class org.jetbrains.kotlin.gradle.internal.properties.NativePropertiesLoader$nativeCacheKind$1: loaded 2 times (x 75B)
Class [Lorg.jetbrains.kotlin.build.report.metrics.ValueType;                          : loaded 2 times (x 69B)
Class org.jetbrains.kotlin.gradle.internal.diagnostics.AgpCompatibilityCheck          : loaded 2 times (x 71B)
Class com.google.common.cache.LocalCache$LocalManualCache                             : loaded 2 times (x 99B)
Class org.gradle.internal.service.CachingServiceLocator                               : loaded 2 times (x 82B)
Class org.apache.groovy.parser.antlr4.GroovyParser$PrimaryContext                     : loaded 2 times (x 157B)
Class org.jetbrains.kotlin.utils.SmartSet$ArrayIterator                               : loaded 2 times (x 81B)
Class org.jetbrains.kotlin.diagnostics.PositioningStrategies$ELSE_ENTRY$1             : loaded 2 times (x 74B)
Class org.jetbrains.kotlin.diagnostics.PositioningStrategies$DECLARATION_WITH_BODY$1  : loaded 2 times (x 74B)
Class kotlin.jvm.internal.Intrinsics$Kotlin                                           : loaded 2 times (x 71B)
Class com.android.utils.DateProvider                                                  : loaded 2 times (x 70B)
Class org.apache.groovy.parser.antlr4.GroovyParser$StringLiteralContext               : loaded 2 times (x 157B)
Class org.codehaus.groovy.classgen.VariableScopeVisitor                               : loaded 2 times (x 213B)
Class kotlin.collections.AbstractMap                                                  : loaded 2 times (x 122B)
Class groovyjarjarantlr4.v4.runtime.WritableToken                                     : loaded 2 times (x 70B)
Class groovyjarjarantlr4.v4.runtime.atn.PredictionContext$IdentityHashMap             : loaded 2 times (x 125B)
Class org.apache.groovy.parser.antlr4.GroovyParser$ElementValuePairsContext           : loaded 2 times (x 160B)
Class groovyjarjarantlr4.v4.runtime.atn.LexerActionType                               : loaded 2 times (x 79B)
Class groovyjarjarantlr4.v4.runtime.misc.Tuple3                                       : loaded 2 times (x 72B)
Class org.apache.groovy.parser.antlr4.GroovyParser$RparenContext                      : loaded 2 times (x 157B)
Class groovyjarjarantlr4.v4.runtime.atn.PredicateTransition                           : loaded 2 times (x 76B)
Class org.apache.groovy.parser.antlr4.GroovyLexer                                     : loaded 2 times (x 177B)
Class org.apache.groovy.parser.antlr4.GroovyParser$ThisPrmrAltContext                 : loaded 2 times (x 158B)
Class org.apache.groovy.parser.antlr4.GroovyParser$MapEntryContext                    : loaded 2 times (x 161B)
Class org.apache.groovy.parser.antlr4.GroovyParser$CommandArgumentContext             : loaded 2 times (x 160B)
Class org.codehaus.groovy.antlr.AntlrParserPluginFactory                              : loaded 2 times (x 72B)
Class org.jetbrains.kotlin.descriptors.ModuleDescriptor                               : loaded 2 times (x 70B)
Class org.codehaus.groovy.ast.stmt.WhileStatement                                     : loaded 2 times (x 118B)
Class org.codehaus.groovy.ast.expr.ArgumentListExpression                             : loaded 2 times (x 138B)
Class org.codehaus.groovy.runtime.InvokerHelper$2                                     : loaded 2 times (x 95B)
Class org.codehaus.groovy.runtime.dgmimpl.NumberNumberMinus                           : loaded 2 times (x 114B)
Class [Lgroovy.lang.MetaClassRegistryChangeEventListener;                             : loaded 2 times (x 69B)
Class com.android.ide.common.resources.configuration.ScreenDimensionQualifier         : loaded 2 times (x 89B)
Class org.apache.groovy.parser.antlr4.util.StringUtils                                : loaded 2 times (x 71B)
Class org.jetbrains.kotlin.psi.KtPsiUtil                                              : loaded 2 times (x 71B)
Class org.jetbrains.kotlin.parsing.PrecedingDocCommentsBinder                         : loaded 2 times (x 76B)
Class org.apache.groovy.util.concurrent.concurrentlinkedhashmap.Linked                : loaded 2 times (x 70B)
Class org.codehaus.groovy.classgen.asm.BytecodeVariable                               : loaded 2 times (x 85B)
Class it.unimi.dsi.fastutil.ints.IntListIterator                                      : loaded 2 times (x 70B)
Class [Lorg.jetbrains.kotlin.psi.KtEscapeStringTemplateEntry;                         : loaded 2 times (x 69B)
Class org.jetbrains.kotlin.psi.KtBlockCodeFragmentType                                : loaded 2 times (x 84B)
Class org.jetbrains.kotlin.psi.stubs.KotlinTypeParameterStub                          : loaded 2 times (x 70B)
Class org.jetbrains.kotlin.psi.stubs.KotlinPropertyStub                               : loaded 2 times (x 70B)
Class kotlin.io.path.PathsKt__PathRecursiveFunctionsKt                                : loaded 2 times (x 71B)
Class org.jetbrains.kotlin.load.kotlin.KotlinBinaryClassCache                         : loaded 2 times (x 75B)
Class kotlin.collections.AbstractList$SubList                                         : loaded 2 times (x 198B)
Class it.unimi.dsi.fastutil.objects.AbstractObjectCollection                          : loaded 2 times (x 143B)
Class kotlin.collections.AbstractList$IteratorImpl                                    : loaded 2 times (x 82B)
Class [Lorg.jetbrains.kotlin.resolve.jvm.JvmPrimitiveType;                            : loaded 2 times (x 69B)
Class org.jetbrains.kotlin.builtins.CompanionObjectMapping                            : loaded 2 times (x 71B)
Class org.jetbrains.kotlin.com.intellij.util.io.IOUtil$1                              : loaded 2 times (x 83B)
Class [Lorg.jetbrains.kotlin.daemon.common.PropMapper;                                : loaded 2 times (x 69B)
Class org.jetbrains.kotlin.compilerRunner.GradleCompilerRunnerWithWorkers$GradleKotlinCompilerWorkAction$Inject: loaded 2 times (x 98B)
Class org.jetbrains.kotlin.tooling.core.KotlinToolingVersionKt                        : loaded 2 times (x 71B)
Class org.jetbrains.kotlin.gradle.dsl.jvm.JvmTargetValidationMode                     : loaded 2 times (x 79B)
Class org.jetbrains.kotlin.gradle.plugin.KotlinTargetConfiguratorKt$WhenMappings      : loaded 2 times (x 71B)
Class org.jetbrains.kotlin.gradle.internal.KotlinTestDependencyManagementKt$configureKotlinTestDependency$1: loaded 2 times (x 79B)
Class org.jetbrains.kotlin.gradle.plugin.diagnostics.checkers.OverriddenKotlinNativeHomeChecker$StdlibExistenceCheckerValueSource$Params_Decorated: loaded 2 times (x 134B)
Class org.jetbrains.kotlin.project.model.LanguageSettings                             : loaded 2 times (x 70B)
Class org.jetbrains.kotlin.gradle.plugin.KotlinPluginLifecycleKt$kotlinPluginLifecycle$2: loaded 2 times (x 78B)
Class org.jetbrains.kotlin.gradle.targets.native.KonanPropertiesBuildService$Parameters: loaded 2 times (x 70B)
Class org.jetbrains.kotlin.gradle.plugin.statistics.BuildFusService$Companion$registerIfAbsent$1$1: loaded 2 times (x 79B)
Class org.jetbrains.kotlin.gradle.plugin.PropertiesProvider$booleanPropertyWithValueReporting$1: loaded 2 times (x 78B)
Class org.jetbrains.kotlin.gradle.plugin.internal.CompatibilityConventionRegistrar$Factory: loaded 2 times (x 70B)
Class org.jetbrains.kotlin.load.kotlin.FileBasedKotlinClass$4$2                       : loaded 2 times (x 106B)
Class org.jetbrains.kotlin.diagnostics.PositioningStrategies$OBJECT_KEYWORD$1         : loaded 2 times (x 74B)
Class org.jetbrains.kotlin.diagnostics.PositioningStrategies$DECLARATION_NAME_ONLY$1  : loaded 2 times (x 74B)
Class org.jetbrains.kotlin.SpecialJvmAnnotations                                      : loaded 2 times (x 71B)
Class org.jetbrains.kotlin.resolve.calls.inference.model.NewConstraintSystemImpl$State: loaded 2 times (x 79B)
Class org.jetbrains.kotlin.load.java.structure.impl.JavaClassImpl                     : loaded 2 times (x 177B)
Class org.jetbrains.kotlin.types.AbstractTypeRefiner$Default                          : loaded 2 times (x 72B)
Class org.jetbrains.kotlin.diagnostics.PositioningStrategies$WHEN_CONDITION_IN_RANGE$1: loaded 2 times (x 74B)
Class org.apache.groovy.parser.antlr4.GroovydocManager                                : loaded 2 times (x 72B)
Class org.jetbrains.kotlin.diagnostics.PositioningStrategies$SELECTOR_BY_QUALIFIED$1  : loaded 2 times (x 74B)
Class org.apache.groovy.parser.antlr4.GroovyLangParser                                : loaded 2 times (x 180B)
Class [Lgroovyjarjarantlr4.v4.runtime.atn.RuleStopState;                              : loaded 2 times (x 69B)
Class org.apache.groovy.parser.antlr4.GroovyParser$LambdaBodyContext                  : loaded 2 times (x 158B)
Class org.jetbrains.kotlin.load.java.NullabilityAnnotationStates                      : loaded 2 times (x 70B)
Class org.apache.groovy.parser.antlr4.GroovyParser$LoopStatementContext               : loaded 2 times (x 157B)
Class org.codehaus.groovy.control.io.ReaderSource                                     : loaded 2 times (x 70B)
Class org.codehaus.groovy.ast.expr.VariableExpression                                 : loaded 2 times (x 157B)
Class org.jetbrains.kotlin.resolve.checkers.ValueClassDeclarationChecker              : loaded 2 times (x 74B)
Class org.jetbrains.kotlin.resolve.checkers.ExpectActualInTheSameModuleChecker        : loaded 2 times (x 74B)
Class org.codehaus.groovy.runtime.dgmimpl.arrays.ArrayPutAtMetaMethod                 : loaded 2 times (x 97B)
Class org.codehaus.groovy.ast.stmt.Statement                                          : loaded 2 times (x 110B)
Class org.jetbrains.kotlin.psi.KtCodeFragment                                         : loaded 2 times (x 1266B)
Class org.jetbrains.kotlin.diagnostics.PositioningStrategies$IMPORT_LAST_NAME$1       : loaded 2 times (x 74B)
Class org.jetbrains.kotlin.psi.KtIfExpression                                         : loaded 2 times (x 444B)
Class org.jetbrains.kotlin.builtins.StandardNames$FqNames                             : loaded 2 times (x 71B)
Class org.jetbrains.kotlin.config.LanguageFeature$Companion                           : loaded 2 times (x 71B)
Class kotlin.properties.ReadOnlyProperty                                              : loaded 2 times (x 70B)
Class org.jetbrains.kotlin.cli.jvm.compiler.CliJavaModuleUtilsKt                      : loaded 2 times (x 71B)
Class org.jetbrains.kotlin.psi.KtAnonymousInitializer                                 : loaded 2 times (x 70B)
Class kotlin.reflect.jvm.internal.impl.descriptors.runtime.structure.ReflectClassUtilKt: loaded 2 times (x 71B)
Class kotlin.jvm.internal.markers.KMutableMap                                         : loaded 2 times (x 70B)
Class kotlinx.coroutines.BlockingEventLoop                                            : loaded 2 times (x 117B)
Class kotlin.coroutines.AbstractCoroutineContextElement                               : loaded 2 times (x 89B)
Class kotlinx.coroutines.ThreadLocalEventLoop                                         : loaded 2 times (x 71B)
Class kotlin.ranges.IntRange                                                          : loaded 2 times (x 93B)
Class [Lkotlin.reflect.KFunction;                                                     : loaded 2 times (x 69B)
Class org.jetbrains.kotlin.com.intellij.util.io.IOUtil$2                              : loaded 2 times (x 76B)
Class kotlin.jvm.internal.FloatCompanionObject                                        : loaded 2 times (x 71B)
Class org.jetbrains.kotlin.incremental.classpathDiff.ClassSnapshot                    : loaded 2 times (x 71B)
Class org.jetbrains.kotlin.metadata.deserialization.VersionRequirement$Version$Companion: loaded 2 times (x 71B)
Class com.google.common.reflect.Types$TypeVariableInvocationHandler                   : loaded 2 times (x 75B)
Class org.jetbrains.kotlin.gradle.internal.name.Name                                  : loaded 2 times (x 75B)
Class org.jetbrains.kotlin.gradle.tasks.CompileUsingKotlinDaemonWithNormalization$normalizedKotlinDaemonJvmArguments$1: loaded 2 times (x 74B)
Class org.jetbrains.kotlin.com.google.common.cache.ReferenceEntry                     : loaded 2 times (x 70B)
Class org.jetbrains.kotlin.gradle.plugin.mpp.KotlinMetadataTarget                     : loaded 2 times (x 161B)
Class org.jetbrains.kotlin.gradle.tasks.configuration.BaseKotlinCompileConfig$1$jvmToolchain$1: loaded 2 times (x 74B)
Class org.jetbrains.kotlin.gradle.plugin.mpp.InternalKotlinCompilation$DefaultImpls   : loaded 2 times (x 71B)
Class org.jetbrains.kotlin.gradle.plugin.mpp.compilationImpl.KotlinCompilationSourceSetInclusion$DefaultAddSourcesToCompileTask: loaded 2 times (x 74B)
Class org.jetbrains.kotlin.gradle.internal.KotlinTestDependencyManagementKt$configureKotlinTestDependency$2: loaded 2 times (x 75B)
Class org.jetbrains.kotlin.gradle.dsl.PlatformSourceSetConventionsChecker$runChecks$$inlined$CheckedPlatformInfo$default$1: loaded 2 times (x 78B)
Class [Lorg.jetbrains.kotlin.gradle.plugin.KotlinPluginLifecycle$Stage;               : loaded 2 times (x 69B)
Class org.jetbrains.kotlin.gradle.artifacts.KotlinTargetArtifact$Companion            : loaded 2 times (x 71B)
Class org.jetbrains.kotlin.gradle.plugin.mpp.compilationImpl.KotlinCreateLifecycleTasksSideEffectKt$KotlinCreateLifecycleTasksSideEffect$1: loaded 2 times (x 74B)
Class org.jetbrains.kotlin.gradle.dsl.KotlinGradlePluginDsl                           : loaded 2 times (x 70B)
Class org.jetbrains.kotlin.tooling.core.MutableExtras                                 : loaded 2 times (x 70B)
Class org.jetbrains.kotlin.gradle.plugin.KotlinGradleBuildServices$detectKotlinPluginLoadedInMultipleProjects$onRegister$1: loaded 2 times (x 79B)
Class org.jetbrains.kotlin.gradle.plugin.BuildFinishAndConfigurationTimeMetricsFlowAction$Parameters_Decorated: loaded 2 times (x 143B)
Class org.jetbrains.kotlin.gradle.plugin.BuildFinishAndConfigurationTimeMetricsFlowAction$Parameters: loaded 2 times (x 70B)
Class org.objectweb.asm.commons.InstructionAdapter                                    : loaded 2 times (x 188B)
Class androidx.activity.lint.ActivityIssueRegistry                                    : loaded 2 times (x 83B)
Class org.jetbrains.kotlin.diagnostics.PositioningStrategies$NOT_SUPPORTED_IN_INLINE_MOST_RELEVANT$1: loaded 2 times (x 74B)
Class org.apache.groovy.ast.tools.ConstructorNodeUtils                                : loaded 2 times (x 71B)
Class [Lorg.codehaus.groovy.transform.sc.StaticCompilationMetadataKeys;               : loaded 2 times (x 69B)
Class kotlin.sequences.DropWhileSequence                                              : loaded 2 times (x 75B)
Class org.gradle.internal.classloader.DefaultClassLoaderFactory                       : loaded 2 times (x 82B)
Class org.apache.groovy.parser.antlr4.GroovyParser$ParenPrmrAltContext                : loaded 2 times (x 158B)
Class groovyjarjarantlr4.v4.runtime.atn.PrecedencePredicateTransition                 : loaded 2 times (x 76B)
Class groovyjarjarantlr4.v4.runtime.atn.BasicBlockStartState                          : loaded 2 times (x 90B)
Class org.apache.groovy.parser.antlr4.GroovyParser$EqualityExprAltContext             : loaded 2 times (x 166B)
Class org.apache.groovy.parser.antlr4.GroovyParserBaseVisitor                         : loaded 2 times (x 478B)
Class org.codehaus.groovy.ast.stmt.CatchStatement                                     : loaded 2 times (x 114B)
Class org.codehaus.groovy.runtime.typehandling.ShortTypeHandling                      : loaded 2 times (x 71B)
Class groovy.lang.ExpandoMetaClass$Callable                                           : loaded 2 times (x 70B)
Class org.codehaus.groovy.runtime.metaclass.MissingPropertyExceptionNoStack           : loaded 2 times (x 89B)
Class groovy.lang.ObjectRange                                                         : loaded 2 times (x 244B)
Class com.google.common.base.Suppliers                                                : loaded 2 times (x 71B)
Class org.jetbrains.kotlin.parsing.DoNotBindAnything                                  : loaded 2 times (x 76B)
Class org.jetbrains.kotlin.parsing.KotlinParsing$AnnotationParsingMode                : loaded 2 times (x 79B)
Class [Lcom.google.common.cache.CacheBuilder$OneWeigher;                              : loaded 2 times (x 69B)
Class org.jetbrains.kotlin.psi.KtCallExpression                                       : loaded 2 times (x 571B)
Class org.jetbrains.kotlin.KtNodeType$KtLeftBoundNodeType                             : loaded 2 times (x 76B)
Class org.jetbrains.kotlin.psi.KtWhileExpressionBase                                  : loaded 2 times (x 441B)
Class org.jetbrains.kotlin.fir.extensions.FirExtensionRegistrarAdapter                : loaded 2 times (x 71B)
Class org.objectweb.asm.MethodTooLargeException                                       : loaded 2 times (x 83B)
Class org.jetbrains.kotlin.gradle.internal.properties.PropertiesBuildService$MemoizedCallable$value$2: loaded 2 times (x 79B)
Class org.jetbrains.kotlin.config.AnalysisFlag$Delegates$ApiModeDisabledByDefault     : loaded 2 times (x 71B)
Class org.jetbrains.kotlin.psi.KtEscapeStringTemplateEntry                            : loaded 2 times (x 447B)
Class org.jetbrains.kotlin.psi.KotlinStringLiteralTextEscaper                         : loaded 2 times (x 76B)
Class org.jetbrains.kotlin.psi.KtContextReceiver                                      : loaded 2 times (x 445B)
Class [Lorg.jetbrains.kotlin.psi.KtQualifiedExpression;                               : loaded 2 times (x 69B)
Class org.jetbrains.kotlin.lexer.KtSingleValueToken                                   : loaded 2 times (x 77B)
Class [Lorg.jetbrains.kotlin.psi.KtClass;                                             : loaded 2 times (x 69B)
Class kotlinx.coroutines.CompletionStateKt                                            : loaded 2 times (x 71B)
Class [Lorg.jetbrains.kotlin.statistics.ValueAnonymizer;                              : loaded 2 times (x 69B)
Class org.jetbrains.kotlin.config.LanguageVersionSettingsImpl                         : loaded 2 times (x 83B)
Class com.android.prefs.LocationValue                                                 : loaded 2 times (x 70B)
Class org.jetbrains.kotlin.gradle.plugin.KotlinGradleBuildServices                    : loaded 2 times (x 80B)
Class org.jetbrains.kotlin.gradle.targets.native.toolchain.KotlinNativeBundleBuildService: loaded 2 times (x 77B)
Class org.jetbrains.kotlin.gradle.targets.native.toolchain.KotlinNativeBundleBuildService$Parameters: loaded 2 times (x 70B)
Class org.jetbrains.kotlin.gradle.tasks.DefaultKotlinJavaToolchain                    : loaded 2 times (x 77B)
Class com.google.common.collect.ImmutableMultimap                                     : loaded 2 times (x 147B)
Class [Lorg.jetbrains.kotlin.daemon.common.CompilerMode;                              : loaded 2 times (x 69B)
Class org.jetbrains.kotlin.buildtools.api.internal.KotlinCompilerVersionKt            : loaded 2 times (x 71B)
Class org.jetbrains.kotlin.com.google.common.cache.LocalCache$1                       : loaded 2 times (x 89B)
Class com.google.common.base.Predicates                                               : loaded 2 times (x 71B)
Class org.jetbrains.kotlin.gradle.plugin.diagnostics.CheckKotlinGradlePluginConfigurationErrorsKt$locateOrRegisterCheckKotlinGradlePluginErrorsTask$taskProvider$1$2: loaded 2 times (x 75B)
Class org.jetbrains.kotlin.gradle.tasks.CompileUsingKotlinDaemon                      : loaded 2 times (x 70B)
Class org.jetbrains.kotlin.gradle.plugin.mpp.KotlinWithJavaTarget                     : loaded 2 times (x 160B)
Class org.jetbrains.kotlin.gradle.utils.StoredPropertyKt$extrasStoredProperty$1       : loaded 2 times (x 78B)
Class org.jetbrains.kotlin.gradle.internal.abi.AbiFiltersSpecImplKt                   : loaded 2 times (x 71B)
Class org.jetbrains.kotlin.gradle.plugin.mpp.compilationImpl.KotlinCreateNativeCompileTasksSideEffectKt$special$$inlined$KotlinCompilationSideEffect$1: loaded 2 times (x 74B)
Class org.jetbrains.kotlin.gradle.targets.KotlinTargetSideEffect$Companion            : loaded 2 times (x 71B)
Class org.jetbrains.kotlin.gradle.dsl.KotlinSingleJavaTargetExtension                 : loaded 2 times (x 124B)
Class org.jetbrains.kotlin.gradle.plugin.KotlinPluginLifecycle$IllegalLifecycleException: loaded 2 times (x 82B)
Class org.jetbrains.kotlin.gradle.internal.properties.NativePropertiesLoader$userProvidedNativeHome$1: loaded 2 times (x 75B)
Class org.jetbrains.kotlin.gradle.plugin.KotlinGradleFinishBuildHandler               : loaded 2 times (x 72B)
Class [Lorg.jetbrains.kotlin.build.report.metrics.BuildPerformanceMetric;             : loaded 2 times (x 69B)
Class org.jetbrains.kotlin.statistics.metrics.StringOverridePolicy$CONCAT             : loaded 2 times (x 85B)
Class org.jetbrains.kotlin.gradle.dsl.KotlinTopLevelExtension                         : loaded 2 times (x 70B)
Class org.jetbrains.kotlin.resolve.jvm.annotations.JvmAnnotationUtilKt                : loaded 2 times (x 71B)
Class com.android.ide.common.rendering.api.ArrayResourceValueImpl                     : loaded 2 times (x 123B)
Class org.jetbrains.kotlin.resolve.calls.inference.model.FixVariableConstraintPosition: loaded 2 times (x 72B)
Class org.jetbrains.kotlin.diagnostics.PositioningStrategies$TYPEALIAS_TYPE_REFERENCE$1: loaded 2 times (x 74B)
Class org.jetbrains.kotlin.types.model.TypeVariableTypeConstructorMarker              : loaded 2 times (x 70B)
Class com.android.tools.analytics.AnalyticsSettingsData$DataTypeAdapter               : loaded 2 times (x 73B)
Class org.codehaus.groovy.vmplugin.v8.Java8$1                                         : loaded 2 times (x 71B)
Class org.jetbrains.kotlin.gradle.tasks.DefaultKotlinJavaToolchain$Companion          : loaded 2 times (x 71B)
Class org.codehaus.groovy.ast.InterfaceHelperClassNode                                : loaded 2 times (x 250B)
Class org.jetbrains.kotlin.gradle.plugin.sources.DefaultKotlinSourceSet$MetadataDependencyTransformation: loaded 2 times (x 72B)
Class org.jetbrains.kotlin.gradle.internal.abi.ConfigsKt$configureLegacyTasks$1       : loaded 2 times (x 75B)
Class [Lorg.codehaus.groovy.runtime.memoize.EvictableCache$EvictionStrategy;          : loaded 2 times (x 69B)
Class groovyjarjarantlr4.v4.runtime.misc.MurmurHash                                   : loaded 2 times (x 71B)
Class org.jetbrains.kotlin.resolve.ImportPath                                         : loaded 2 times (x 72B)
Class org.jetbrains.kotlin.container.UnresolvedServiceException                       : loaded 2 times (x 82B)
Class org.jetbrains.kotlin.gradle.plugin.KotlinPluginLifecycle$ProjectConfigurationResult$Failure: loaded 2 times (x 72B)
Class com.google.common.collect.MapMakerInternalMap$StrongKeyDummyValueEntry$LinkedStrongKeyDummyValueEntry: loaded 2 times (x 82B)
Class org.jetbrains.kotlin.parsing.Consumer                                           : loaded 2 times (x 70B)
Class org.jetbrains.kotlin.gradle.internal.ParentClassLoaderProvider                  : loaded 2 times (x 70B)
Class org.jetbrains.kotlin.com.google.common.base.Ticker                              : loaded 2 times (x 72B)
Class org.jetbrains.kotlin.com.google.common.util.concurrent.ExecutionError           : loaded 2 times (x 82B)
Class org.jetbrains.kotlin.daemon.common.OptionsGroup                                 : loaded 2 times (x 70B)
Class org.jetbrains.kotlin.serialization.deserialization.DeserializationConfiguration : loaded 2 times (x 70B)
Class org.jetbrains.kotlin.psi.stubs.KotlinConstantExpressionStub                     : loaded 2 times (x 70B)
Class org.jetbrains.kotlin.psi.KtImportAlias                                          : loaded 2 times (x 562B)
Class [Lorg.jetbrains.kotlin.psi.KtTypeParameter;                                     : loaded 2 times (x 69B)
Class kotlin.jvm.internal.markers.KMutableListIterator                                : loaded 2 times (x 70B)
Class kotlinx.coroutines.CoroutineDispatcher$Key$1                                    : loaded 2 times (x 78B)
Class kotlinx.coroutines.CoroutineDispatcher                                          : loaded 2 times (x 99B)
Class org.jetbrains.kotlin.daemon.common.IncrementalCompilationOptions                : loaded 2 times (x 73B)
Class com.google.gson.JsonParseException                                              : loaded 2 times (x 82B)
Class com.android.tools.lint.model.DefaultLintModelJavaLibrary                        : loaded 2 times (x 103B)
Class com.android.prefs.PathLocator                                                   : loaded 2 times (x 73B)
Class org.jetbrains.kotlin.buildtools.internal.CompilationServiceProxy                : loaded 2 times (x 82B)
Class org.apache.commons.io.output.AbstractByteArrayOutputStream                      : loaded 2 times (x 102B)
Class org.jetbrains.kotlin.com.google.common.cache.LocalCache$SoftValueReference      : loaded 2 times (x 97B)
Class org.jetbrains.kotlin.com.google.common.cache.LocalCache$LoadingValueReference   : loaded 2 times (x 96B)
Class org.jetbrains.kotlin.com.google.common.cache.LocalCache$2                       : loaded 2 times (x 142B)
Class com.google.common.hash.Hashing                                                  : loaded 2 times (x 71B)
Class org.jetbrains.kotlin.gradle.plugin.diagnostics.CheckKotlinGradlePluginConfigurationErrorsKt$locateOrRegisterCheckKotlinGradlePluginErrorsTask$taskProvider$1$3: loaded 2 times (x 75B)
Class org.jetbrains.kotlin.gradle.plugin.ProjectLocalConfigurationsKt                 : loaded 2 times (x 71B)
Class org.jetbrains.kotlin.gradle.plugin.mpp.compilationImpl.factory.KotlinCompilationImplFactory: loaded 2 times (x 72B)
Class org.jetbrains.kotlin.gradle.internal.abi.ConfigsKt$configureLegacyTasks$dumpTaskProvider$1: loaded 2 times (x 75B)
Class org.jetbrains.kotlin.gradle.internal.KotlinDomApiDependencyManagementKt$addKotlinDomApiDependency$1: loaded 2 times (x 75B)
Class org.jetbrains.kotlin.gradle.plugin.diagnostics.checkers.KotlinTargetAlreadyDeclaredChecker$runChecks$1: loaded 2 times (x 88B)
Class org.jetbrains.kotlin.gradle.plugin.mpp.KotlinTargetWithBinaries                 : loaded 2 times (x 157B)
Class [Lorg.jetbrains.kotlin.gradle.plugin.KotlinSourceSet;                           : loaded 2 times (x 69B)
Class org.jetbrains.kotlin.gradle.plugin.diagnostics.checkers.JsEnvironmentChecker$1  : loaded 2 times (x 78B)
Class org.jetbrains.kotlin.gradle.plugin.diagnostics.KotlinToolingDiagnostics$JsLikeEnvironmentNotChosenExplicitly: loaded 2 times (x 73B)
Class org.jetbrains.kotlin.gradle.utils.StoredLazyProperty$getValue$1                 : loaded 2 times (x 79B)
Class org.jetbrains.kotlin.statistics.metrics.IMetricContainerFactory                 : loaded 2 times (x 70B)
Class org.jetbrains.kotlin.statistics.MetricValueValidationFailed                     : loaded 2 times (x 82B)
Class org.jetbrains.kotlin.gradle.plugin.PropertiesProvider$localProperties$2         : loaded 2 times (x 79B)
Class com.google.common.cache.CacheBuilder$OneWeigher                                 : loaded 2 times (x 82B)
Class org.jetbrains.kotlin.config.JvmTarget$Companion                                 : loaded 2 times (x 71B)
Class com.android.tools.lint.model.LintModelModule                                    : loaded 2 times (x 70B)
Class com.google.gson.JsonSyntaxException                                             : loaded 2 times (x 82B)
Class kotlinx.coroutines.EventLoopImplPlatform                                        : loaded 2 times (x 107B)
Class org.jetbrains.kotlin.load.java.structure.impl.JavaFieldImpl                     : loaded 2 times (x 130B)
Class org.jetbrains.kotlin.resolve.calls.inference.model.SimpleConstraintSystemConstraintPosition: loaded 2 times (x 71B)
Class com.android.Version                                                             : loaded 2 times (x 71B)
Class kotlinx.coroutines.scheduling.SchedulerTimeSource                               : loaded 2 times (x 72B)
Class org.codehaus.groovy.classgen.Verifier$DefaultArgsAction                         : loaded 2 times (x 70B)
Class [Lgroovyjarjarantlr4.v4.runtime.atn.ATNState;                                   : loaded 2 times (x 69B)
Class org.apache.groovy.parser.antlr4.AbstractLexer                                   : loaded 2 times (x 171B)
Class groovyjarjarantlr4.v4.runtime.CharStreams                                       : loaded 2 times (x 79B)
Class org.apache.groovy.parser.antlr4.GroovyParser$ShiftExprAltContext                : loaded 2 times (x 167B)
Class org.apache.groovy.parser.antlr4.GroovyParser$NewPrmrAltContext                  : loaded 2 times (x 160B)
Class org.apache.groovy.parser.antlr4.GroovyParser$KeywordsContext                    : loaded 2 times (x 207B)
Class org.apache.groovy.parser.antlr4.GroovyParser$MapContext                         : loaded 2 times (x 161B)
Class org.apache.groovy.parser.antlr4.GroovyParser$ContinueStatementContext           : loaded 2 times (x 158B)
Class org.jetbrains.kotlin.types.model.TypeSystemCommonSuperTypesContext              : loaded 2 times (x 70B)
Class [Lgroovy.lang.MetaMethod;                                                       : loaded 2 times (x 69B)
Class [Lcom.android.resources.ScreenSize;                                             : loaded 2 times (x 69B)
Class com.android.ide.common.resources.configuration.KeyboardStateQualifier           : loaded 2 times (x 90B)
Class com.android.ide.common.resources.configuration.ScreenRoundQualifier             : loaded 2 times (x 91B)
Class com.android.builder.model.MavenCoordinates                                      : loaded 2 times (x 70B)
Class org.jetbrains.kotlin.builtins.functions.FunctionTypeKind$Function               : loaded 2 times (x 77B)
Class org.jetbrains.kotlin.psi.KtWhenEntry                                            : loaded 2 times (x 383B)
Class org.jetbrains.kotlin.asJava.KotlinAsJavaSupportBase                             : loaded 2 times (x 104B)
Class kotlinx.coroutines.scheduling.CoroutineScheduler                                : loaded 2 times (x 81B)
Class kotlin.io.LinesSequence                                                         : loaded 2 times (x 75B)
Class [Lorg.jetbrains.kotlin.psi.KtFunction;                                          : loaded 2 times (x 69B)
Class org.jetbrains.kotlin.psi.KtTypeParameterListOwnerStub                           : loaded 2 times (x 998B)
Class kotlin.reflect.jvm.internal.KDeclarationContainerImpl$Companion                 : loaded 2 times (x 71B)
Class com.android.tools.lint.model.LintModelLibraryResolver                           : loaded 2 times (x 70B)
Class kotlin.text.MatchResult$DefaultImpls                                            : loaded 2 times (x 71B)
Class com.android.tools.lint.model.LintModelSerialization$LintModelSerializationAdapter: loaded 2 times (x 70B)
Class com.android.sdklib.AndroidVersion                                               : loaded 2 times (x 75B)
Class org.jetbrains.kotlin.incremental.storage.InlineFunctionExternalizer             : loaded 2 times (x 75B)
Class [Lkotlin.reflect.KClass;                                                        : loaded 2 times (x 69B)
Class org.jetbrains.kotlin.buildtools.internal.ClasspathEntrySnapshotImpl             : loaded 2 times (x 76B)
Class com.google.common.collect.Maps$EntryFunction                                    : loaded 2 times (x 91B)
Class com.google.common.reflect.Types$ClassOwnership$1LocalClass                      : loaded 2 times (x 71B)
Class com.google.common.primitives.UnsignedInts                                       : loaded 2 times (x 71B)
Class org.jetbrains.kotlin.daemon.common.OSKind$Companion                             : loaded 2 times (x 71B)
Class org.jetbrains.kotlin.daemon.common.PropMapper                                   : loaded 2 times (x 74B)
Class org.jetbrains.kotlin.com.google.common.util.concurrent.AbstractFuture$TrustedFuture: loaded 2 times (x 114B)
Class org.jetbrains.kotlin.com.google.common.cache.LocalCache$AbstractReferenceEntry  : loaded 2 times (x 107B)
Class com.google.common.collect.ImmutableSortedMap                                    : loaded 2 times (x 217B)
Class com.google.common.collect.TreeMultimap                                          : loaded 2 times (x 228B)
Class org.jetbrains.kotlin.gradle.plugin.mpp.compilationImpl.DefaultKotlinCompilationFriendPathsResolver$resolveFriendPaths$1$1: loaded 2 times (x 79B)
Class org.jetbrains.kotlin.build.report.metrics.BuildMetricsReporterImpl              : loaded 2 times (x 100B)
Class org.jetbrains.kotlin.gradle.plugin.diagnostics.CheckKotlinGradlePluginConfigurationErrorsKt$locateOrRegisterCheckKotlinGradlePluginErrorsTask$taskProvider$1$4: loaded 2 times (x 74B)
Class org.jetbrains.kotlin.gradle.tasks.configuration.KaptGenerateStubsConfig         : loaded 2 times (x 72B)
Class org.jetbrains.kotlin.gradle.targets.js.npm.SemVer                               : loaded 2 times (x 75B)
Class org.jetbrains.kotlin.gradle.internal.properties.NativePropertiesLoader$konanDataDirProperty$1$1: loaded 2 times (x 74B)
Class org.jetbrains.kotlin.gradle.plugin.diagnostics.checkers.JsEnvironmentChecker$2  : loaded 2 times (x 78B)
Class org.jetbrains.kotlin.gradle.utils.WhenPluginEnabledKt$whenPluginsEnabled$1      : loaded 2 times (x 75B)
Class org.jetbrains.kotlin.gradle.plugin.statistics.BuildFinishFlowProviderManager$subscribeForBuildResults$1$1: loaded 2 times (x 74B)
Class org.jetbrains.kotlin.gradle.tasks.AbstractKotlinCompileTool                     : loaded 2 times (x 366B)
Class org.jetbrains.kotlin.gradle.internal.report.BuildScanApi                        : loaded 2 times (x 70B)
Class org.jetbrains.kotlin.gradle.plugin.statistics.FlowActionBuildFusService$Companion$registerIfAbsentImpl$1$1: loaded 2 times (x 74B)
Class [Lorg.jetbrains.kotlin.gradle.report.BuildReportType;                           : loaded 2 times (x 69B)
Class org.jetbrains.kotlin.gradle.plugin.statistics.KotlinBuildStatsConfiguration     : loaded 2 times (x 72B)
Class org.jetbrains.kotlin.gradle.internal.properties.PropertiesBuildService$localProperties$2: loaded 2 times (x 79B)
Class org.gradle.internal.classloader.ClasspathUtil                                   : loaded 2 times (x 71B)
Class androidx.annotation.experimental.lint.ExperimentalDetector                      : loaded 2 times (x 171B)
Class com.android.tools.lint.model.DefaultLintModelModuleLibrary                      : loaded 2 times (x 93B)
Class org.jetbrains.kotlin.resolve.calls.results.FlatSignature$Companion              : loaded 2 times (x 71B)
Class kotlin.reflect.jvm.internal.KPropertyImpl$$Lambda$0                             : loaded 2 times (x 76B)
Class org.jetbrains.kotlin.resolve.calls.tasks.ExplicitReceiverKind                   : loaded 2 times (x 79B)
Class org.codehaus.groovy.classgen.asm.MopWriter$MopKey                               : loaded 2 times (x 72B)
Class kotlin.reflect.jvm.internal.impl.name.FqName                                    : loaded 2 times (x 72B)
Class org.jetbrains.kotlin.psi.stubs.elements.KtPropertyElementType                   : loaded 2 times (x 104B)
Class [Lorg.jetbrains.kotlin.psi.KtBackingField;                                      : loaded 2 times (x 69B)
Class org.codehaus.groovy.ast.tools.GeneralUtils$1                                    : loaded 2 times (x 128B)
Class [Lorg.jetbrains.kotlin.resolve.jvm.diagnostics.JvmDeclarationOriginKind;        : loaded 2 times (x 69B)
Class org.apache.groovy.parser.antlr4.internal.atnmanager.AtnManager$AtnWrapper       : loaded 2 times (x 73B)
Class groovyjarjarantlr4.v4.runtime.Recognizer                                        : loaded 2 times (x 95B)
Class org.apache.groovy.parser.antlr4.GroovyParser$CommandExprAltContext              : loaded 2 times (x 158B)
Class org.apache.groovy.parser.antlr4.GroovyParser$StatementContext                   : loaded 2 times (x 157B)
Class org.codehaus.groovy.ast.expr.MethodReferenceExpression                          : loaded 2 times (x 131B)
Class org.jetbrains.kotlin.resolve.checkers.SuspendLimitationsChecker                 : loaded 2 times (x 74B)
Class org.codehaus.groovy.runtime.NumberAwareComparator                               : loaded 2 times (x 90B)
Class groovy.lang.ListWithDefault                                                     : loaded 2 times (x 175B)
Class [Lorg.codehaus.groovy.util.ReferenceType;                                       : loaded 2 times (x 69B)
Class [Lcom.android.resources.Navigation;                                             : loaded 2 times (x 69B)
Class org.objectweb.asm.tree.MethodNode                                               : loaded 2 times (x 110B)
Class org.jetbrains.kotlin.metadata.ProtoBuf$PackageFragment                          : loaded 2 times (x 125B)
Class org.jetbrains.kotlin.resolve.jvm.KotlinJavaPsiFacade$KotlinPsiElementFinderWrapper: loaded 2 times (x 70B)
Class [Lorg.jetbrains.kotlin.metadata.ProtoBuf$QualifiedNameTable$QualifiedName$Kind; : loaded 2 times (x 69B)
Class [Lorg.jetbrains.kotlin.psi.KtScript;                                            : loaded 2 times (x 69B)
Class org.jetbrains.kotlin.load.kotlin.VirtualFileFinderFactory                       : loaded 2 times (x 70B)
Class org.jetbrains.kotlin.psi.KtContractEffectList                                   : loaded 2 times (x 445B)
Class [Lorg.jetbrains.kotlin.psi.KtNamed;                                             : loaded 2 times (x 69B)
Class kotlin.jvm.internal.PropertyReference0                                          : loaded 2 times (x 127B)
Class kotlin.collections.builders.SetBuilder                                          : loaded 2 times (x 143B)
Class kotlinx.coroutines.NonDisposableHandle                                          : loaded 2 times (x 78B)
Class kotlin.sequences.EmptySequence                                                  : loaded 2 times (x 78B)
Class it.unimi.dsi.fastutil.Hash                                                      : loaded 2 times (x 70B)
Class org.jetbrains.kotlin.inline.InlineUtilKt$WhenMappings                           : loaded 2 times (x 71B)
Class org.jetbrains.kotlin.psi.KtWhenEntryGuard                                       : loaded 2 times (x 376B)
Class org.jetbrains.kotlin.cli.common.arguments.ParseCommandLineArgumentsKt           : loaded 2 times (x 71B)
Class org.jetbrains.kotlin.gradle.dsl.KotlinCommonCompilerOptionsExtensionsKt$usesK2$1: loaded 2 times (x 74B)
Class com.google.common.collect.ComparisonChain                                       : loaded 2 times (x 80B)
Class org.jetbrains.kotlin.gradle.plugin.diagnostics.CheckKotlinGradlePluginConfigurationErrorsKt$locateOrRegisterCheckKotlinGradlePluginErrorsTask$taskProvider$1$5: loaded 2 times (x 74B)
Class org.jetbrains.kotlin.gradle.plugin.abi.JvmOrAndroidKt                           : loaded 2 times (x 71B)
Class org.jetbrains.kotlin.gradle.dsl.KotlinCompile                                   : loaded 2 times (x 70B)
Class org.jetbrains.kotlin.gradle.plugin.mpp.compilationImpl.DefaultKotlinCompilationFriendPathsResolver$DefaultFriendArtifactResolver: loaded 2 times (x 74B)
Class org.jetbrains.kotlin.gradle.internal.abi.AbiFiltersSpecImpl_Decorated           : loaded 2 times (x 136B)
Class org.jetbrains.kotlin.gradle.plugin.diagnostics.checkers.InternalGradlePropertiesUsageChecker$runChecks$1: loaded 2 times (x 88B)
Class org.jetbrains.kotlin.gradle.utils.StringUtilsKt$lowerCamelCaseName$1            : loaded 2 times (x 125B)
Class org.jetbrains.kotlin.gradle.plugin.diagnostics.checkers.JsEnvironmentChecker$3  : loaded 2 times (x 78B)
Class org.jetbrains.kotlin.gradle.dsl.JvmTarget$Companion                             : loaded 2 times (x 71B)
Class org.jetbrains.kotlin.gradle.plugin.statistics.BuildFinishBuildService$Inject    : loaded 2 times (x 100B)
Class org.jetbrains.kotlin.gradle.internal.properties.NativePropertiesLoader$downloadFromMaven$1: loaded 2 times (x 75B)
Class org.jetbrains.kotlin.gradle.plugin.internal.DefaultConfigurationCacheStartParameterAccessor_Decorated: loaded 2 times (x 125B)
Class org.jetbrains.kotlin.gradle.plugin.internal.DefaultConfigurationCacheStartParameterAccessor: loaded 2 times (x 77B)
Class org.jetbrains.kotlin.tooling.core.HasExtras                                     : loaded 2 times (x 70B)
Class com.google.common.util.concurrent.Uninterruptibles                              : loaded 2 times (x 71B)
Class androidx.annotation.experimental.lint.AnnotationRetentionDetector$Companion     : loaded 2 times (x 71B)
Class org.jetbrains.kotlin.parsing.KotlinParser                                       : loaded 2 times (x 75B)
Class com.google.common.collect.HashBasedTable$Factory                                : loaded 2 times (x 79B)
Class org.jetbrains.kotlin.diagnostics.PositioningStrategies$FIELD_KEYWORD$1          : loaded 2 times (x 74B)
Class org.jetbrains.kotlin.diagnostics.PositioningStrategies$DECLARATION_RETURN_TYPE$1: loaded 2 times (x 74B)
Class org.jetbrains.kotlin.resolve.calls.tower.CandidateApplicabilityKt               : loaded 2 times (x 71B)
Class org.jetbrains.kotlin.serialization.deserialization.ValueClassUtilKt             : loaded 2 times (x 71B)
Class org.codehaus.groovy.classgen.asm.util.LoggableClassVisitor                      : loaded 2 times (x 88B)
Class com.android.ide.common.resources.configuration.LayoutDirectionQualifier         : loaded 2 times (x 91B)
Class org.codehaus.groovy.ast.tools.GenericsUtils                                     : loaded 2 times (x 71B)
Class groovyjarjarantlr4.v4.runtime.dfa.DFAState$PredPrediction                       : loaded 2 times (x 72B)
Class groovyjarjarantlr4.v4.runtime.atn.ATNDeserializer                               : loaded 2 times (x 81B)
Class org.apache.groovy.parser.antlr4.GroovyLangLexer                                 : loaded 2 times (x 177B)
Class org.codehaus.groovy.ast.expr.NotExpression                                      : loaded 2 times (x 129B)
Class org.jetbrains.kotlin.mpp.FunctionSymbolMarker                                   : loaded 2 times (x 70B)
Class org.codehaus.groovy.control.messages.LocatedMessage                             : loaded 2 times (x 75B)
Class org.codehaus.groovy.control.ConfigurationException                              : loaded 2 times (x 88B)
Class org.codehaus.groovy.util.Finalizable                                            : loaded 2 times (x 70B)
Class groovy.lang.GroovyClassLoader$1                                                 : loaded 2 times (x 76B)
Class org.codehaus.groovy.control.CompilationUnit$PhaseOperation                      : loaded 2 times (x 70B)
Class org.codehaus.groovy.ast.ClassCodeVisitorSupport                                 : loaded 2 times (x 211B)
Class org.codehaus.groovy.runtime.dgmimpl.NumberNumberMetaMethod                      : loaded 2 times (x 114B)
Class groovy.io.FileType                                                              : loaded 2 times (x 79B)
Class org.codehaus.groovy.runtime.m12n.ExtensionModuleScanner$ExtensionModuleListener : loaded 2 times (x 70B)
Class kotlin.sequences.DistinctSequence                                               : loaded 2 times (x 75B)
Class org.jetbrains.kotlin.psi.KtCodeFragmentBase                                     : loaded 2 times (x 70B)
Class org.codehaus.groovy.util.ReferenceBundle                                        : loaded 2 times (x 74B)
Class org.jetbrains.kotlin.metadata.ProtoBuf$PackageFragment$1                        : loaded 2 times (x 144B)
Class org.jetbrains.kotlin.psi.KtVisitor                                              : loaded 2 times (x 192B)
Class groovy.lang.GroovyRuntimeException                                              : loaded 2 times (x 87B)
Class [Lorg.jetbrains.kotlin.psi.KtAnnotationUseSiteTarget;                           : loaded 2 times (x 69B)
Class org.jetbrains.kotlin.psi.KtClassInitializer                                     : loaded 2 times (x 786B)
Class kotlin.reflect.jvm.internal.impl.builtins.functions.FunctionTypeKind$KSuspendFunction: loaded 2 times (x 72B)
Class kotlin.reflect.jvm.internal.KClassImpl$$Lambda$0                                : loaded 2 times (x 76B)
Class org.jetbrains.kotlin.types.model.TypeConstructorMarker                          : loaded 2 times (x 70B)
Class kotlin.reflect.full.IllegalCallableAccessException                              : loaded 2 times (x 82B)
Class kotlin.jvm.internal.PropertyReference1                                          : loaded 2 times (x 127B)
Class it.unimi.dsi.fastutil.ints.IntList                                              : loaded 2 times (x 70B)
Class com.android.tools.lint.model.LintModelNamespacingMode                           : loaded 2 times (x 79B)
Class org.jetbrains.kotlin.cli.jvm.compiler.IdeaStandaloneExecutionSetup              : loaded 2 times (x 71B)
Class com.android.utils.StdLogger                                                     : loaded 2 times (x 86B)
Class org.codehaus.groovy.runtime.metaclass.MultipleSetterProperty                    : loaded 2 times (x 82B)
Class org.jetbrains.kotlin.incremental.storage.IntExternalizer                        : loaded 2 times (x 75B)
Class org.jetbrains.kotlin.resolve.checkers.InfixModifierChecker                      : loaded 2 times (x 74B)
Class org.jetbrains.kotlin.gradle.report.TaskExecutionResult                          : loaded 2 times (x 72B)
Class org.jetbrains.kotlin.statistics.metrics.ConcatMetricContainer$Companion         : loaded 2 times (x 71B)
Class org.jetbrains.kotlin.com.google.common.util.concurrent.internal.InternalFutureFailureAccess: loaded 2 times (x 72B)
Class org.jetbrains.kotlin.com.google.common.cache.RemovalListener                    : loaded 2 times (x 70B)
Class com.google.common.collect.AbstractMapBasedMultimap$WrappedSet                   : loaded 2 times (x 142B)
Class org.jetbrains.kotlin.gradle.plugin.KotlinCompilationInfo$TCS$friendPaths$1      : loaded 2 times (x 79B)
Class org.jetbrains.kotlin.gradle.fus.internal.SynchronizedConfigurationMetrics$add$1 : loaded 2 times (x 79B)
Class org.jetbrains.kotlin.gradle.plugin.sources.DefaultLanguageSettingsBuilder$freeCompilerArgsProvider$1: loaded 2 times (x 95B)
Class org.jetbrains.kotlin.gradle.tasks.abi.KotlinLegacyAbiUpdateTask$Companion       : loaded 2 times (x 71B)
Class org.jetbrains.kotlin.konan.target.HostManager$Companion                         : loaded 2 times (x 71B)
Class org.jetbrains.kotlin.gradle.targets.js.npm.DevNpmDependencyExtension            : loaded 2 times (x 70B)
Class org.jetbrains.kotlin.gradle.plugin.diagnostics.checkers.PreHmppDependenciesUsageChecker: loaded 2 times (x 74B)
Class org.jetbrains.kotlin.gradle.targets.CreateArtifactsSideEffectKt                 : loaded 2 times (x 71B)
Class org.jetbrains.kotlin.gradle.plugin.AbstractKotlinMultiplatformPluginWrapper     : loaded 2 times (x 86B)
Class org.jetbrains.kotlin.gradle.utils.GradleConfigurationUtilsKt$addGradlePluginMetadataAttributes$1: loaded 2 times (x 75B)
Class org.jetbrains.kotlin.gradle.plugin.internal.DefaultProjectIsolationStartParameterAccessor: loaded 2 times (x 77B)
Class org.jetbrains.kotlin.gradle.dsl.KotlinAndroidExtension                          : loaded 2 times (x 70B)
Class com.google.common.util.concurrent.LazyLogger                                    : loaded 2 times (x 72B)
Class org.gradle.api.specs.Spec                                                       : loaded 2 times (x 70B)
Class org.codehaus.groovy.ast.stmt.SynchronizedStatement                              : loaded 2 times (x 114B)
Class com.android.ide.common.rendering.api.StyleResourceValueImpl                     : loaded 2 times (x 119B)
Class org.jetbrains.kotlin.types.TypeCheckerState$SupertypesPolicy$LowerIfFlexible    : loaded 2 times (x 72B)
Class [Lcom.google.protobuf.ProtocolMessageEnum;                                      : loaded 2 times (x 69B)
Class org.codehaus.groovy.classgen.asm.OptimizingStatementWriter$StatementMeta        : loaded 2 times (x 73B)
Class org.codehaus.groovy.ast.stmt.ExpressionStatement                                : loaded 2 times (x 112B)
Class org.codehaus.groovy.ast.tools.GenericsUtils$1                                   : loaded 2 times (x 236B)
Class org.apache.groovy.parser.antlr4.GroovyParser$ElementValuePairContext            : loaded 2 times (x 161B)
Class org.jetbrains.kotlin.resolve.calls.model.ResolvedCall                           : loaded 2 times (x 70B)
Class org.jetbrains.kotlin.name.CallableId                                            : loaded 2 times (x 72B)
Class [Lgroovyjarjarantlr4.v4.runtime.atn.ATNType;                                    : loaded 2 times (x 69B)
Class groovyjarjarantlr4.v4.runtime.CodePointBuffer$1                                 : loaded 2 times (x 71B)
Class org.codehaus.groovy.ast.expr.AttributeExpression                                : loaded 2 times (x 140B)
Class org.codehaus.groovy.ast.expr.MapEntryExpression                                 : loaded 2 times (x 131B)
Class org.apache.groovy.parser.antlr4.GroovyParser$TypeArgumentContext                : loaded 2 times (x 162B)
Class groovy.lang.Tuple10                                                             : loaded 2 times (x 206B)
Class org.codehaus.groovy.runtime.memoize.StampedCommonCache                          : loaded 2 times (x 154B)
Class org.jetbrains.kotlin.resolve.calls.checkers.EqualityCallChecker                 : loaded 2 times (x 74B)
Class org.jetbrains.kotlin.resolve.calls.checkers.CompanionInParenthesesLHSCallChecker: loaded 2 times (x 74B)
Class org.codehaus.groovy.reflection.AccessPermissionChecker                          : loaded 2 times (x 71B)
Class org.codehaus.groovy.runtime.metaclass.MixinInstanceMetaMethod                   : loaded 2 times (x 96B)
Class [Lorg.jetbrains.kotlin.container.ComponentStorageState;                         : loaded 2 times (x 69B)
Class groovy.lang.MetaClass                                                           : loaded 2 times (x 70B)
Class org.codehaus.groovy.reflection.ClassInfo                                        : loaded 2 times (x 92B)
Class com.android.ide.common.resources.configuration.GrammaticalGenderQualifier       : loaded 2 times (x 91B)
Class org.jetbrains.kotlin.psi.KtDotQualifiedExpression$Companion                     : loaded 2 times (x 71B)
Class org.apache.groovy.parser.antlr4.GroovyParser$TypeParameterContext               : loaded 2 times (x 160B)
Class org.jetbrains.kotlin.psi.KtSafeQualifiedExpression                              : loaded 2 times (x 508B)
Class org.jetbrains.kotlin.kdoc.lexer.KDocLexer                                       : loaded 2 times (x 87B)
Class org.jetbrains.kotlin.protobuf.ProtocolStringList                                : loaded 2 times (x 70B)
Class [Lorg.jetbrains.kotlin.psi.KtTypeArgumentList;                                  : loaded 2 times (x 69B)
Class [Lorg.jetbrains.kotlin.psi.KtPackageDirective;                                  : loaded 2 times (x 69B)
Class org.jetbrains.kotlin.psi.stubs.elements.KtImportAliasElementType                : loaded 2 times (x 100B)
Class [Lorg.jetbrains.kotlin.psi.KtAnnotationsContainer;                              : loaded 2 times (x 69B)
Class kotlin.reflect.jvm.internal.CachesKt$$Lambda$0                                  : loaded 2 times (x 75B)
Class kotlin.jvm.internal.MutablePropertyReference                                    : loaded 2 times (x 119B)
Class kotlin.jvm.internal.PropertyReference2                                          : loaded 2 times (x 127B)
Class kotlin.UnsafeLazyImpl                                                           : loaded 2 times (x 76B)
Class kotlin.LazyKt__LazyJVMKt$WhenMappings                                           : loaded 2 times (x 71B)
Class org.apache.groovy.parser.antlr4.GroovyParser$EnumConstantContext                : loaded 2 times (x 160B)
Class com.android.tools.lint.model.LintModelExternalLibrary                           : loaded 2 times (x 70B)
Class org.apache.groovy.parser.antlr4.GroovyParser$LiteralContext                     : loaded 2 times (x 157B)
Class org.apache.groovy.parser.antlr4.GroovyParser$NamedPropertyArgsContext           : loaded 2 times (x 161B)
Class org.jetbrains.kotlin.incremental.storage.MapExternalizer                        : loaded 2 times (x 80B)
Class org.apache.commons.io.file.PathFilter                                           : loaded 2 times (x 70B)
Class com.google.common.reflect.Types$JavaVersion                                     : loaded 2 times (x 83B)
Class com.google.common.hash.Hashing$ChecksumType$1                                   : loaded 2 times (x 88B)
Class org.jetbrains.kotlin.daemon.common.CompilationOptions                           : loaded 2 times (x 72B)
Class org.jetbrains.kotlin.gradle.internal.tasks.TaskWithLocalStateKt                 : loaded 2 times (x 71B)
Class org.jetbrains.kotlin.com.google.common.util.concurrent.AbstractFuture$SetFuture : loaded 2 times (x 75B)
Class com.google.common.collect.AbstractSortedSetMultimap                             : loaded 2 times (x 214B)
Class org.jetbrains.kotlin.gradle.tasks.KotlinCompile$disableMultiModuleIC$2          : loaded 2 times (x 79B)
Class org.jetbrains.kotlin.gradle.tasks.GradleCompileTaskProviderKt                   : loaded 2 times (x 71B)
Class org.jetbrains.kotlin.gradle.plugin.SubpluginEnvironment$Companion               : loaded 2 times (x 71B)
Class org.jetbrains.kotlin.gradle.plugin.mpp.ApplyUserDefinedAttributesKt$UserDefinedAttributesSetupAction$1$1$3: loaded 2 times (x 75B)
Class org.jetbrains.kotlin.gradle.tasks.configuration.BaseKotlinCompileConfig$Companion: loaded 2 times (x 71B)
Class org.jetbrains.kotlin.gradle.plugin.mpp.compilationImpl.KotlinCompilationImpl$Params: loaded 2 times (x 72B)
Class org.jetbrains.kotlin.gradle.plugin.abi.UtilsKt$prepareAbiClasspath$1$1          : loaded 2 times (x 75B)
Class org.jetbrains.kotlin.konan.target.UtilsKt                                       : loaded 2 times (x 71B)
Class org.jetbrains.kotlin.gradle.tooling.BuildKotlinToolingMetadataTask              : loaded 2 times (x 317B)
Class org.jetbrains.kotlin.gradle.plugin.internal.CompatibilityConventionRegistrarKt  : loaded 2 times (x 71B)
Class org.jetbrains.kotlin.gradle.artifacts.KotlinJvmJarArtifactKt                    : loaded 2 times (x 71B)
Class org.jetbrains.kotlin.gradle.plugin.mpp.compilationImpl.CreateCInteropTasksSideEffectKt$special$$inlined$KotlinCompilationSideEffect$1: loaded 2 times (x 74B)
Class org.jetbrains.kotlin.gradle.plugin.statistics.FinalizeConfigurationFusMetricActionKt: loaded 2 times (x 71B)
Class org.jetbrains.kotlin.gradle.tasks.publishing.UploadPgpKeyTask                   : loaded 2 times (x 317B)
Class org.jetbrains.kotlin.gradle.targets.native.toolchain.KotlinNativeBundleBuildService$Companion$registerIfAbsent$2$1: loaded 2 times (x 79B)
Class org.jetbrains.kotlin.build.report.metrics.GradleBuildPerformanceMetric$Companion: loaded 2 times (x 71B)
Class org.jetbrains.kotlin.gradle.plugin.statistics.KotlinBuildStatsBeanService       : loaded 2 times (x 87B)
Class org.jetbrains.kotlin.gradle.plugin.internal.MavenPublicationComponentAccessor$Factory: loaded 2 times (x 70B)
Class org.jetbrains.kotlin.load.java.structure.JavaEnumValueAnnotationArgument        : loaded 2 times (x 70B)
Class org.jetbrains.kotlin.util.EmptyArrayMap$iterator$1                              : loaded 2 times (x 78B)
Class org.jetbrains.kotlin.resolve.calls.inference.components.VariableFixationFinder$WhenMappings: loaded 2 times (x 71B)
Class org.jetbrains.kotlin.diagnostics.PositioningStrategies$UNUSED_VALUE$1           : loaded 2 times (x 74B)
Class com.google.protobuf.UninitializedMessageException                               : loaded 2 times (x 84B)
Class org.apache.groovy.ast.tools.ExpressionUtils                                     : loaded 2 times (x 71B)
Class groovy.transform.SelfType                                                       : loaded 2 times (x 70B)
Class groovyjarjarantlr4.v4.runtime.atn.LexerIndexedCustomAction                      : loaded 2 times (x 77B)
Class org.apache.groovy.parser.antlr4.GroovyParser$ScriptStatementContext             : loaded 2 times (x 160B)
Class org.apache.groovy.parser.antlr4.GroovyParser$GstringPrmrAltContext              : loaded 2 times (x 158B)
Class org.apache.groovy.parser.antlr4.AstBuilder$DeclarationListStatement             : loaded 2 times (x 112B)
Class groovyjarjarantlr4.v4.runtime.tree.ParseTreeVisitor                             : loaded 2 times (x 70B)
Class groovy.lang.Tuple11                                                             : loaded 2 times (x 206B)
Class groovy.lang.Tuple0                                                              : loaded 2 times (x 206B)
Class [Lorg.codehaus.groovy.ast.ASTNode;                                              : loaded 2 times (x 69B)
Class org.jetbrains.kotlin.descriptors.VariableDescriptor                             : loaded 2 times (x 70B)
Class org.jetbrains.kotlin.container.PlatformExtensionsClashResolver$FallbackToDefault: loaded 2 times (x 73B)
Class org.jetbrains.kotlin.resolve.checkers.DataObjectContentChecker                  : loaded 2 times (x 74B)
Class org.jetbrains.kotlin.resolve.checkers.DeprecationInheritanceChecker             : loaded 2 times (x 74B)
Class groovy.lang.EmptyRange                                                          : loaded 2 times (x 242B)
Class org.codehaus.groovy.reflection.stdclasses.IntegerCachedClass                    : loaded 2 times (x 95B)
Class com.android.resources.Keyboard                                                  : loaded 2 times (x 86B)
Class com.android.ide.common.resources.configuration.ScreenWidthQualifier             : loaded 2 times (x 88B)
Class org.jetbrains.kotlin.name.FqNamesUtilKt                                         : loaded 2 times (x 71B)
Class org.jetbrains.kotlin.kdoc.parser.KDocElementType                                : loaded 2 times (x 76B)
Class org.jetbrains.kotlin.builtins.functions.FunctionTypeKindExtractor               : loaded 2 times (x 72B)
Class groovyjarjarantlr4.v4.runtime.atn.LexerATNSimulator                             : loaded 2 times (x 100B)
Class org.jetbrains.kotlin.psi.KtElementImpl                                          : loaded 2 times (x 376B)
Class org.apache.groovy.parser.antlr4.GroovyParser$ClassNameContext                   : loaded 2 times (x 157B)
Class org.jetbrains.kotlin.cli.jvm.index.JvmDependenciesIndexImpl$Cache               : loaded 2 times (x 72B)
Class org.jetbrains.kotlin.psi.KtDelegatedSuperTypeEntry                              : loaded 2 times (x 449B)
Class org.jetbrains.kotlin.psi.KtPrimaryConstructor                                   : loaded 2 times (x 1276B)
Class [Lorg.jetbrains.kotlin.psi.KtModifierListOwner;                                 : loaded 2 times (x 69B)
Class [Lkotlin.reflect.jvm.internal.impl.builtins.jvm.JavaToKotlinClassMap$PlatformMutabilityMapping;: loaded 2 times (x 69B)
Class kotlin.reflect.jvm.internal.CachesKt$$Lambda$1                                  : loaded 2 times (x 75B)
Class kotlin.reflect.full.IllegalPropertyDelegateAccessException                      : loaded 2 times (x 82B)
Class kotlin.LazyThreadSafetyMode                                                     : loaded 2 times (x 79B)
Class kotlinx.coroutines.CoroutineContextKt                                           : loaded 2 times (x 71B)
Class com.android.tools.lint.model.LintModelVariant                                   : loaded 2 times (x 70B)
Class kotlin.jvm.internal.ArrayIterator                                               : loaded 2 times (x 79B)
Class it.unimi.dsi.fastutil.HashCommon                                                : loaded 2 times (x 71B)
Class org.jetbrains.kotlin.incremental.KotlinClassInfo$ExtraInfo                      : loaded 2 times (x 72B)
Class org.jetbrains.kotlin.load.kotlin.FileBasedKotlinClass$4$1                       : loaded 2 times (x 77B)
Class org.jetbrains.kotlin.gradle.plugin.statistics.DaemonReuseCounter                : loaded 2 times (x 76B)
Class com.google.common.collect.Sets$3$1                                              : loaded 2 times (x 82B)
Class com.google.common.hash.Hashing$ChecksumType$2                                   : loaded 2 times (x 88B)
Class org.jetbrains.kotlin.com.google.common.base.Suppliers$SupplierOfInstance        : loaded 2 times (x 79B)
Class org.jetbrains.kotlin.gradle.tasks.configuration.AbstractKotlinCompileConfig$1$1 : loaded 2 times (x 74B)
Class org.jetbrains.kotlin.gradle.tasks.KotlinCompile$kotlinOptions$1                 : loaded 2 times (x 79B)
Class org.jetbrains.kotlin.tooling.core.ExtrasLazyProperty                            : loaded 2 times (x 70B)
Class org.jetbrains.kotlin.gradle.internal.properties.NativeProperties$Companion      : loaded 2 times (x 71B)
Class org.jetbrains.kotlin.gradle.utils.StringUtilsKt                                 : loaded 2 times (x 71B)
Class org.jetbrains.kotlin.gradle.plugin.diagnostics.DiagnosticGroup$Kgp$Misconfiguration: loaded 2 times (x 82B)
Class org.jetbrains.kotlin.gradle.targets.ConfigureBuildSideEffectKt$ConfigureBuildSideEffect$1: loaded 2 times (x 74B)
Class org.jetbrains.kotlin.gradle.utils.CompletableFuture                             : loaded 2 times (x 70B)
Class org.jetbrains.kotlin.build.report.metrics.BuildPerformanceMetric                : loaded 2 times (x 70B)
Class [Lorg.jetbrains.kotlin.statistics.metrics.StringOverridePolicy;                 : loaded 2 times (x 69B)
Class org.jetbrains.kotlin.gradle.plugin.internal.JavaExecTaskParametersCompatibility : loaded 2 times (x 70B)
Class com.google.common.cache.LocalCache$LoadingValueReference                        : loaded 2 times (x 96B)
Class org.jetbrains.kotlin.load.java.typeEnhancement.AbstractSignatureParts           : loaded 2 times (x 90B)
Class com.google.protobuf.GeneratedMessageV3$BuilderParent                            : loaded 2 times (x 70B)
Class org.jetbrains.kotlin.resolve.calls.inference.components.TypeVariableDirectionCalculator$ResolveDirection: loaded 2 times (x 79B)
Class org.jetbrains.kotlin.diagnostics.KtDiagnostic                                   : loaded 2 times (x 83B)
Class com.google.protobuf.GeneratedMessageV3$1                                        : loaded 2 times (x 78B)
Class org.codehaus.groovy.classgen.asm.indy.IndyCallSiteWriter                        : loaded 2 times (x 85B)
Class groovyjarjarasm.asm.MethodVisitor                                               : loaded 2 times (x 105B)
Class org.codehaus.groovy.ast.tools.ClosureUtils                                      : loaded 2 times (x 71B)
Class groovyjarjarantlr4.v4.runtime.atn.ATNConfig$ActionSemanticContextATNConfig      : loaded 2 times (x 85B)
Class groovyjarjarantlr4.v4.runtime.atn.SingletonPredictionContext                    : loaded 2 times (x 85B)
Class groovyjarjarantlr4.v4.runtime.atn.Transition                                    : loaded 2 times (x 76B)
Class org.apache.groovy.parser.antlr4.SyntaxErrorReportable                           : loaded 2 times (x 70B)
Class org.apache.groovy.parser.antlr4.GroovyParser$ClassOrInterfaceModifierContext    : loaded 2 times (x 165B)
Class org.apache.groovy.parser.antlr4.GroovySyntaxError                               : loaded 2 times (x 85B)
Class org.codehaus.groovy.ast.EnumConstantClassNode                                   : loaded 2 times (x 248B)
Class groovy.lang.Tuple12                                                             : loaded 2 times (x 206B)
Class groovy.lang.Tuple1                                                              : loaded 2 times (x 206B)
Class org.codehaus.groovy.GroovyException                                             : loaded 2 times (x 88B)
Class org.codehaus.groovy.runtime.ScriptBytecodeAdapter                               : loaded 2 times (x 71B)
Class kotlin.jvm.internal.SpreadBuilder                                               : loaded 2 times (x 76B)
Class org.jetbrains.kotlin.resolve.checkers.ActualTypealiasToSpecialAnnotationChecker : loaded 2 times (x 74B)
Class org.codehaus.groovy.runtime.callsite.CallSiteArray                              : loaded 2 times (x 72B)
Class org.codehaus.groovy.runtime.typehandling.GroovyCastException                    : loaded 2 times (x 82B)
Class org.codehaus.groovy.runtime.DefaultGroovyMethods                                : loaded 2 times (x 71B)
Class groovy.lang.StringWriterIOException                                             : loaded 2 times (x 83B)
Class groovy.lang.GroovySystem                                                        : loaded 2 times (x 71B)
Class com.android.resources.WideGamutColor                                            : loaded 2 times (x 86B)
Class com.android.ide.common.resources.configuration.ScreenSizeQualifier              : loaded 2 times (x 92B)
Class com.android.utils.PositionXmlParser$DomBuilder                                  : loaded 2 times (x 148B)
Class org.jetbrains.kotlin.psi.KtWhenConditionIsPattern                               : loaded 2 times (x 378B)
Class com.google.protobuf.Internal$IntList                                            : loaded 2 times (x 70B)
Class [Lorg.jetbrains.kotlin.psi.KtTypeReference;                                     : loaded 2 times (x 69B)
Class [Lorg.jetbrains.kotlin.psi.KtImportInfo;                                        : loaded 2 times (x 69B)
Class org.jetbrains.kotlin.psi.stubs.elements.KtContractEffectListElementType         : loaded 2 times (x 103B)
Class kotlin.reflect.jvm.internal.CachesKt$$Lambda$2                                  : loaded 2 times (x 75B)
Class kotlinx.coroutines.internal.DispatchedContinuation                              : loaded 2 times (x 90B)
Class kotlinx.coroutines.internal.Symbol                                              : loaded 2 times (x 72B)
Class org.jetbrains.kotlin.name.StandardClassIds                                      : loaded 2 times (x 71B)
Class org.jetbrains.kotlin.load.java.typeEnhancement.TypeComponentPosition            : loaded 2 times (x 79B)
Class org.jetbrains.kotlin.load.java.structure.JavaPrimitiveType                      : loaded 2 times (x 70B)
Class [Lcom.android.tools.lint.model.LintModelArtifactType;                           : loaded 2 times (x 69B)
Class com.android.tools.lint.model.LintModelMavenName                                 : loaded 2 times (x 70B)
Class org.jetbrains.kotlin.load.java.BuiltinSpecialPropertiesKt                       : loaded 2 times (x 71B)
Class org.jetbrains.kotlin.incremental.ClassProtoData                                 : loaded 2 times (x 72B)
Class org.jetbrains.kotlin.inline.InlineFunctionOrAccessor                            : loaded 2 times (x 70B)
Class org.jetbrains.kotlin.incremental.classpathDiff.impl.BasicClassInfoClassVisitor  : loaded 2 times (x 88B)
Class com.google.common.reflect.Invokable$MethodInvokable                             : loaded 2 times (x 107B)
Class com.google.common.hash.Hashing$ChecksumType$3                                   : loaded 2 times (x 88B)
Class com.google.common.io.LineReader$1                                               : loaded 2 times (x 75B)
Class com.google.common.collect.CollectSpliterators                                   : loaded 2 times (x 71B)
Class com.google.common.collect.AbstractMapBasedMultimap$AsMap                        : loaded 2 times (x 128B)
Class org.jetbrains.kotlin.incremental.ClasspathSnapshotFiles$Companion               : loaded 2 times (x 71B)
Class com.google.common.collect.MapMakerInternalMap$StrongKeyDummyValueEntry          : loaded 2 times (x 82B)
Class org.jetbrains.kotlin.gradle.tasks.configuration.AbstractKotlinCompileConfig$getClasspathSnapshotDir$1: loaded 2 times (x 74B)
Class org.jetbrains.kotlin.gradle.tasks.configuration.AbstractKotlinCompileConfig$1$2 : loaded 2 times (x 74B)
Class org.jetbrains.kotlin.gradle.plugin.statistics.ConfigurationMetricsBuildFusParameters: loaded 2 times (x 70B)
Class org.jetbrains.kotlin.gradle.tasks.configuration.AbstractKotlinCompileConfigKt$explicitApiMode$1: loaded 2 times (x 75B)
Class com.google.common.collect.Multimaps$Entries                                     : loaded 2 times (x 118B)
Class org.jetbrains.kotlin.gradle.plugin.abi.UtilsKt                                  : loaded 2 times (x 71B)
Class org.jetbrains.kotlin.gradle.plugin.diagnostics.checkers.OverriddenKotlinNativeHomeChecker$StdlibExistenceCheckerValueSource$Params$Inject: loaded 2 times (x 106B)
Class org.jetbrains.kotlin.gradle.plugin.diagnostics.checkers.CommonMainOrTestWithDependsOnChecker: loaded 2 times (x 74B)
Class org.jetbrains.kotlin.gradle.artifacts.KotlinNativeHostSpecificMetadataArtifactKt: loaded 2 times (x 71B)
Class org.jetbrains.kotlin.gradle.plugin.mpp.compilationImpl.KotlinCreateLifecycleTasksSideEffectKt: loaded 2 times (x 71B)
Class org.jetbrains.kotlin.gradle.plugin.KotlinTarget                                 : loaded 2 times (x 70B)
Class org.jetbrains.kotlin.gradle.utils.ConfigurationsKt$createResolvable$1           : loaded 2 times (x 78B)
Class [Lorg.jetbrains.kotlin.statistics.metrics.BooleanAnonymizationPolicy;           : loaded 2 times (x 69B)
Class jdk.internal.jimage.decompressor.ResourceDecompressorRepository                 : loaded 2 times (x 71B)
Class jdk.internal.jimage.decompressor.StringSharingDecompressorFactory               : loaded 2 times (x 74B)
Class [Lorg.objectweb.asm.Symbol;                                                     : loaded 2 times (x 69B)
Class androidx.annotation.experimental.lint.AnnotationRetentionDetector               : loaded 2 times (x 172B)
Class org.jetbrains.kotlin.gradle.dsl.KotlinProjectExtension                          : loaded 2 times (x 122B)
Class org.jetbrains.kotlin.types.model.TypeSystemContextKt                            : loaded 2 times (x 71B)
Class org.jetbrains.kotlin.resolve.calls.inference.model.OnlyInputTypeConstraintPosition: loaded 2 times (x 70B)
Class com.google.protobuf.Internal$LongList                                           : loaded 2 times (x 70B)
Class com.google.gson.JsonIOException                                                 : loaded 2 times (x 82B)
Class org.jetbrains.kotlin.gradle.internal.properties.PropertiesBuildService$BooleanGradleProperty: loaded 2 times (x 76B)
Class org.codehaus.groovy.control.CompilationUnit$3$1                                 : loaded 2 times (x 212B)
Class org.jetbrains.kotlin.gradle.plugin.VariantImplementationFactories$Companion$getProvider$1: loaded 2 times (x 75B)
Class org.jetbrains.kotlin.psi.KtPsiUtil$KtExpressionWrapper                          : loaded 2 times (x 70B)
Class groovyjarjarantlr4.v4.runtime.atn.PredictionContext$IdentityEqualityComparator  : loaded 2 times (x 77B)
Class groovy.lang.Tuple13                                                             : loaded 2 times (x 206B)
Class org.jetbrains.kotlin.resolve.checkers.ResultClassInReturnTypeChecker            : loaded 2 times (x 74B)
Class groovy.lang.Tuple2                                                              : loaded 2 times (x 206B)
Class org.codehaus.groovy.reflection.ReflectionUtils$ClassContextHelper               : loaded 2 times (x 101B)
Class org.codehaus.groovy.ast.ClassNode                                               : loaded 2 times (x 243B)
Class org.codehaus.groovy.reflection.stdclasses.ByteCachedClass                       : loaded 2 times (x 95B)
Class kotlin.reflect.jvm.internal.KMutableProperty1Impl$$Lambda$0                     : loaded 2 times (x 76B)
Class org.jetbrains.kotlin.load.java.structure.JavaModifierListOwner                  : loaded 2 times (x 70B)
Class org.jetbrains.kotlin.resolve.extensions.AnalysisHandlerExtension                : loaded 2 times (x 70B)
Class org.jetbrains.kotlin.gradle.plugin.statistics.KotlinBuildStatsBeanService$Companion$initStatsService$1: loaded 2 times (x 79B)
Class org.jetbrains.kotlin.statistics.metrics.StringOverridePolicy$OVERRIDE_VERSION_IF_NOT_SET: loaded 2 times (x 85B)
Class org.jetbrains.kotlin.lexer.KtKeywordToken                                       : loaded 2 times (x 78B)
Class [Lorg.jetbrains.kotlin.psi.KtPureElement;                                       : loaded 2 times (x 69B)
Class kotlin.coroutines.jvm.internal.RestrictedSuspendLambda                          : loaded 2 times (x 91B)
Class kotlin.reflect.jvm.internal.CachesKt$$Lambda$3                                  : loaded 2 times (x 75B)
Class org.jetbrains.kotlin.name.StandardClassIdsKt                                    : loaded 2 times (x 71B)
Class com.android.tools.lint.model.LintModelLibrary                                   : loaded 2 times (x 70B)
Class org.jetbrains.kotlin.config.LanguageVersionSettings$Companion                   : loaded 2 times (x 71B)
Class org.jetbrains.kotlin.gradle.tasks.publishing.HelpersKt$maybeCreateBcConfiguration$1$1: loaded 2 times (x 75B)
Class org.jetbrains.kotlin.gradle.plugin.KotlinGradlePluginExtensionPointInternal     : loaded 2 times (x 76B)
Class org.jetbrains.kotlin.gradle.plugin.KotlinTargetComponent                        : loaded 2 times (x 70B)
Class org.jetbrains.kotlin.gradle.dsl.KotlinCommonCompilerToolOptionsHelper           : loaded 2 times (x 71B)
Class build_dgckujixkf6ppg16ph858b1iv                                                 : loaded 2 times (x 181B)
Class org.jetbrains.kotlin.compilerRunner.GradleIncrementalCompilerServicesFacadeImpl : loaded 2 times (x 80B)
Class org.jetbrains.kotlin.daemon.client.KotlinCompilerClientKt$report$sourceMessage$2: loaded 2 times (x 79B)
Class org.jetbrains.kotlin.daemon.common.BoolPropMapper                               : loaded 2 times (x 74B)
Class org.jetbrains.kotlin.compilerRunner.GradleCompilerRunnerWithWorkers$runCompilerAsync$1: loaded 2 times (x 75B)
Class org.jetbrains.kotlin.com.google.common.cache.LocalCache$AccessQueue             : loaded 2 times (x 143B)
Class com.google.common.collect.CompoundOrdering                                      : loaded 2 times (x 115B)
Class [Lorg.jetbrains.kotlin.build.report.metrics.BuildAttributeKind;                 : loaded 2 times (x 69B)
Class org.jetbrains.kotlin.gradle.tasks.K2MultiplatformStructure                      : loaded 2 times (x 74B)
Class org.jetbrains.kotlin.gradle.internal.KotlinDependenciesManagementKt$allNonProjectDependencies$1: loaded 2 times (x 74B)
Class org.jetbrains.kotlin.compilerRunner.CompilerSystemPropertiesService$Parameters  : loaded 2 times (x 70B)
Class org.jetbrains.kotlin.gradle.plugin.mpp.compilationImpl.KotlinCompilationSourceSetsContainer: loaded 2 times (x 70B)
Class org.jetbrains.kotlin.gradle.plugin.diagnostics.KotlinToolingDiagnosticsCollector$Parameter: loaded 2 times (x 70B)
Class org.jetbrains.kotlin.gradle.plugin.diagnostics.KotlinToolingDiagnosticsCollectorKt$kotlinToolingDiagnosticsCollectorProvider$1: loaded 2 times (x 75B)
Class org.jetbrains.kotlin.gradle.artifacts.KotlinNativeKlibArtifactKt                : loaded 2 times (x 71B)
Class org.jetbrains.kotlin.gradle.plugin.ProjectLocalConfigurations                   : loaded 2 times (x 71B)
Class org.jetbrains.kotlin.gradle.plugin.mpp.KotlinUsages$KotlinUsagesDisambiguation  : loaded 2 times (x 76B)
Class org.jetbrains.kotlin.tooling.core.Extras$Key$Companion                          : loaded 2 times (x 71B)
Class org.jetbrains.kotlin.tooling.core.Extras$Key                                    : loaded 2 times (x 72B)
Class [Lorg.objectweb.asm.AnnotationWriter;                                           : loaded 2 times (x 69B)
Class org.jetbrains.kotlin.gradle.plugin.KotlinPluginLifecycleImpl$WhenMappings       : loaded 2 times (x 71B)
Class org.jetbrains.kotlin.contracts.description.EventOccurrencesRange                : loaded 2 times (x 79B)
Class org.jetbrains.kotlin.resolve.deprecation.CommonDeprecationUtilsKt$WhenMappings  : loaded 2 times (x 71B)
Class org.jetbrains.kotlin.gradle.plugin.diagnostics.checkers.DeprecatedKotlinNativeTargetsChecker$runChecks$1: loaded 2 times (x 88B)
Class org.jetbrains.kotlin.codegen.AsmUtil                                            : loaded 2 times (x 71B)
Class kotlin.collections.ArraysKt___ArraysKt$asIterable$$inlined$Iterable$1           : loaded 2 times (x 79B)
Class com.google.protobuf.InvalidProtocolBufferException                              : loaded 2 times (x 88B)
Class [Lorg.jetbrains.kotlin.types.model.CaptureStatus;                               : loaded 2 times (x 69B)
Class org.codehaus.groovy.transform.stc.StaticTypesMarker                             : loaded 2 times (x 79B)
Class org.codehaus.groovy.classgen.asm.CompileStack$StateStackElement                 : loaded 2 times (x 72B)
Class org.jetbrains.kotlin.gradle.plugin.KotlinPluginLifecycleImplKt                  : loaded 2 times (x 71B)
Class org.codehaus.groovy.classgen.FinalVariableAnalyzer$VariableState                : loaded 2 times (x 79B)
Class [Lorg.apache.groovy.util.concurrent.concurrentlinkedhashmap.ConcurrentLinkedHashMap$DiscardingListener;: loaded 2 times (x 69B)
Class kotlin.collections.MutableMapWithDefaultImpl                                    : loaded 2 times (x 144B)
Class groovy.transform.CompileStatic                                                  : loaded 2 times (x 70B)
Class org.codehaus.groovy.classgen.EnumVisitor                                        : loaded 2 times (x 212B)
Class org.apache.groovy.parser.antlr4.GroovyParser$TryCatchStmtAltContext             : loaded 2 times (x 158B)
Class [Lorg.jetbrains.kotlin.descriptors.ClassKind;                                   : loaded 2 times (x 69B)
Class org.apache.groovy.parser.antlr4.GroovyParser$LoopStmtAltContext                 : loaded 2 times (x 158B)
Class org.apache.groovy.parser.antlr4.GroovyParser$DoWhileStmtAltContext              : loaded 2 times (x 163B)
Class org.apache.groovy.parser.antlr4.GroovyParser$AssertStatementContext             : loaded 2 times (x 163B)
Class org.codehaus.groovy.control.ParserPluginFactory                                 : loaded 2 times (x 72B)
Class groovy.lang.Tuple14                                                             : loaded 2 times (x 206B)
Class groovy.lang.Tuple3                                                              : loaded 2 times (x 206B)
Class org.codehaus.groovy.control.HasCleanup                                          : loaded 2 times (x 70B)
Class org.codehaus.groovy.ast.stmt.AssertStatement                                    : loaded 2 times (x 114B)
Class org.codehaus.groovy.control.ResolveVisitor                                      : loaded 2 times (x 236B)
Class org.codehaus.groovy.runtime.typehandling.DefaultTypeTransformation              : loaded 2 times (x 71B)
Class [Lorg.jetbrains.kotlin.resolve.calls.checkers.CallChecker;                      : loaded 2 times (x 69B)
Class org.codehaus.groovy.util.SingleKeyHashMap$Copier                                : loaded 2 times (x 70B)
Class groovy.lang.MetaClassImpl                                                       : loaded 2 times (x 193B)
Class [Lcom.android.resources.KeyboardState;                                          : loaded 2 times (x 69B)
Class org.jetbrains.kotlin.gradle.targets.js.dsl.KotlinJsTargetDsl                    : loaded 2 times (x 70B)
Class org.jetbrains.kotlin.parsing.TokenStreamPredicate                               : loaded 2 times (x 70B)
Class org.jetbrains.kotlin.psi.KtFunctionLiteral                                      : loaded 2 times (x 1200B)
Class kotlin.Triple                                                                   : loaded 2 times (x 72B)
Class org.jetbrains.kotlin.metadata.ProtoBuf$PackageFragmentOrBuilder                 : loaded 2 times (x 70B)
Class org.jetbrains.kotlin.metadata.jvm.JvmModuleProtoBuf$PackageParts                : loaded 2 times (x 128B)
Class org.jetbrains.kotlin.konan.target.KonanTarget$WATCHOS_ARM32                     : loaded 2 times (x 78B)
Class org.jetbrains.kotlin.cli.jvm.compiler.JvmPackagePartProviderKt                  : loaded 2 times (x 71B)
Class [Lorg.jetbrains.kotlin.psi.KtStringTemplateEntry;                               : loaded 2 times (x 69B)
Class org.jetbrains.kotlin.psi.stubs.elements.KtDotQualifiedExpressionElementType     : loaded 2 times (x 103B)
Class [Lorg.jetbrains.kotlin.psi.KtImportAlias;                                       : loaded 2 times (x 69B)
Class org.jetbrains.kotlin.psi.stubs.KotlinPropertyAccessorStub                       : loaded 2 times (x 70B)
Class [Lorg.jetbrains.kotlin.psi.KtNamedDeclaration;                                  : loaded 2 times (x 69B)
Class kotlin.sequences.SequencesKt__SequenceBuilderKt$sequence$$inlined$Sequence$1    : loaded 2 times (x 75B)
Class kotlin.reflect.jvm.internal.CachesKt$$Lambda$4                                  : loaded 2 times (x 75B)
Class kotlinx.coroutines.EventLoopKt                                                  : loaded 2 times (x 71B)
Class org.jetbrains.kotlin.gradle.plugin.KotlinProjectSetupActionKt$KotlinProjectSetupCoroutine$1$1: loaded 2 times (x 95B)
Class org.jetbrains.kotlin.gradle.plugin.mpp.compilationImpl.factory.KotlinCompilationImplFactory$PreConfigure: loaded 2 times (x 70B)
Class com.android.utils.EnvironmentProvider                                           : loaded 2 times (x 70B)
Class org.jetbrains.kotlin.gradle.tasks.configuration.AbstractKotlinCompileConfig$2   : loaded 2 times (x 79B)
Class kotlin.text.Regex                                                               : loaded 2 times (x 72B)
Class org.jetbrains.kotlin.gradle.internal.transforms.BuildToolsApiClasspathEntrySnapshotTransform: loaded 2 times (x 82B)
Class org.jetbrains.kotlin.gradle.utils.GradleAttributesContainerUtilsKt$setAttributeProvider$1: loaded 2 times (x 75B)
Class org.jetbrains.kotlin.gradle.tasks.CacheableTasksKt$cacheOnlyIfEnabledForKotlin$1: loaded 2 times (x 75B)
Class com.google.common.base.Predicates$CompositionPredicate                          : loaded 2 times (x 88B)
Class org.jetbrains.kotlin.gradle.tasks.AbstractKotlinCompile$compilerRunner$1        : loaded 2 times (x 75B)
Class org.jetbrains.kotlin.gradle.tasks.configuration.AbstractKotlinCompileConfig$1$4 : loaded 2 times (x 75B)
Class com.google.common.collect.Lists$ReverseList$1                                   : loaded 2 times (x 99B)
Class org.jetbrains.kotlin.gradle.plugin.diagnostics.CheckKotlinGradlePluginConfigurationErrors: loaded 2 times (x 319B)
Class org.jetbrains.kotlin.gradle.plugin.sources.DefaultKotlinSourceSetKt             : loaded 2 times (x 71B)
Class org.jetbrains.kotlin.gradle.dsl.KotlinJvmOptions                                : loaded 2 times (x 70B)
Class org.jetbrains.kotlin.gradle.plugin.mpp.HierarchyAttributeContainer$1            : loaded 2 times (x 78B)
Class org.jetbrains.kotlin.gradle.plugin.KotlinPluginLifecycle                        : loaded 2 times (x 70B)
Class org.jetbrains.kotlin.gradle.plugin.KotlinJsPluginWrapper                        : loaded 2 times (x 86B)
Class org.jetbrains.kotlin.gradle.dsl.ToolchainSupport                                : loaded 2 times (x 70B)
Class org.jetbrains.kotlin.tooling.core.Extras                                        : loaded 2 times (x 70B)
Class org.jetbrains.kotlin.gradle.plugin.mpp.InternalKotlinTarget                     : loaded 2 times (x 70B)
Class org.jetbrains.kotlin.statistics.metrics.NumberAnonymizationPolicy$RANDOM_10_PERCENT: loaded 2 times (x 85B)
Class org.jetbrains.kotlin.statistics.metrics.StringMetrics                           : loaded 2 times (x 80B)
Class com.google.common.cache.LocalCache$StrongValueReference                         : loaded 2 times (x 90B)
Class Build_gradle$4                                                                  : loaded 2 times (x 75B)
Class org.jetbrains.kotlin.types.AbstractNullabilityChecker                           : loaded 2 times (x 71B)
Class com.google.protobuf.Extension                                                   : loaded 2 times (x 85B)
Class com.google.protobuf.MessageOrBuilder                                            : loaded 2 times (x 70B)
Class com.google.common.collect.RegularImmutableBiMap$Inverse                         : loaded 2 times (x 143B)
Class org.codehaus.groovy.classgen.AsmClassGenerator                                  : loaded 2 times (x 227B)
Class org.codehaus.groovy.classgen.asm.OptimizingStatementWriter$ClassNodeSkip        : loaded 2 times (x 71B)
Class org.codehaus.groovy.util.URLStreams                                             : loaded 2 times (x 71B)
Class org.jetbrains.kotlin.load.java.structure.impl.JavaPackageImpl                   : loaded 2 times (x 104B)
Class org.apache.groovy.parser.antlr4.GroovyParser$EmptyDimsContext                   : loaded 2 times (x 162B)
Class [Lgroovyjarjarantlr4.v4.runtime.atn.LexerActionType;                            : loaded 2 times (x 69B)
Class org.codehaus.groovy.ast.expr.PostfixExpression                                  : loaded 2 times (x 130B)
Class groovy.lang.Tuple15                                                             : loaded 2 times (x 206B)
Class groovy.lang.Tuple4                                                              : loaded 2 times (x 206B)
Class org.codehaus.groovy.control.CompilationUnit$IGroovyClassOperation               : loaded 2 times (x 70B)
Class org.jetbrains.kotlin.resolve.calls.inference.components.TrivialConstraintTypeInferenceOracle$Companion: loaded 2 times (x 71B)
Class org.codehaus.groovy.ast.expr.MethodCallExpression                               : loaded 2 times (x 153B)
Class org.jetbrains.kotlin.resolve.checkers.StubForBuilderInferenceParameterTypeChecker: loaded 2 times (x 74B)
Class org.jetbrains.kotlin.resolve.checkers.MultiFieldValueClassAnnotationsChecker    : loaded 2 times (x 74B)
Class org.jetbrains.kotlin.util.TypeRegistry                                          : loaded 2 times (x 73B)
Class org.codehaus.groovy.runtime.dgmimpl.arrays.LongArrayGetAtMetaMethod             : loaded 2 times (x 97B)
Class org.codehaus.groovy.runtime.dgmimpl.arrays.ArrayGetAtMetaMethod                 : loaded 2 times (x 97B)
Class com.google.common.collect.TransformedListIterator                               : loaded 2 times (x 93B)
Class org.jetbrains.kotlin.parsing.KotlinExpressionParsing$Precedence                 : loaded 2 times (x 81B)
Class org.jetbrains.kotlin.parsing.AbstractKotlinParsing                              : loaded 2 times (x 101B)
Class org.jetbrains.kotlin.metadata.ProtoBuf$QualifiedNameTable$QualifiedName$1       : loaded 2 times (x 144B)
Class org.jetbrains.kotlin.com.google.common.cache.CacheBuilder$NullListener          : loaded 2 times (x 82B)
Class org.jetbrains.kotlin.load.java.JavaModuleAnnotationsProvider                    : loaded 2 times (x 70B)
Class it.unimi.dsi.fastutil.ints.AbstractIntSet                                       : loaded 2 times (x 233B)
Class [Lorg.jetbrains.kotlin.psi.ValueArgumentName;                                   : loaded 2 times (x 69B)
Class org.jetbrains.kotlin.psi.stubs.elements.KtConstructorElementType                : loaded 2 times (x 107B)
Class org.jetbrains.kotlin.compilerRunner.GradleKotlinCompilerRunnerKt                : loaded 2 times (x 71B)
Class kotlin.jvm.internal.ReflectionFactory                                           : loaded 2 times (x 91B)
Class kotlin.jvm.internal.Ref$ObjectRef                                               : loaded 2 times (x 72B)
Class com.google.common.cache.LocalCache$Values                                       : loaded 2 times (x 118B)
Class org.jetbrains.kotlin.cli.jvm.compiler.KotlinCoreApplicationEnvironment          : loaded 2 times (x 94B)
Class com.google.common.reflect.TypeCapture                                           : loaded 2 times (x 71B)
Class org.jetbrains.kotlin.daemon.client.CompileServiceSession                        : loaded 2 times (x 72B)
Class org.jetbrains.kotlin.daemon.common.CompileService$CallResult$Good               : loaded 2 times (x 73B)
Class org.jetbrains.kotlin.gradle.plugin.internal.state.TaskLoggersKt                 : loaded 2 times (x 71B)
Class org.jetbrains.kotlin.gradle.internal.name.FqName$Companion                      : loaded 2 times (x 71B)
Class org.jetbrains.kotlin.buildtools.api.CompilationService                          : loaded 2 times (x 70B)
Class org.jetbrains.kotlin.com.google.common.cache.Cache                              : loaded 2 times (x 70B)
Class org.jetbrains.kotlin.gradle.tasks.CompilerPluginOptions                         : loaded 2 times (x 72B)
Class org.jetbrains.kotlin.gradle.tasks.configuration.AbstractKotlinCompileConfig$1$5 : loaded 2 times (x 76B)
Class org.jetbrains.kotlin.gradle.plugin.mpp.KotlinTargetSoftwareComponentImpl        : loaded 2 times (x 90B)
Class org.jetbrains.kotlin.gradle.plugin.mpp.DefaultKotlinUsageContext$PublishOnlyIf  : loaded 2 times (x 70B)
Class [Lcom.google.gson.stream.JsonToken;                                             : loaded 2 times (x 69B)
Class org.jetbrains.kotlin.gradle.dsl.KotlinCommonCompilerOptionsHelper               : loaded 2 times (x 71B)
Class org.jetbrains.kotlin.gradle.plugin.KotlinJvmPlugin$Companion                    : loaded 2 times (x 71B)
Class org.jetbrains.kotlin.gradle.plugin.diagnostics.KotlinToolingDiagnostics         : loaded 2 times (x 71B)
Class org.jetbrains.kotlin.gradle.artifacts.KotlinMetadataArtifactKt                  : loaded 2 times (x 71B)
Class org.jetbrains.kotlin.gradle.targets.CreateArtifactsSideEffectKt$CreateArtifactsSideEffect$1: loaded 2 times (x 74B)
Class org.jetbrains.kotlin.gradle.internal.properties.PropertiesBuildService$property$1$valueFromGradleAndLocalProperties$1: loaded 2 times (x 75B)
Class org.jetbrains.kotlin.gradle.plugin.KotlinPluginWrapperKt$kotlinToolingVersion$2 : loaded 2 times (x 78B)
Class org.gradle.internal.classloader.VisitableURLClassLoader$InstrumentingVisitableURLClassLoader: loaded 2 times (x 123B)
Class com.android.ide.common.rendering.api.TextResourceValueImpl                      : loaded 2 times (x 109B)
Class org.jetbrains.kotlin.resolve.calls.inference.model.IncorporationConstraintPosition: loaded 2 times (x 72B)
Class com.android.ide.common.gradle.DEV                                               : loaded 2 times (x 77B)
Class org.jetbrains.kotlin.utils.SmartSet$Companion                                   : loaded 2 times (x 71B)
Class [Lorg.codehaus.groovy.transform.stc.StaticTypesMarker;                          : loaded 2 times (x 69B)
Class org.codehaus.groovy.classgen.asm.BytecodeHelper$LoadVarHandler                  : loaded 2 times (x 80B)
Class org.codehaus.groovy.classgen.asm.ClosureWriter                                  : loaded 2 times (x 81B)
Class org.codehaus.groovy.control.LabelVerifier                                       : loaded 2 times (x 213B)
Class [Lorg.apache.groovy.util.concurrent.concurrentlinkedhashmap.Weighers$SingletonEntryWeigher;: loaded 2 times (x 69B)
Class kotlin.collections.ReversedListReadOnly$listIterator$1                          : loaded 2 times (x 90B)
Class org.codehaus.groovy.ast.expr.MethodCallExpression$1                             : loaded 2 times (x 138B)
Class [Lorg.jetbrains.kotlin.resolve.jvm.KotlinJavaPsiFacade$KotlinPsiElementFinderWrapper;: loaded 2 times (x 69B)
Class com.google.common.collect.MapMakerInternalMap$AbstractWeakKeyEntry              : loaded 2 times (x 87B)
Class org.apache.groovy.parser.antlr4.GroovyParser$BuiltInTypePrmrAltContext          : loaded 2 times (x 158B)
Class org.apache.groovy.parser.antlr4.GroovyParser$StatementExpressionContext         : loaded 2 times (x 157B)
Class groovy.lang.Tuple16                                                             : loaded 2 times (x 206B)
Class groovy.lang.Tuple5                                                              : loaded 2 times (x 206B)
Class org.codehaus.groovy.syntax.SyntaxException                                      : loaded 2 times (x 97B)
Class org.jetbrains.kotlin.descriptors.ClassifierDescriptor                           : loaded 2 times (x 70B)
Class org.jetbrains.kotlin.resolve.checkers.OptionalExpectationUsageChecker           : loaded 2 times (x 74B)
Class org.jetbrains.kotlin.resolve.calls.checkers.CustomEnumEntriesMigrationCallChecker: loaded 2 times (x 74B)
Class groovy.lang.MetaClassImpl$DummyMetaMethod                                       : loaded 2 times (x 97B)
Class org.codehaus.groovy.runtime.dgmimpl.arrays.ShortArrayPutAtMetaMethod            : loaded 2 times (x 97B)
Class org.codehaus.groovy.transform.trait.Traits$Implemented                          : loaded 2 times (x 70B)
Class org.jetbrains.kotlin.lexer._JetLexer                                            : loaded 2 times (x 83B)
Class org.jetbrains.kotlin.builtins.functions.FunctionTypeKind$KSuspendFunction       : loaded 2 times (x 77B)
Class org.jetbrains.kotlin.statistics.AnonymizerUtilsKt$salt$2                        : loaded 2 times (x 78B)
Class org.jetbrains.kotlin.incremental.classpathDiff.impl.ClassListSnapshotterKt$WhenMappings: loaded 2 times (x 71B)
Class org.jetbrains.kotlin.metadata.ProtoBuf$QualifiedNameTable$1                     : loaded 2 times (x 144B)
Class org.jetbrains.kotlin.storage.LockBasedStorageManager$MapBasedMemoizedFunction   : loaded 2 times (x 82B)
Class org.jetbrains.kotlin.psi.stubs.elements.KtCollectionLiteralExpressionElementType: loaded 2 times (x 100B)
Class org.jetbrains.kotlin.psi.KtValueArgumentName                                    : loaded 2 times (x 451B)
Class org.jetbrains.kotlin.psi.KtTypeConstraintList                                   : loaded 2 times (x 446B)
Class [Lorg.jetbrains.kotlin.psi.KtParameter;                                         : loaded 2 times (x 69B)
Class org.jetbrains.kotlin.psi.KtParameter                                            : loaded 2 times (x 1159B)
Class com.android.utils.ILogger                                                       : loaded 2 times (x 70B)
Class [Lkotlin.reflect.jvm.internal.impl.resolve.jvm.JvmPrimitiveType;                : loaded 2 times (x 69B)
Class kotlin.jvm.internal.ClassBasedDeclarationContainer                              : loaded 2 times (x 70B)
Class kotlinx.coroutines.Job$DefaultImpls                                             : loaded 2 times (x 71B)
Class kotlin.coroutines.CoroutineContext$Element$DefaultImpls                         : loaded 2 times (x 71B)
Class kotlin.coroutines.Continuation                                                  : loaded 2 times (x 70B)
Class com.android.utils.NullLogger                                                    : loaded 2 times (x 85B)
Class com.android.tools.lint.model.LintModelArtifactType                              : loaded 2 times (x 79B)
Class kotlin.sequences.TransformingSequence                                           : loaded 2 times (x 75B)
Class it.unimi.dsi.fastutil.objects.ReferenceSet                                      : loaded 2 times (x 70B)
Class kotlinx.coroutines.CoroutineScope                                               : loaded 2 times (x 70B)
Class kotlinx.coroutines.ChildHandle                                                  : loaded 2 times (x 70B)
Class kotlin.collections.builders.ListBuilder$Itr                                     : loaded 2 times (x 94B)
Class org.apache.commons.io.FileUtils                                                 : loaded 2 times (x 71B)
Class org.jetbrains.kotlin.compilerRunner.KotlinCompilerRunnerUtils                   : loaded 2 times (x 71B)
Class org.jetbrains.kotlin.compilerRunner.GradleCompilerEnvironment                   : loaded 2 times (x 73B)
Class org.jetbrains.kotlin.gradle.tasks.CompileUsingKotlinDaemonWithNormalization$DefaultImpls: loaded 2 times (x 71B)
Class com.google.common.collect.MapMakerInternalMap$StrongKeyDummyValueEntry$Helper   : loaded 2 times (x 79B)
Class org.jetbrains.kotlin.gradle.tasks.configuration.AbstractKotlinCompileConfig$1$6 : loaded 2 times (x 75B)
Class [Lorg.jetbrains.kotlin.gradle.tasks.KotlinCompilerExecutionStrategy;            : loaded 2 times (x 69B)
Class org.jetbrains.kotlin.gradle.tasks.FailedCompilationException                    : loaded 2 times (x 82B)
Class org.jetbrains.kotlin.gradle.plugin.mpp.DefaultKotlinUsageContext$1              : loaded 2 times (x 74B)
Class org.jetbrains.kotlin.gradle.plugin.mpp.compilationImpl.KotlinCompilationImpl$associateWith$2: loaded 2 times (x 79B)
Class org.jetbrains.kotlin.gradle.plugin.hierarchy.KotlinSourceSetTreeClassifier      : loaded 2 times (x 70B)
Class org.jetbrains.kotlin.gradle.plugin.mpp.compilationImpl.KotlinCompilationAssociator: loaded 2 times (x 70B)
Class org.jetbrains.kotlin.gradle.utils.WhenEvaluatedKt$whenEvaluated$afterAndroidDispatchQueue$1$1$1: loaded 2 times (x 75B)
Class org.jetbrains.kotlin.konan.target.UtilsKt$evaluatePresetName$1                  : loaded 2 times (x 78B)
Class org.jetbrains.kotlin.gradle.plugin.mpp.KotlinNativeTarget                       : loaded 2 times (x 167B)
Class org.jetbrains.kotlin.gradle.plugin.diagnostics.checkers.KotlinSourceSetTreeDependsOnMismatchChecker$runChecks$1: loaded 2 times (x 88B)
Class org.jetbrains.kotlin.gradle.plugin.diagnostics.checkers.PreHmppDependenciesUsageChecker$runChecks$1: loaded 2 times (x 88B)
Class org.jetbrains.kotlin.gradle.utils.ProjectExtensionsKt                           : loaded 2 times (x 71B)
Class org.jetbrains.kotlin.gradle.plugin.KotlinSourceSetTree$Companion                : loaded 2 times (x 71B)
Class org.jetbrains.kotlin.gradle.plugin.diagnostics.KotlinGradleProjectChecker$Companion: loaded 2 times (x 71B)
Class org.jetbrains.kotlin.gradle.plugin.KotlinGradleBuildServices$Parameters         : loaded 2 times (x 70B)
Class org.jetbrains.kotlin.gradle.plugin.statistics.BuildFusService$Companion$registerIfAbsent$1$1$1: loaded 2 times (x 75B)
Class org.jetbrains.kotlin.statistics.fileloggers.MetricsContainer$Companion          : loaded 2 times (x 71B)
Class org.objectweb.asm.ByteVector                                                    : loaded 2 times (x 79B)
Class [Lcom.google.common.cache.CacheBuilder$NullListener;                            : loaded 2 times (x 69B)
Class org.gradle.internal.classloader.VisitableURLClassLoader$Spec                    : loaded 2 times (x 74B)
Class org.gradle.internal.classpath.DefaultClassPath                                  : loaded 2 times (x 90B)
Class kotlin.text.MatchGroup                                                          : loaded 2 times (x 72B)
Class org.jetbrains.kotlin.types.AbstractTypeApproximator$referenceApproximateToSuperType$1: loaded 2 times (x 125B)
Class com.google.protobuf.Utf8$Processor                                              : loaded 2 times (x 77B)
Class org.jetbrains.kotlin.load.java.typeEnhancement.NullabilityQualifier             : loaded 2 times (x 79B)
Class com.google.protobuf.Reader                                                      : loaded 2 times (x 70B)
Class org.jetbrains.kotlin.resolve.calls.inference.components.VariableFixationFinder$Context: loaded 2 times (x 70B)
Class org.codehaus.groovy.classgen.asm.StatementMetaTypeChooser                       : loaded 2 times (x 75B)
Class [Lorg.jetbrains.kotlin.psi.KtDeclarationWithBody;                               : loaded 2 times (x 69B)
Class org.codehaus.groovy.classgen.asm.WriterControllerFactory                        : loaded 2 times (x 70B)
Class org.apache.groovy.util.concurrent.concurrentlinkedhashmap.ConcurrentLinkedHashMap$DiscardingQueue: loaded 2 times (x 142B)
Class org.apache.groovy.parser.antlr4.GroovyLexer$Paren                               : loaded 2 times (x 76B)
Class groovyjarjarantlr4.v4.runtime.dfa.ArrayEdgeMap                                  : loaded 2 times (x 98B)
Class groovyjarjarantlr4.v4.runtime.atn.SemanticContext$PrecedencePredicate           : loaded 2 times (x 78B)
Class org.apache.groovy.parser.antlr4.GroovyParser$SepContext                         : loaded 2 times (x 160B)
Class groovyjarjarantlr4.v4.runtime.IntStream                                         : loaded 2 times (x 70B)
Class groovy.lang.Tuple6                                                              : loaded 2 times (x 206B)
Class [Lgroovy.lang.groovydoc.GroovydocHolder;                                        : loaded 2 times (x 69B)
Class org.jetbrains.kotlin.resolve.calls.checkers.ConstructorHeaderCallChecker        : loaded 2 times (x 74B)
Class org.jetbrains.kotlin.resolve.checkers.EnumEntriesRedeclarationChecker           : loaded 2 times (x 74B)
Class org.codehaus.groovy.runtime.metaclass.ClosureStaticMetaMethod                   : loaded 2 times (x 102B)
Class org.jetbrains.kotlin.container.ComponentProvider                                : loaded 2 times (x 70B)
Class org.codehaus.groovy.runtime.dgmimpl.NumberNumberPlus                            : loaded 2 times (x 114B)
Class org.codehaus.groovy.util.ReferenceType$1                                        : loaded 2 times (x 80B)
Class org.jetbrains.kotlin.parsing.LastBefore                                         : loaded 2 times (x 84B)
Class org.jetbrains.kotlin.lexer._JetLexer$State                                      : loaded 2 times (x 71B)
Class org.jetbrains.kotlin.psi.KtIsExpression                                         : loaded 2 times (x 503B)
Class [Lorg.jetbrains.kotlin.psi.KtValVarKeywordOwner;                                : loaded 2 times (x 69B)
Class org.jetbrains.kotlin.cli.jvm.compiler.JvmPackagePartProvider                    : loaded 2 times (x 93B)
Class it.unimi.dsi.fastutil.ints.IntArrays                                            : loaded 2 times (x 71B)
Class org.jetbrains.kotlin.psi.KtDeclaration                                          : loaded 2 times (x 70B)
Class kotlin.Result$Companion                                                         : loaded 2 times (x 71B)
Class kotlin.coroutines.jvm.internal.BaseContinuationImpl                             : loaded 2 times (x 87B)
Class com.android.tools.lint.model.LintModelDependencies                              : loaded 2 times (x 70B)
Class it.unimi.dsi.fastutil.Hash$Strategy                                             : loaded 2 times (x 70B)
Class [Lorg.jetbrains.kotlin.psi.KtCallElement;                                       : loaded 2 times (x 69B)
Class kotlin.text.CharsKt__CharJVMKt                                                  : loaded 2 times (x 71B)
Class org.jetbrains.kotlin.config.ExplicitApiMode$Companion                           : loaded 2 times (x 71B)
Class org.jetbrains.kotlin.metadata.ProtoBuf$StringTable                              : loaded 2 times (x 108B)
Class org.jetbrains.kotlin.protobuf.UnmodifiableLazyStringList                        : loaded 2 times (x 277B)
Class com.android.utils.FileUtils                                                     : loaded 2 times (x 71B)
Class org.jetbrains.kotlin.incremental.DifferenceCalculator                           : loaded 2 times (x 73B)
Class org.jetbrains.kotlin.incremental.impl.ExtraClassInfoGenerator                   : loaded 2 times (x 73B)
Class org.jetbrains.kotlin.com.intellij.util.io.DataExternalizer                      : loaded 2 times (x 70B)
Class org.codehaus.groovy.ast.PackageNode                                             : loaded 2 times (x 123B)
Class build_6wed68ez98fl6tbhkeiazf294$_run_closure1$_closure3                         : loaded 2 times (x 139B)
Class org.jetbrains.kotlin.gradle.plugin.statistics.BuildFinishMetrics                : loaded 2 times (x 71B)
Class com.google.common.reflect.Types$ClassOwnership                                  : loaded 2 times (x 80B)
Class org.jetbrains.kotlin.compilerRunner.OutputItemsCollector                        : loaded 2 times (x 70B)
Class org.jetbrains.kotlin.gradle.plugin.DefaultKotlinBasePlugin$addKotlinCompilerConfiguration$2$1$1: loaded 2 times (x 75B)
Class com.google.common.collect.ImmutableSortedMap$1EntrySet$1                        : loaded 2 times (x 213B)
Class org.jetbrains.kotlin.gradle.plugin.mpp.KotlinSoftwareComponentKt                : loaded 2 times (x 71B)
Class org.jetbrains.kotlin.gradle.plugin.mpp.compilationImpl.KotlinCompilationSourceSetInclusion$AddSourcesToCompileTask: loaded 2 times (x 70B)
Class org.jetbrains.kotlin.konan.target.Architecture                                  : loaded 2 times (x 79B)
Class [Lorg.jetbrains.kotlin.gradle.plugin.HasProject;                                : loaded 2 times (x 69B)
Class org.jetbrains.kotlin.gradle.utils.MutableObservableSetImpl                      : loaded 2 times (x 163B)
Class org.jetbrains.kotlin.gradle.tasks.KotlinTasksProvider                           : loaded 2 times (x 72B)
Class org.jetbrains.kotlin.gradle.dsl.DefaultToolchainSupport$wireToolchainToTasks$1  : loaded 2 times (x 75B)
Class org.jetbrains.kotlin.gradle.dsl.KotlinCommonCompilerOptions                     : loaded 2 times (x 70B)
Class org.jetbrains.kotlin.gradle.plugin.KotlinJsCompilerTypeHolder                   : loaded 2 times (x 70B)
Class org.jetbrains.kotlin.gradle.internal.properties.PropertiesBuildService$MemoizedCallable: loaded 2 times (x 75B)
Class org.jetbrains.kotlin.gradle.plugin.internal.DefaultMavenPublicationComponentAccessorFactory: loaded 2 times (x 76B)
Class org.objectweb.asm.Symbol                                                        : loaded 2 times (x 73B)
Class jdk.internal.jimage.decompressor.ZipDecompressorFactory                         : loaded 2 times (x 74B)
Class groovy.lang.MetaClassImpl$MethodIndex                                           : loaded 2 times (x 89B)
Class org.jetbrains.kotlin.types.AbstractTypeApproximator$referenceApproximateToSubType$1: loaded 2 times (x 125B)
Class org.jetbrains.kotlin.utils.NumbersKt                                            : loaded 2 times (x 71B)
Class org.jetbrains.kotlin.diagnostics.PositioningStrategies$PARAMETER_DEFAULT_VALUE$1: loaded 2 times (x 74B)
Class org.jetbrains.kotlin.types.model.CapturedTypeMarker                             : loaded 2 times (x 70B)
Class com.google.protobuf.AbstractMessage$BuilderParent                               : loaded 2 times (x 70B)
Class [Lcom.google.gson.Strictness;                                                   : loaded 2 times (x 69B)
Class [Lorg.jetbrains.kotlin.builtins.jvm.JavaToKotlinClassMap$PlatformMutabilityMapping;: loaded 2 times (x 69B)
Class org.codehaus.groovy.classgen.asm.BinaryIntExpressionHelper                      : loaded 2 times (x 98B)
Class org.jetbrains.kotlin.container.InvalidCardinalityException                      : loaded 2 times (x 82B)
Class org.codehaus.groovy.syntax.Numbers                                              : loaded 2 times (x 71B)
Class org.apache.groovy.parser.antlr4.GroovyParser$SynchronizedStmtAltContext         : loaded 2 times (x 161B)
Class org.apache.groovy.parser.antlr4.Antlr4ParserPlugin                              : loaded 2 times (x 77B)
Class groovy.lang.Tuple7                                                              : loaded 2 times (x 206B)
Class org.jetbrains.kotlin.resolve.IdentifierChecker                                  : loaded 2 times (x 70B)
Class org.jetbrains.kotlin.resolve.checkers.PropertiesWithBackingFieldsInsideValueClass: loaded 2 times (x 74B)
Class org.jetbrains.kotlin.resolve.checkers.SinceKotlinAnnotationValueChecker         : loaded 2 times (x 77B)
Class org.codehaus.groovy.runtime.InvokerInvocationException                          : loaded 2 times (x 87B)
Class org.codehaus.groovy.util.ReferenceType$2                                        : loaded 2 times (x 80B)
Class groovy.lang.Closure                                                             : loaded 2 times (x 132B)
Class [Lorg.jetbrains.kotlin.name.State;                                              : loaded 2 times (x 69B)
Class groovy.lang.MetaClassImpl$10                                                    : loaded 2 times (x 77B)
Class org.codehaus.groovy.reflection.MixinInMetaClass                                 : loaded 2 times (x 87B)
Class org.codehaus.groovy.control.ProcessingUnit                                      : loaded 2 times (x 83B)
Class org.jetbrains.kotlin.serialization.deserialization.descriptors.DeserializedContainerAbiStability: loaded 2 times (x 79B)
Class org.jetbrains.kotlin.psi.KtSuperExpression                                      : loaded 2 times (x 439B)
Class org.jetbrains.kotlin.asJava.KotlinAsJavaSupport$Companion                       : loaded 2 times (x 71B)
Class org.jetbrains.kotlin.resolve.jvm.KotlinJavaPsiFacade$KotlinPsiElementFinderWrapperImplDumbAware: loaded 2 times (x 82B)
Class [Lorg.jetbrains.kotlin.types.model.TypeArgumentListMarker;                      : loaded 2 times (x 69B)
Class org.jetbrains.kotlin.utils.addToStdlib.AddToStdlibKt                            : loaded 2 times (x 71B)
Class org.jetbrains.kotlin.psi.stubs.elements.KtContractEffectElementType             : loaded 2 times (x 100B)
Class [Lorg.jetbrains.kotlin.psi.KtFileAnnotationList;                                : loaded 2 times (x 69B)
Class org.jetbrains.kotlin.psi.KtAnnotation                                           : loaded 2 times (x 448B)
Class org.jetbrains.kotlin.psi.KtAnnotationEntry                                      : loaded 2 times (x 523B)
Class org.jetbrains.kotlin.psi.stubs.KotlinConstructorStub                            : loaded 2 times (x 70B)
Class org.jetbrains.kotlin.psi.stubs.elements.KtBackingFieldElementType               : loaded 2 times (x 103B)
Class org.jetbrains.kotlin.psi.KtClassLikeDeclaration                                 : loaded 2 times (x 70B)
Class kotlin.reflect.KType                                                            : loaded 2 times (x 70B)
Class org.jetbrains.kotlin.idea.KotlinFileType                                        : loaded 2 times (x 93B)
Class org.apache.groovy.parser.antlr4.GroovyParser$VariableNamesContext               : loaded 2 times (x 162B)
Class org.codehaus.groovy.ast.VariableScope                                           : loaded 2 times (x 95B)
Class groovyjarjarantlr4.v4.runtime.atn.PlusLoopbackState                             : loaded 2 times (x 89B)
Class groovyjarjarantlr4.v4.runtime.BailErrorStrategy                                 : loaded 2 times (x 107B)
Class com.google.common.collect.Sets$FilteredSet                                      : loaded 2 times (x 137B)
Class org.jetbrains.kotlin.statistics.metrics.OrMetricContainer                       : loaded 2 times (x 80B)
Class com.google.common.io.Java8Compatibility                                         : loaded 2 times (x 71B)
Class org.jetbrains.kotlin.build.report.metrics.BuildMetrics$Companion                : loaded 2 times (x 71B)
Class org.jetbrains.kotlin.buildtools.api.SourcesChanges$Unknown                      : loaded 2 times (x 73B)
Class org.jetbrains.kotlin.com.google.common.cache.CacheBuilder                       : loaded 2 times (x 72B)
Class org.jetbrains.kotlin.gradle.tasks.AbstractKotlinCompile$friendPathsSet$1        : loaded 2 times (x 75B)
Class org.jetbrains.kotlin.build.report.metrics.BuildAttributes                       : loaded 2 times (x 72B)
Class org.jetbrains.kotlin.gradle.plugin.cocoapods.KotlinCocoapodsPlugin$Companion    : loaded 2 times (x 71B)
Class org.jetbrains.kotlin.gradle.plugin.mpp.compilationImpl.KotlinCompilationImpl    : loaded 2 times (x 140B)
Class [Lorg.jetbrains.kotlin.gradle.plugin.mpp.compilationImpl.factory.KotlinCompilationImplFactory$PostConfigure;: loaded 2 times (x 69B)
Class org.jetbrains.kotlin.konan.target.KonanTarget$MACOS_X64                         : loaded 2 times (x 78B)
Class org.jetbrains.kotlin.gradle.plugin.KotlinSourceSet$Companion                    : loaded 2 times (x 71B)
Class org.jetbrains.kotlin.konan.util.Named                                           : loaded 2 times (x 70B)
Class [Lorg.jetbrains.kotlin.gradle.report.BuildReportMode;                           : loaded 2 times (x 69B)
Class org.jetbrains.kotlin.statistics.metrics.BooleanOverridePolicy                   : loaded 2 times (x 85B)
Class org.jetbrains.kotlin.gradle.plugin.AbstractKotlinAndroidPluginWrapper           : loaded 2 times (x 86B)
Class org.gradle.internal.classloader.ClassLoaderSpec                                 : loaded 2 times (x 71B)
Class org.apache.groovy.ast.tools.ClassNodeUtils                                      : loaded 2 times (x 71B)
Class org.jetbrains.kotlin.psi.KtPsiFactory                                           : loaded 2 times (x 72B)
Class org.jetbrains.kotlin.load.java.structure.JavaAnnotationArgument                 : loaded 2 times (x 70B)
Class com.google.common.collect.AbstractMapBasedMultimap$1                            : loaded 2 times (x 84B)
Class [Lorg.jetbrains.kotlin.resolve.deprecation.DeprecationLevelValue;               : loaded 2 times (x 69B)
Class com.android.tools.analytics.Environment                                         : loaded 2 times (x 73B)
Class org.jetbrains.kotlin.types.model.TypeParameterMarker                            : loaded 2 times (x 70B)
Class org.apache.groovy.parser.antlr4.SemanticPredicates                              : loaded 2 times (x 71B)
Class org.apache.groovy.parser.antlr4.GroovyParser$SwitchLabelContext                 : loaded 2 times (x 160B)
Class groovy.lang.Tuple8                                                              : loaded 2 times (x 206B)
Class groovy.grape.GrapeIvy                                                           : loaded 2 times (x 127B)
Class org.codehaus.groovy.GroovyExceptionInterface                                    : loaded 2 times (x 70B)
Class groovyjarjarasm.asm.MethodWriter                                                : loaded 2 times (x 106B)
Class org.codehaus.groovy.runtime.memoize.UnlimitedConcurrentCache                    : loaded 2 times (x 134B)
Class org.jetbrains.kotlin.resolve.checkers.InnerClassInsideValueClass                : loaded 2 times (x 74B)
Class [Lorg.jetbrains.kotlin.resolve.checkers.DeclarationChecker;                     : loaded 2 times (x 69B)
Class org.codehaus.groovy.ast.ConstructorNode                                         : loaded 2 times (x 158B)
Class org.codehaus.groovy.reflection.ReflectionCache                                  : loaded 2 times (x 71B)
Class org.codehaus.groovy.util.ReferenceType$3                                        : loaded 2 times (x 80B)
Class org.jetbrains.kotlin.utils.SmartList$SingletonIterator                          : loaded 2 times (x 82B)
Class com.android.ide.common.rendering.api.ResourceNamespace                          : loaded 2 times (x 80B)
Class com.google.common.collect.CollectCollectors$EnumSetAccumulator                  : loaded 2 times (x 72B)
Class kotlin.collections.ReversedListReadOnly                                         : loaded 2 times (x 198B)
Class org.codehaus.groovy.classgen.asm.BinaryExpressionMultiTypeDispatcher            : loaded 2 times (x 91B)
Class it.unimi.dsi.fastutil.ints.IntArrays$ForkJoinQuickSortComp                      : loaded 2 times (x 96B)
Class [Lorg.jetbrains.kotlin.psi.KtDoubleColonExpression;                             : loaded 2 times (x 69B)
Class [Lorg.jetbrains.kotlin.psi.KtElementImplStub;                                   : loaded 2 times (x 69B)
Class org.jetbrains.kotlin.psi.KtClass                                                : loaded 2 times (x 1103B)
Class org.jetbrains.kotlin.psi.KtAnnotated                                            : loaded 2 times (x 70B)
Class kotlin.reflect.jvm.internal.ReflectProperties$Val$1                             : loaded 2 times (x 71B)
Class kotlin.text.DelimitedRangesSequence                                             : loaded 2 times (x 75B)
Class com.android.tools.lint.model.LintModelSerialization$LintModelSerializationFileAdapter: loaded 2 times (x 89B)
Class com.android.prefs.VariableType                                                  : loaded 2 times (x 79B)
Class com.google.gson.internal.bind.JsonTreeReader                                    : loaded 2 times (x 98B)
Class org.jetbrains.kotlin.types.model.MarkerExtensionsKt                             : loaded 2 times (x 71B)
Class com.google.protobuf.GeneratedMessageV3$Builder$BuilderParentImpl                : loaded 2 times (x 78B)
Class org.jetbrains.org.objectweb.asm.tree.InnerClassNode                             : loaded 2 times (x 73B)
Class org.jetbrains.kotlin.gradle.plugin.statistics.DaemonReuseCounter$Companion      : loaded 2 times (x 71B)
Class org.jetbrains.kotlin.compilerRunner.GradleCompilerRunnerWithWorkers$GradleKotlinCompilerWorkParameters$Inject: loaded 2 times (x 112B)
Class org.jetbrains.kotlin.gradle.internal.load.java.JvmAbi                           : loaded 2 times (x 71B)
Class org.jetbrains.kotlin.gradle.internal.ClassLoadersCachingBuildService$Parameters$Inject: loaded 2 times (x 106B)
Class org.jetbrains.kotlin.gradle.tasks.DefaultKotlinJavaToolchain$DefaultJavaToolchainSetter: loaded 2 times (x 75B)
Class org.jetbrains.kotlin.build.report.metrics.BuildAttributeKind                    : loaded 2 times (x 79B)
Class org.jetbrains.kotlin.gradle.plugin.mpp.KotlinCompilationsKt$moduleNameForCompilation$1: loaded 2 times (x 75B)
Class org.jetbrains.kotlin.gradle.plugin.sources.KotlinDependencyScopeKt              : loaded 2 times (x 71B)
Class org.jetbrains.kotlin.gradle.plugin.diagnostics.TransformActionUsingKotlinToolingDiagnostics$Parameters: loaded 2 times (x 70B)
Class org.jetbrains.kotlin.compilerRunner.CompilerSystemPropertiesService$Companion$registerIfAbsent$2$1: loaded 2 times (x 79B)
Class org.jetbrains.kotlin.gradle.plugin.mpp.KotlinCompilationsKt$addSourcesToKotlinCompileTask$1: loaded 2 times (x 75B)
Class org.jetbrains.kotlin.gradle.internal.KotlinDependenciesManagementKt$configureDefaultVersionsResolutionStrategy$1$1: loaded 2 times (x 75B)
Class org.jetbrains.kotlin.gradle.utils.KotlinExtensionUtilsKt$forAllTargets$1        : loaded 2 times (x 95B)
Class org.jetbrains.kotlin.gradle.plugin.diagnostics.CheckKotlinGradlePluginConfigurationErrorsKt$locateOrRegisterCheckKotlinGradlePluginErrorsTask$taskProvider$1: loaded 2 times (x 75B)
Class org.jetbrains.kotlin.gradle.plugin.diagnostics.checkers.KmpPartiallyResolvedDependenciesChecker$runChecks$1: loaded 2 times (x 88B)
Class org.jetbrains.kotlin.gradle.plugin.diagnostics.checkers.OverriddenKotlinNativeHomeChecker$StdlibExistenceCheckerValueSource$Params: loaded 2 times (x 70B)
Class org.jetbrains.kotlin.gradle.dsl.PlatformSourceSetConventionsChecker$nativeTargetPresets$1$1: loaded 2 times (x 79B)
Class org.jetbrains.kotlin.gradle.tooling.BuildKotlinToolingMetadataTaskKt$buildKotlinToolingMetadataTask$1: loaded 2 times (x 78B)
Class org.jetbrains.kotlin.gradle.internal.Kapt3GradleSubplugin$Companion             : loaded 2 times (x 71B)
Class org.jetbrains.kotlin.gradle.plugin.mpp.compilationImpl.KotlinCreateCompilationArchiveTaskKt$KotlinRegisterCompilationArchiveTasksExtension$1: loaded 2 times (x 74B)
Class org.jetbrains.kotlin.gradle.plugin.statistics.BuildFinishBuildService$Companion : loaded 2 times (x 71B)
Class [Lorg.jetbrains.kotlin.statistics.metrics.NumberOverridePolicy;                 : loaded 2 times (x 69B)
Class org.jetbrains.kotlin.gradle.internal.properties.PropertiesBuildService$GradleProperty: loaded 2 times (x 70B)
Class org.jetbrains.kotlin.gradle.utils.StoredPropertyKt$projectStoredProperty$1      : loaded 2 times (x 78B)
Class org.objectweb.asm.AnnotationWriter                                              : loaded 2 times (x 79B)
Class com.google.common.cache.CacheStats                                              : loaded 2 times (x 71B)
Class org.jetbrains.kotlin.resolve.calls.inference.components.ConstraintInjector$TypeCheckerStateForConstraintInjector$WhenMappings: loaded 2 times (x 71B)
Class org.jetbrains.kotlin.utils.NumberWithRadix                                      : loaded 2 times (x 72B)
Class org.jetbrains.kotlin.diagnostics.PositioningStrategies$FindReferencePositioningStrategy: loaded 2 times (x 74B)
Class com.google.protobuf.Internal$ListAdapter$Converter                              : loaded 2 times (x 70B)
Class org.jetbrains.kotlin.load.java.structure.impl.JavaTypeParameterImpl             : loaded 2 times (x 108B)
Class com.google.common.collect.Tables$ImmutableCell                                  : loaded 2 times (x 82B)
Class org.jetbrains.kotlin.resolve.calls.tower.CandidateApplicability                 : loaded 2 times (x 79B)
Class org.jetbrains.kotlin.resolve.jvm.KotlinJavaPsiFacade$PackageCache               : loaded 2 times (x 73B)
Class [Lorg.jetbrains.kotlin.types.model.SimpleTypeMarker;                            : loaded 2 times (x 69B)
Class groovyjarjarantlr4.v4.runtime.atn.LexerActionExecutor                           : loaded 2 times (x 75B)
Class com.google.common.collect.MapMakerInternalMap$WeakKeyStrongValueEntry$LinkedWeakKeyStrongValueEntry: loaded 2 times (x 90B)
Class groovyjarjarantlr4.v4.runtime.atn.ATNConfigSet                                  : loaded 2 times (x 159B)
Class groovyjarjarantlr4.v4.runtime.atn.RuleTransition                                : loaded 2 times (x 77B)
Class groovyjarjarantlr4.v4.runtime.CodePointCharStream$CodePoint32BitCharStream      : loaded 2 times (x 91B)
Class org.apache.groovy.parser.antlr4.GroovyParser$NullLiteralAltContext              : loaded 2 times (x 158B)
Class [Lorg.jetbrains.kotlin.load.java.AnnotationQualifierApplicabilityType;          : loaded 2 times (x 69B)
Class org.apache.groovy.parser.antlr4.GroovyParser$PathElementContext                 : loaded 2 times (x 173B)
Class org.apache.groovy.parser.antlr4.GroovyParser$ConditionalStatementContext        : loaded 2 times (x 158B)
Class groovy.lang.Tuple9                                                              : loaded 2 times (x 206B)
Class kotlin.time.DurationKt                                                          : loaded 2 times (x 71B)
Class org.codehaus.groovy.runtime.metaclass.DefaultMetaClassInfo                      : loaded 2 times (x 71B)
Class kotlin.jdk7.AutoCloseableKt                                                     : loaded 2 times (x 71B)
Class org.codehaus.groovy.util.ComplexKeyHashMap$Entry                                : loaded 2 times (x 74B)
Class [Lgroovy.lang.MetaClass;                                                        : loaded 2 times (x 69B)
Class org.codehaus.groovy.reflection.ClassInfo$LazyClassLoaderRef                     : loaded 2 times (x 82B)
Class org.codehaus.groovy.util.ReferenceType$4                                        : loaded 2 times (x 80B)
Class it.unimi.dsi.fastutil.objects.AbstractObject2IntMap                             : loaded 2 times (x 239B)
Class com.android.resources.ResourceType                                              : loaded 2 times (x 79B)
Class org.jetbrains.kotlin.psi.KtForExpression                                        : loaded 2 times (x 445B)
Class org.jetbrains.kotlin.serialization.DescriptorSerializerPlugin                   : loaded 2 times (x 70B)
Class org.jetbrains.kotlin.gradle.internal.properties.PropertiesBuildService$IntGradleProperty: loaded 2 times (x 76B)
Class org.jetbrains.kotlin.load.kotlin.ModuleMappingUtilKt                            : loaded 2 times (x 71B)
Class org.jetbrains.kotlin.gradle.plugin.statistics.FlowActionBuildFusService$Companion$registerIfAbsentImpl$1: loaded 2 times (x 75B)
Class [Lorg.jetbrains.kotlin.psi.KtSuperTypeCallEntry;                                : loaded 2 times (x 69B)
Class [Lorg.jetbrains.kotlin.psi.KtDotQualifiedExpression;                            : loaded 2 times (x 69B)
Class org.jetbrains.kotlin.psi.KtAnnotationsContainer                                 : loaded 2 times (x 70B)
Class org.jetbrains.kotlin.gradle.tasks.publishing.HelpersKt$maybeCreateBcConfiguration$1: loaded 2 times (x 79B)
Class kotlinx.coroutines.scheduling.CoroutineScheduler$Worker                         : loaded 2 times (x 110B)
Class kotlin.jvm.internal.markers.KMutableIterable                                    : loaded 2 times (x 70B)
Class kotlinx.coroutines.CoroutineStart$WhenMappings                                  : loaded 2 times (x 71B)
Class org.jetbrains.kotlin.gradle.plugin.mpp.KotlinUsages$KotlinMetadataDisambiguation: loaded 2 times (x 76B)
Class org.jetbrains.kotlin.config.MavenComparableVersion$ListItem                     : loaded 2 times (x 218B)
Class org.jetbrains.kotlin.gradle.plugin.mpp.compilationImpl.KotlinCompilationSideEffect$Companion: loaded 2 times (x 71B)
Class org.jetbrains.kotlin.gradle.artifacts.KotlinNativeHostSpecificMetadataArtifactKt$KotlinNativeHostSpecificMetadataArtifact$1: loaded 2 times (x 74B)
Class org.jetbrains.kotlin.konan.target.KonanTarget$ANDROID_ARM64                     : loaded 2 times (x 78B)
Class com.android.tools.lint.model.PathVariables                                      : loaded 2 times (x 72B)
Class org.jetbrains.kotlin.gradle.plugin.mpp.compilationImpl.KotlinCompilationFriendPathsResolver: loaded 2 times (x 70B)
Class org.jetbrains.kotlin.incremental.IncrementalJvmCacheKt                          : loaded 2 times (x 71B)
Class org.jetbrains.kotlin.incremental.classpathDiff.impl.InlinedClassSnapshotter     : loaded 2 times (x 75B)
Class build_4uub68vbkdc07ia04vudzqeg3                                                 : loaded 2 times (x 181B)
Class org.jetbrains.kotlin.statistics.BuildSessionLogger$Companion$listProfileFiles$lambda$4$$inlined$sortedBy$1: loaded 2 times (x 89B)
Class com.google.common.collect.ImmutableMultisetGwtSerializationDependencies         : loaded 2 times (x 125B)
Class [Lcom.google.common.base.Predicate;                                             : loaded 2 times (x 69B)
Class com.google.common.collect.Interners                                             : loaded 2 times (x 71B)
Class org.jetbrains.kotlin.gradle.tasks.K2MultiplatformStructure$RefinesEdge          : loaded 2 times (x 72B)
Class org.jetbrains.kotlin.gradle.plugin.mpp.SyncLanguageSettingsWithKotlinExtensionSetupActionKt$SyncLanguageSettingsWithKotlinExtensionSetupAction$1$1: loaded 2 times (x 75B)
Class org.jetbrains.kotlin.gradle.tasks.configuration.TaskConfigAction$configureTask$1: loaded 2 times (x 79B)
Class com.google.common.collect.AbstractMapBasedMultimap$2                            : loaded 2 times (x 85B)
Class org.jetbrains.kotlin.gradle.dsl.abi.AbiValidationExtension                      : loaded 2 times (x 70B)
Class org.jetbrains.kotlin.gradle.plugin.diagnostics.checkers.DuplicateSourceSetChecker$runChecks$1: loaded 2 times (x 88B)
Class org.jetbrains.kotlin.gradle.plugin.diagnostics.ToolingDiagnostic$Severity       : loaded 2 times (x 79B)
Class org.jetbrains.kotlin.gradle.dsl.JvmTarget                                       : loaded 2 times (x 79B)
Class org.jetbrains.kotlin.gradle.plugin.statistics.BuildFinishFlowAction$Parameters_Decorated: loaded 2 times (x 137B)
Class org.jetbrains.kotlin.gradle.internal.ClassLoadersCachingBuildService            : loaded 2 times (x 76B)
Class org.jetbrains.kotlin.gradle.plugin.VariantImplementationFactories$Inject        : loaded 2 times (x 106B)
Class org.jetbrains.kotlin.gradle.plugin.internal.DefaultJavaExecTaskParametersCompatibility$Factory: loaded 2 times (x 76B)
Class org.jetbrains.kotlin.gradle.plugin.VariantImplementationFactoriesConfigurator$Companion: loaded 2 times (x 71B)
Class org.objectweb.asm.RecordComponentWriter                                         : loaded 2 times (x 78B)
Class com.google.common.util.concurrent.AbstractFuture$Listener                       : loaded 2 times (x 72B)
Class Settings_gradle$1$1                                                             : loaded 2 times (x 74B)
Class com.google.common.collect.StandardTable$CellIterator                            : loaded 2 times (x 83B)
Class org.jetbrains.kotlin.load.java.JavaDefaultQualifiersKt                          : loaded 2 times (x 71B)
Class org.jetbrains.kotlin.descriptors.EffectiveVisibility$Unknown                    : loaded 2 times (x 75B)
Class [Lorg.apache.groovy.util.concurrent.concurrentlinkedhashmap.EntryWeigher;       : loaded 2 times (x 69B)
Class org.codehaus.groovy.transform.trait.Traits$TraitBridge                          : loaded 2 times (x 70B)
Class org.jetbrains.kotlin.cli.jvm.compiler.CliVirtualFileFinder                      : loaded 2 times (x 91B)
Class groovyjarjarantlr4.v4.runtime.atn.PredictionContextCache$PredictionContextAndInt: loaded 2 times (x 72B)
Class groovyjarjarantlr4.v4.runtime.atn.ATNConfigSet$ATNConfigSetIterator             : loaded 2 times (x 79B)
Class org.apache.groovy.parser.antlr4.GroovyParser$QualifiedNameElementsContext       : loaded 2 times (x 160B)
Class groovyjarjarantlr4.v4.runtime.atn.LexerAction                                   : loaded 2 times (x 70B)
Class groovyjarjarantlr4.v4.runtime.atn.ATNState                                      : loaded 2 times (x 89B)
Class groovyjarjarantlr4.v4.runtime.UnicodeCharStream                                 : loaded 2 times (x 70B)
Class org.apache.groovy.parser.antlr4.GroovyParser$MethodNameContext                  : loaded 2 times (x 158B)
Class org.apache.groovy.parser.antlr4.GroovyParser$ExpressionListElementContext       : loaded 2 times (x 158B)
Class org.jetbrains.kotlin.load.java.AbstractAnnotationTypeQualifierResolver          : loaded 2 times (x 77B)
Class org.codehaus.groovy.util.AbstractConcurrentMapBase$Entry                        : loaded 2 times (x 70B)
Class org.codehaus.groovy.runtime.metaclass.ReflectionMetaMethod                      : loaded 2 times (x 97B)
Class org.codehaus.groovy.reflection.CachedMethod                                     : loaded 2 times (x 112B)
Class org.jetbrains.kotlin.gradle.tasks.configuration.AbstractKotlinCompileConfig$1   : loaded 2 times (x 79B)
Class org.jetbrains.kotlin.gradle.plugin.sources.KotlinDependencyScope                : loaded 2 times (x 79B)
Class org.jetbrains.kotlin.gradle.plugin.mpp.KotlinMetadataCompilation                : loaded 2 times (x 70B)
Class org.jetbrains.kotlin.lexer.KotlinLexer                                          : loaded 2 times (x 86B)
Class org.jetbrains.kotlin.extensions.AnnotationBasedExtension                        : loaded 2 times (x 70B)
Class org.jetbrains.kotlin.metadata.jvm.deserialization.ModuleMapping$Companion       : loaded 2 times (x 71B)
Class org.jetbrains.kotlin.psi.ValueArgumentName                                      : loaded 2 times (x 70B)
Class [Lorg.jetbrains.kotlin.psi.KtExpressionImplStub;                                : loaded 2 times (x 69B)
Class org.jetbrains.kotlin.psi.KtPureClassOrObject                                    : loaded 2 times (x 70B)
Class org.jetbrains.kotlin.gradle.utils.FutureKt$future$1                             : loaded 2 times (x 95B)
Class kotlin.collections.AbstractSet$Companion                                        : loaded 2 times (x 71B)
Class com.android.ide.common.gradle.Version$Companion$ParseState                      : loaded 2 times (x 70B)
Class [Lorg.jetbrains.kotlin.utils.DescriptionAware;                                  : loaded 2 times (x 69B)
Class org.jetbrains.kotlin.gradle.report.GradleBuildMetricsReporter                   : loaded 2 times (x 100B)
Class org.jetbrains.kotlin.incremental.classpathDiff.impl.PrefixBasedSnapshotter$special$$inlined$sortedBy$1: loaded 2 times (x 89B)
Class build_bl5v8kkyws3i7vobgeoyk71iv$_run_closure1                                   : loaded 2 times (x 139B)
Class com.google.common.hash.Hashing$ChecksumType                                     : loaded 2 times (x 88B)
Class org.jetbrains.kotlin.config.Services$Builder                                    : loaded 2 times (x 72B)
Class org.jetbrains.kotlin.gradle.tasks.KotlinCompile$createCompilerArguments$1$3$1   : loaded 2 times (x 79B)
Class com.google.common.collect.ForwardingSet                                         : loaded 2 times (x 151B)
Class [Lorg.jetbrains.kotlin.compilerRunner.KotlinCompilerArgumentsLogLevel;          : loaded 2 times (x 69B)
Class org.jetbrains.kotlin.gradle.tasks.KotlinCompile_Decorated                       : loaded 2 times (x 610B)
Class org.jetbrains.kotlin.gradle.plugin.mpp.SyncLanguageSettingsWithKotlinExtensionSetupActionKt$SyncLanguageSettingsWithKotlinExtensionSetupAction$1$2: loaded 2 times (x 75B)
Class org.jetbrains.kotlin.gradle.plugin.internal.BuildIdService$Companion            : loaded 2 times (x 71B)
Class org.jetbrains.kotlin.gradle.plugin.diagnostics.checkers.OverriddenKotlinNativeHomeChecker$StdlibExistenceCheckerValueSource$Companion: loaded 2 times (x 71B)
Class org.jetbrains.kotlin.gradle.targets.js.dsl.KotlinWasmSubTargetContainerDsl      : loaded 2 times (x 70B)
Class org.jetbrains.kotlin.gradle.plugin.diagnostics.checkers.WasmWasiEnvironmentChecker$1: loaded 2 times (x 78B)
Class org.jetbrains.kotlin.gradle.plugin.diagnostics.checkers.DisabledCinteropCommonizationInHmppProjectChecker: loaded 2 times (x 74B)
Class org.jetbrains.kotlin.gradle.plugin.diagnostics.checkers.NoKotlinTargetsDeclaredChecker: loaded 2 times (x 74B)
Class org.jetbrains.kotlin.gradle.targets.jvm.KotlinJvmTargetTestFixturesSideEffectKt$ConfigureJavaTestFixturesSideEffect$1: loaded 2 times (x 74B)
Class org.jetbrains.kotlin.gradle.tasks.publishing.HelpersKt$inlined$sam$i$org_gradle_api_Action$0: loaded 2 times (x 75B)
Class org.jetbrains.kotlin.gradle.utils.StoredPropertyStorage                         : loaded 2 times (x 72B)
Class org.jetbrains.kotlin.gradle.plugin.KotlinSourceSetContainer                     : loaded 2 times (x 70B)
Class org.gradle.internal.classloader.VisitableURLClassLoader                         : loaded 2 times (x 117B)
Class org.jetbrains.kotlin.resolve.deprecation.DeprecationInfo                        : loaded 2 times (x 79B)
Class org.jetbrains.kotlin.gradle.tasks.KotlinCompile$androidLayoutResources$1        : loaded 2 times (x 74B)
Class [Lkotlin.DeprecationLevel;                                                      : loaded 2 times (x 69B)
Class org.jetbrains.kotlin.resolve.calls.inference.components.VariableFixationFinder$TypeVariableFixationReadiness: loaded 2 times (x 79B)
Class org.jetbrains.kotlin.diagnostics.PositioningStrategies$DELEGATED_SUPERTYPE_BY_KEYWORD$1: loaded 2 times (x 74B)
Class org.jetbrains.kotlin.diagnostics.PositioningStrategies$FOR_REDECLARATION$1      : loaded 2 times (x 74B)
Class org.jetbrains.kotlin.diagnostics.PositioningStrategy                            : loaded 2 times (x 74B)
Class com.google.protobuf.ExtensionRegistryLite                                       : loaded 2 times (x 74B)
Class org.jetbrains.kotlin.load.java.typeEnhancement.TypeEnhancementUtilsKt           : loaded 2 times (x 71B)
Class org.jetbrains.kotlin.types.TypeApproximatorConfiguration$AllFlexibleSameValue   : loaded 2 times (x 87B)
Class org.jetbrains.kotlin.load.java.structure.impl.VirtualFileBoundJavaClass         : loaded 2 times (x 70B)
Class org.codehaus.groovy.classgen.asm.OptimizingStatementWriter                      : loaded 2 times (x 92B)
Class org.apache.groovy.util.concurrent.concurrentlinkedhashmap.ConcurrentLinkedHashMap$DiscardingListener: loaded 2 times (x 82B)
Class org.jetbrains.kotlin.resolve.jvm.diagnostics.JvmDeclarationOriginKind           : loaded 2 times (x 79B)
Class org.apache.groovy.parser.antlr4.GroovyParser$ScriptStatementsContext            : loaded 2 times (x 160B)
Class org.apache.groovy.parser.antlr4.GroovyParser$ForInitContext                     : loaded 2 times (x 158B)
Class org.apache.groovy.parser.antlr4.GroovyParser$EnhancedStatementExpressionContext : loaded 2 times (x 158B)
Class org.apache.groovy.parser.antlr4.GroovyParser$ExclusiveOrExprAltContext          : loaded 2 times (x 162B)
Class org.apache.groovy.parser.antlr4.GroovyParser$QualifiedClassNameContext          : loaded 2 times (x 158B)
Class org.codehaus.groovy.control.io.AbstractReaderSource                             : loaded 2 times (x 87B)
Class org.codehaus.groovy.tools.GroovyClass                                           : loaded 2 times (x 74B)
Class org.codehaus.groovy.ast.MixinNode                                               : loaded 2 times (x 243B)
Class org.codehaus.groovy.runtime.wrappers.Wrapper                                    : loaded 2 times (x 88B)
Class org.codehaus.groovy.runtime.dgm$1154                                            : loaded 2 times (x 96B)
Class org.codehaus.groovy.control.CompilerConfiguration$1                             : loaded 2 times (x 122B)
Class org.codehaus.groovy.ast.stmt.LoopingStatement                                   : loaded 2 times (x 70B)
Class org.jetbrains.kotlin.resolve.checkers.ContextualDeclarationChecker              : loaded 2 times (x 74B)
Class org.codehaus.groovy.runtime.metaclass.MetaMethodIndex                           : loaded 2 times (x 93B)
Class org.jetbrains.kotlin.container.ValueResolver                                    : loaded 2 times (x 70B)
Class [Lcom.android.resources.ScreenRound;                                            : loaded 2 times (x 69B)
Class it.unimi.dsi.fastutil.objects.Object2IntMap                                     : loaded 2 times (x 70B)
Class org.jetbrains.kotlin.parsing.KotlinParsing$ModifierDetector                     : loaded 2 times (x 78B)
Class kotlin.sequences.GeneratorSequence                                              : loaded 2 times (x 75B)
Class org.jetbrains.kotlin.utils.SmartList                                            : loaded 2 times (x 201B)
Class org.jetbrains.kotlin.types.DefaultTypeAttributeTranslator                       : loaded 2 times (x 75B)
Class org.jetbrains.kotlin.storage.LockBasedStorageManager$ExceptionHandlingStrategy  : loaded 2 times (x 70B)
Class org.jetbrains.kotlin.psi.stubs.KotlinContextReceiverStub                        : loaded 2 times (x 70B)
Class org.jetbrains.kotlin.psi.stubs.elements.KtStringTemplateExpressionElementType   : loaded 2 times (x 103B)
Class kotlin.reflect.jvm.internal.KClassImpl                                          : loaded 2 times (x 115B)
Class org.jetbrains.kotlin.com.google.common.cache.LocalCache$ComputingValueReference : loaded 2 times (x 96B)
Class org.jetbrains.kotlin.compilerRunner.CompilerSystemPropertiesService$Parameters$Inject: loaded 2 times (x 106B)
Class com.android.ide.common.repository.AgpVersion$Companion                          : loaded 2 times (x 71B)
Class kotlin.sequences.FlatteningSequence$iterator$1                                  : loaded 2 times (x 79B)
Class com.android.prefs.AbstractAndroidLocations                                      : loaded 2 times (x 82B)
Class org.jetbrains.kotlin.inline.InlineFunction                                      : loaded 2 times (x 75B)
Class build_6wed68ez98fl6tbhkeiazf294$_run_closure1                                   : loaded 2 times (x 139B)
Class org.jetbrains.kotlin.cli.common.arguments.ArgumentField                         : loaded 2 times (x 72B)
Class org.jetbrains.kotlin.statistics.metrics.NumberOverridePolicy$OVERRIDE$fromStringRepresentation$1: loaded 2 times (x 78B)
Class org.jetbrains.kotlin.daemon.common.CompilationOptions$Companion                 : loaded 2 times (x 71B)
Class com.google.common.collect.ImmutableList$SerializedForm                          : loaded 2 times (x 73B)
Class org.jetbrains.kotlin.gradle.plugin.statistics.plugins.ObservablePlugins         : loaded 2 times (x 79B)
Class org.jetbrains.kotlin.gradle.plugin.sources.InternalKotlinSourceSetKt$awaitPlatformCompilations$1: loaded 2 times (x 88B)
Class [Lorg.jetbrains.kotlin.gradle.plugin.sources.KotlinDependencyScope;             : loaded 2 times (x 69B)
Class org.jetbrains.kotlin.gradle.tasks.configuration.BaseKotlinCompileConfig$configureCommonParameters$1: loaded 2 times (x 74B)
Class org.jetbrains.kotlin.gradle.plugin.mpp.compilationImpl.factory.ConfigurationNaming: loaded 2 times (x 70B)
Class org.jetbrains.kotlin.gradle.plugin.mpp.compilationImpl.DefaultKotlinCompilationPostConfigureKt: loaded 2 times (x 71B)
Class org.jetbrains.kotlin.konan.target.KonanTarget$WATCHOS_X64                       : loaded 2 times (x 78B)
Class org.jetbrains.kotlin.gradle.plugin.diagnostics.KotlinGradleProjectCheckersRunnerKt: loaded 2 times (x 71B)
Class org.jetbrains.kotlin.gradle.internal.IdeaKt$isInIdeaEnvironment$1               : loaded 2 times (x 74B)
Class [Lorg.jetbrains.kotlin.tooling.core.HasExtras;                                  : loaded 2 times (x 69B)
Class org.jetbrains.kotlin.gradle.plugin.diagnostics.checkers.IncorrectCompileOnlyDependenciesChecker: loaded 2 times (x 74B)
Class org.jetbrains.kotlin.gradle.plugin.diagnostics.checkers.WasmWasiEnvironmentChecker$2: loaded 2 times (x 78B)
Class org.jetbrains.kotlin.gradle.plugin.abi.AbiValidationActionKt                    : loaded 2 times (x 71B)
Class org.jetbrains.kotlin.gradle.dsl.DefaultToolchainSupport$wireToolchainToTasks$1$1: loaded 2 times (x 75B)
Class org.jetbrains.kotlin.gradle.plugin.statistics.BuildFinishFlowProviderManager$subscribeForBuildResults$1: loaded 2 times (x 75B)
Class org.jetbrains.kotlin.gradle.plugin.statistics.FusUtilKt                         : loaded 2 times (x 71B)
Class org.jetbrains.kotlin.gradle.utils.SingleActionPerProject                        : loaded 2 times (x 73B)
Class org.jetbrains.kotlin.gradle.plugin.DefaultKotlinBasePlugin                      : loaded 2 times (x 82B)
Class org.jetbrains.kotlin.load.kotlin.header.ReadKotlinClassHeaderAnnotationVisitor$1: loaded 2 times (x 71B)
Class org.gradle.internal.Cast                                                        : loaded 2 times (x 71B)
Class org.gradle.api.Action                                                           : loaded 2 times (x 70B)
Class org.jetbrains.kotlin.incremental.classpathDiff.impl.ClassListSnapshotterKt      : loaded 2 times (x 71B)
Class org.jetbrains.kotlin.incremental.classpathDiff.impl.BasicClassInfo              : loaded 2 times (x 72B)
Class org.jetbrains.kotlin.load.java.BuiltinSpecialProperties                         : loaded 2 times (x 71B)
Class org.jetbrains.kotlin.parsing.ParseUtilsKt                                       : loaded 2 times (x 71B)
Class org.jetbrains.kotlin.diagnostics.PositioningStrategies$IF_EXPRESSION$1          : loaded 2 times (x 74B)
Class org.jetbrains.kotlin.diagnostics.PositioningStrategies$WHEN_GUARD$1             : loaded 2 times (x 74B)
Class org.jetbrains.kotlin.load.java.typeEnhancement.JavaTypeQualifiers$Companion     : loaded 2 times (x 71B)
Class com.android.tools.analytics.AnalyticsSettingsData$Companion                     : loaded 2 times (x 71B)
Class groovyjarjarasm.asm.Attribute                                                   : loaded 2 times (x 77B)
Class org.jetbrains.kotlin.incremental.storage.ProtoMapValue                          : loaded 2 times (x 72B)
Class org.apache.groovy.util.concurrent.concurrentlinkedhashmap.EntryWeigher          : loaded 2 times (x 70B)
Class kotlin.properties.ReadWriteProperty                                             : loaded 2 times (x 70B)
Class [Lorg.jetbrains.kotlin.config.JvmTarget;                                        : loaded 2 times (x 69B)
Class groovyjarjarantlr4.v4.runtime.tree.SyntaxTree                                   : loaded 2 times (x 70B)
Class org.jetbrains.kotlin.mpp.SimpleFunctionSymbolMarker                             : loaded 2 times (x 70B)
Class org.jetbrains.kotlin.mpp.ConstructorSymbolMarker                                : loaded 2 times (x 70B)
Class org.codehaus.groovy.ast.expr.ElvisOperatorExpression                            : loaded 2 times (x 130B)
Class org.jetbrains.kotlin.resolve.checkers.ClassifierUsageChecker                    : loaded 2 times (x 70B)
Class org.jetbrains.kotlin.resolve.calls.checkers.NullableVarargArgumentCallChecker   : loaded 2 times (x 74B)
Class org.jetbrains.kotlin.resolve.calls.checkers.ImplicitNothingAsTypeParameterCallChecker: loaded 2 times (x 74B)
Class org.jetbrains.kotlin.resolve.checkers.ReifiedTypeParameterAnnotationChecker     : loaded 2 times (x 74B)
Class org.jetbrains.kotlin.container.ContainerConsistencyException                    : loaded 2 times (x 82B)
Class org.jetbrains.kotlin.container.ValueResolveContext                              : loaded 2 times (x 70B)
Class org.jetbrains.kotlin.storage.DefaultSimpleLock                                  : loaded 2 times (x 78B)
Class org.codehaus.groovy.util.LockableObject                                         : loaded 2 times (x 78B)
Class org.jetbrains.kotlin.fileClasses.JvmFileClassUtil                               : loaded 2 times (x 71B)
Class com.android.ide.common.resources.configuration.ResourceQualifier                : loaded 2 times (x 88B)
Class org.jetbrains.kotlin.psi.KtNameReferenceExpression$Companion                    : loaded 2 times (x 71B)
Class org.jetbrains.kotlin.psi.KtOperationReferenceExpression                         : loaded 2 times (x 569B)
Class org.jetbrains.kotlin.metadata.jvm.JvmModuleProtoBuf$PackageParts$1              : loaded 2 times (x 144B)
Class com.android.tools.lint.model.DefaultLintModelAndroidArtifact                    : loaded 2 times (x 93B)
Class org.jetbrains.kotlin.cli.jvm.compiler.KotlinCoreApplicationEnvironmentMode$UnitTest: loaded 2 times (x 71B)
Class it.unimi.dsi.fastutil.ints.IntArrays$ArrayHashStrategy                          : loaded 2 times (x 75B)
Class org.jetbrains.kotlin.psi.KtConstantExpression                                   : loaded 2 times (x 506B)
Class org.jetbrains.kotlin.psi.KtValueArgumentList                                    : loaded 2 times (x 454B)
Class org.jetbrains.kotlin.psi.stubs.KotlinAnnotationEntryStub                        : loaded 2 times (x 70B)
Class kotlin.collections.AbstractMutableList                                          : loaded 2 times (x 206B)
Class kotlin.reflect.jvm.internal.impl.name.ClassId$Companion                         : loaded 2 times (x 71B)
Class org.jetbrains.kotlin.compiler.plugin.CompilerPluginRegistrar                    : loaded 2 times (x 73B)
Class kotlinx.coroutines.CompletedExceptionally                                       : loaded 2 times (x 72B)
Class kotlin.coroutines.AbstractCoroutineContextKey                                   : loaded 2 times (x 72B)
Class com.android.ide.common.gradle.Version$Companion                                 : loaded 2 times (x 71B)
Class com.android.tools.lint.model.DefaultLintModelMavenName                          : loaded 2 times (x 87B)
Class kotlin.ranges.IntProgression$Companion                                          : loaded 2 times (x 71B)
Class kotlin.collections.builders.MapBuilder                                          : loaded 2 times (x 112B)
Class org.jetbrains.kotlin.psi.stubs.KotlinFileStub                                   : loaded 2 times (x 70B)
Class kotlin.jvm.internal.MutablePropertyReference2                                   : loaded 2 times (x 137B)
Class org.jetbrains.kotlin.metadata.ProtoBuf$Effect$EffectConditionKind               : loaded 2 times (x 82B)
Class kotlin.reflect.jvm.internal.ReflectProperties$Val                               : loaded 2 times (x 74B)
Class com.google.common.io.Resources                                                  : loaded 2 times (x 71B)
Class org.jetbrains.kotlin.daemon.client.KotlinCompilerClientKt                       : loaded 2 times (x 71B)
Class org.jetbrains.kotlin.compilerRunner.CompilerEnvironment                         : loaded 2 times (x 73B)
Class org.jetbrains.kotlin.statistics.metrics.StatisticsValuesConsumer$DefaultImpls   : loaded 2 times (x 71B)
Class org.jetbrains.kotlin.com.google.common.cache.LocalCache$LocalManualCache        : loaded 2 times (x 99B)
Class org.jetbrains.kotlin.com.google.common.base.Suppliers                           : loaded 2 times (x 71B)
Class [Lorg.jetbrains.kotlin.gradle.plugin.mpp.KotlinUsageContext$MavenScope;         : loaded 2 times (x 69B)
Class org.jetbrains.kotlin.gradle.tasks.configuration.BaseKotlinCompileConfig$configureCommonParameters$2: loaded 2 times (x 75B)
Class org.jetbrains.kotlin.gradle.plugin.mpp.compilationImpl.KotlinCompilationCompilerOptionsFromTargetConfigurator: loaded 2 times (x 74B)
Class [Lorg.jetbrains.kotlin.gradle.plugin.mpp.compilationImpl.DefaultKotlinCompilationFriendPathsResolver$FriendArtifactResolver;: loaded 2 times (x 69B)
Class org.jetbrains.kotlin.gradle.internal.IdeaKt$isInIdeaEnvironment$2               : loaded 2 times (x 74B)
Class org.jetbrains.kotlin.gradle.utils.FailuresKt$ideaSyncClasspathModeUtil$1        : loaded 2 times (x 72B)
Class org.jetbrains.kotlin.gradle.plugin.diagnostics.KotlinToolingDiagnosticsCollector$Inject: loaded 2 times (x 96B)
Class org.jetbrains.kotlin.gradle.artifacts.KotlinJsKlibArtifactKt                    : loaded 2 times (x 71B)
Class org.jetbrains.kotlin.gradle.dsl.KotlinTargetContainerWithWasmPresetFunctions    : loaded 2 times (x 70B)
Class org.jetbrains.kotlin.gradle.plugin.GradleUtilsKt                                : loaded 2 times (x 71B)
Class org.jetbrains.kotlin.gradle.internal.properties.PropertiesBuildService          : loaded 2 times (x 76B)
Class org.jetbrains.kotlin.gradle.plugin.BuildFinishedListenerService$Companion$registerIfAbsent$1$1$1: loaded 2 times (x 75B)
Class org.objectweb.asm.Handler                                                       : loaded 2 times (x 72B)
Class com.google.common.base.Ticker                                                   : loaded 2 times (x 72B)
Class jdk.internal.jimage.decompressor.ZipDecompressor                                : loaded 2 times (x 75B)
Class org.jetbrains.kotlin.utils.DFS                                                  : loaded 2 times (x 71B)
Class com.google.protobuf.Utf8$SafeProcessor                                          : loaded 2 times (x 77B)
Class [Lcom.android.tools.analytics.Environment$EnvironmentVariable;                  : loaded 2 times (x 69B)
Class org.jetbrains.kotlin.psi.KtObjectDeclaration                                    : loaded 2 times (x 1103B)
Class [Lorg.jetbrains.kotlin.psi.KtTypeProjection;                                    : loaded 2 times (x 69B)
Class org.jetbrains.kotlin.types.model.TypeSystemTypeFactoryContext                   : loaded 2 times (x 70B)
Class org.codehaus.groovy.ast.stmt.CaseStatement                                      : loaded 2 times (x 114B)
Class groovy.transform.Generated                                                      : loaded 2 times (x 70B)
Class org.jetbrains.kotlin.resolve.calls.checkers.CallChecker                         : loaded 2 times (x 70B)
Class org.jetbrains.kotlin.util.AbstractArrayMapOwner                                 : loaded 2 times (x 81B)
Class org.jetbrains.kotlin.psi.KtArrayAccessExpression                                : loaded 2 times (x 505B)
Class org.jetbrains.kotlin.metadata.builtins.BuiltInsBinaryVersion$Companion          : loaded 2 times (x 71B)
Class org.jetbrains.kotlin.psi.KtFunctionTypeReceiver                                 : loaded 2 times (x 446B)
Class [Lorg.jetbrains.kotlin.psi.KtNullableType;                                      : loaded 2 times (x 69B)
Class kotlin.jvm.internal.markers.KMutableIterator                                    : loaded 2 times (x 70B)
Class kotlin.reflect.jvm.internal.KClassImpl$Data$$Lambda$10                          : loaded 2 times (x 76B)
Class kotlin.reflect.jvm.internal.KDeclarationContainerImpl$Data$$Lambda$0            : loaded 2 times (x 76B)
Class org.jetbrains.kotlin.config.JvmTarget                                           : loaded 2 times (x 83B)
Class com.android.SdkConstants                                                        : loaded 2 times (x 71B)
Class org.jetbrains.kotlin.storage.MemoizedFunctionToNotNull                          : loaded 2 times (x 70B)
Class kotlin.KotlinNothingValueException                                              : loaded 2 times (x 82B)
Class org.jetbrains.kotlin.config.LanguageVersionSettingsKt                           : loaded 2 times (x 71B)
Class org.jetbrains.kotlin.resolve.extensions.SyntheticResolveExtension               : loaded 2 times (x 70B)
Class org.jetbrains.kotlin.incremental.impl.InstanceOwnerRecordingClassVisitor$visitMethod$1: loaded 2 times (x 105B)
Class com.google.common.cache.RemovalCause$1                                          : loaded 2 times (x 80B)
Class org.jetbrains.kotlin.compilerRunner.GradleCompilerRunnerWithWorkers$GradleKotlinCompilerWorkAction: loaded 2 times (x 78B)
Class org.jetbrains.kotlin.com.google.common.cache.LocalCache$ValueReference          : loaded 2 times (x 70B)
Class com.google.common.collect.ImmutableSortedSet$Builder                            : loaded 2 times (x 86B)
Class org.jetbrains.kotlin.gradle.tasks.KotlinCompile$javaSources$1                   : loaded 2 times (x 75B)
Class org.jetbrains.kotlin.incremental.IncrementalCompilationFeatures                 : loaded 2 times (x 71B)
Class org.jetbrains.kotlin.gradle.plugin.KotlinTarget$DefaultImpls                    : loaded 2 times (x 71B)
Class org.jetbrains.kotlin.gradle.tasks.abi.KotlinLegacyAbiDumpTaskImpl               : loaded 2 times (x 348B)
Class org.jetbrains.kotlin.gradle.plugin.diagnostics.KotlinToolingDiagnosticsCollector: loaded 2 times (x 76B)
Class org.jetbrains.kotlin.gradle.plugin.mpp.compilationImpl.KotlinCreateCompilationArchiveTaskKt: loaded 2 times (x 71B)
Class org.jetbrains.kotlin.tooling.core.MutableExtrasImpl                             : loaded 2 times (x 165B)
Class org.jetbrains.kotlin.gradle.plugin.statistics.KotlinBuildStatsMXBean            : loaded 2 times (x 70B)
Class org.jetbrains.kotlin.gradle.utils.FileUtilsKt                                   : loaded 2 times (x 71B)
Class [Lcom.google.common.cache.LocalCache$Segment;                                   : loaded 2 times (x 69B)
Class [Lcom.google.common.cache.LocalCache$Strength;                                  : loaded 2 times (x 69B)
Class com.google.common.cache.CacheBuilder$1                                          : loaded 2 times (x 85B)
Class org.gradle.internal.classpath.DefaultClassPath$ImmutableUniqueList$Builder      : loaded 2 times (x 75B)
Class org.jetbrains.kotlin.load.java.structure.JavaTypesKt                            : loaded 2 times (x 71B)
Class com.google.common.collect.RowSortedTable                                        : loaded 2 times (x 70B)
Class org.jetbrains.kotlin.types.AbstractFlexibilityChecker                           : loaded 2 times (x 71B)
Class org.jetbrains.kotlin.resolve.jvm.JvmPrimitiveType                               : loaded 2 times (x 79B)
Class org.jetbrains.kotlin.resolve.jvm.KotlinJavaPsiFacade                            : loaded 2 times (x 86B)
Class org.codehaus.groovy.transform.stc.AbstractExtensionMethodCache                  : loaded 2 times (x 76B)
Class org.apache.groovy.parser.antlr4.GroovyParser$FieldDeclarationContext            : loaded 2 times (x 157B)
Class org.jetbrains.kotlin.serialization.deserialization.ProtoContainer$Package       : loaded 2 times (x 73B)
Class org.apache.groovy.parser.antlr4.GroovyParser$ClassBodyContext                   : loaded 2 times (x 166B)
Class groovyjarjarantlr4.v4.runtime.atn.RangeTransition                               : loaded 2 times (x 76B)
Class org.apache.groovy.parser.antlr4.GroovyParser$VariableDeclarationContext         : loaded 2 times (x 164B)
Class org.codehaus.groovy.classgen.GeneratorContext                                   : loaded 2 times (x 77B)
Class org.codehaus.groovy.ast.stmt.BreakStatement                                     : loaded 2 times (x 111B)
Class org.codehaus.groovy.runtime.metaclass.NewInstanceMetaMethod                     : loaded 2 times (x 99B)
Class groovy.io.GroovyPrintWriter                                                     : loaded 2 times (x 129B)
Class org.codehaus.groovy.ast.expr.PropertyExpression                                 : loaded 2 times (x 140B)
Class [Lgroovy.lang.MetaObjectProtocol;                                               : loaded 2 times (x 69B)
Class org.codehaus.groovy.util.ReferenceManager                                       : loaded 2 times (x 76B)
Class org.codehaus.groovy.reflection.stdclasses.FloatCachedClass                      : loaded 2 times (x 95B)
Class com.android.resources.GrammaticalGender                                         : loaded 2 times (x 86B)
Class com.android.ide.common.resources.configuration.DensityQualifier                 : loaded 2 times (x 89B)
Class org.jetbrains.kotlin.psi.KtTryExpression                                        : loaded 2 times (x 441B)
Class org.jetbrains.kotlin.parsing.KotlinParsing                                      : loaded 2 times (x 124B)
Class org.jetbrains.kotlin.psi.KtTypeParameterListOwnerNotStubbed                     : loaded 2 times (x 926B)
Class [Lorg.jetbrains.kotlin.lexer.KtSingleValueToken;                                : loaded 2 times (x 69B)
Class org.jetbrains.kotlin.extensions.internal.TypeResolutionInterceptorExtension     : loaded 2 times (x 70B)
Class org.jetbrains.kotlin.metadata.ProtoBuf$QualifiedNameTable$QualifiedName$Kind$1  : loaded 2 times (x 74B)
Class org.jetbrains.kotlin.psi.KtProjectionKind                                       : loaded 2 times (x 79B)
Class org.jetbrains.kotlin.utils.exceptions.KotlinExceptionWithAttachments            : loaded 2 times (x 70B)
Class org.jetbrains.kotlin.psi.KtTypeElement                                          : loaded 2 times (x 70B)
Class org.jetbrains.kotlin.psi.KtCallableDeclaration                                  : loaded 2 times (x 70B)
Class org.jetbrains.kotlin.psi.KtDeclarationWithBody                                  : loaded 2 times (x 70B)
Class kotlin.reflect.jvm.internal.KClassImpl$Data$$Lambda$11                          : loaded 2 times (x 76B)
Class kotlin.reflect.jvm.internal.KDeclarationContainerImpl$Data                      : loaded 2 times (x 72B)
Class groovy.lang.MissingFieldException                                               : loaded 2 times (x 89B)
Class kotlinx.coroutines.CoroutineStart                                               : loaded 2 times (x 79B)
Class kotlinx.coroutines.scheduling.UnlimitedIoScheduler                              : loaded 2 times (x 102B)
Class org.codehaus.groovy.ast.MethodNode                                              : loaded 2 times (x 157B)
Class [Lcom.android.prefs.LocationValue;                                              : loaded 2 times (x 69B)
Class org.codehaus.groovy.runtime.MetaClassHelper                                     : loaded 2 times (x 71B)
Class org.jetbrains.kotlin.incremental.classpathDiff.PackageFacadeKotlinClassSnapshot : loaded 2 times (x 76B)
Class org.jetbrains.kotlin.incremental.classpathDiff.ClassSnapshotExternalizer        : loaded 2 times (x 76B)
Class org.jetbrains.kotlin.incremental.classpathDiff.impl.ClassListSnapshotterWithInlinedClassSupport: loaded 2 times (x 75B)
Class com.google.common.cache.RemovalCause$2                                          : loaded 2 times (x 80B)
Class org.jetbrains.kotlin.daemon.common.LoopbackNetworkInterface                     : loaded 2 times (x 71B)
Class org.jetbrains.kotlin.compilerRunner.GradleKotlinCompilerWork$compileWithDaemonOrFallbackImpl$1$3: loaded 2 times (x 79B)
Class org.jetbrains.kotlin.gradle.plugin.mpp.KotlinCompilationFactory$DefaultImpls    : loaded 2 times (x 71B)
Class com.google.gson.stream.JsonToken                                                : loaded 2 times (x 79B)
Class org.jetbrains.kotlin.gradle.tasks.abi.AbiToolsTask$Companion                    : loaded 2 times (x 71B)
Class org.jetbrains.kotlin.gradle.plugin.diagnostics.checkers.InternalGradlePropertiesUsageChecker: loaded 2 times (x 74B)
Class org.jetbrains.kotlin.gradle.plugin.mpp.compilationImpl.CreateCInteropTasksSideEffectKt: loaded 2 times (x 71B)
Class org.jetbrains.kotlin.gradle.testing.internal.KotlinTestsRegistry$Companion      : loaded 2 times (x 71B)
Class org.jetbrains.kotlin.gradle.dsl.KotlinCommonCompilerToolOptions                 : loaded 2 times (x 70B)
Class org.jetbrains.kotlin.gradle.plugin.PropertiesProvider$propertyWithValueReporting$1: loaded 2 times (x 75B)
Class org.jetbrains.kotlin.gradle.internal.properties.PropertiesBuildService$Companion$registerIfAbsent$1: loaded 2 times (x 75B)
Class org.jetbrains.kotlin.gradle.plugin.internal.DefaultConfigurationCacheStartParameterAccessorVariantFactory: loaded 2 times (x 76B)
Class com.google.common.cache.LocalCache                                              : loaded 2 times (x 187B)
Class com.google.common.cache.CacheBuilder$2                                          : loaded 2 times (x 79B)
Class androidx.annotation.experimental.lint.ExperimentalIssueRegistry                 : loaded 2 times (x 83B)
Class androidx.activity.lint.ActivityResultFragmentVersionDetector$createUastHandler$1: loaded 2 times (x 127B)
Class org.jetbrains.kotlin.resolve.checkers.ReservedMembersAndConstructsForValueClass : loaded 2 times (x 74B)
Class org.jetbrains.kotlin.resolve.calls.inference.components.ResultTypeResolver$sinkIntegerLiteralTypes$1$containsILT$1: loaded 2 times (x 75B)
Class [Lorg.jetbrains.kotlin.codegen.signature.BothSignatureWriter$Mode;              : loaded 2 times (x 69B)
Class org.jetbrains.kotlin.load.kotlin.TypeMappingMode$Companion                      : loaded 2 times (x 71B)
Class org.jetbrains.kotlin.diagnostics.PositioningStrategies$RECEIVER$1               : loaded 2 times (x 74B)
Class org.jetbrains.kotlin.resolve.calls.inference.model.ArgumentConstraintPosition   : loaded 2 times (x 72B)
Class org.jetbrains.kotlin.resolve.calls.model.PostponedAtomWithRevisableExpectedType : loaded 2 times (x 70B)
Class org.jetbrains.kotlin.load.java.structure.JavaAnnotation                         : loaded 2 times (x 70B)
Class com.google.gson.TypeAdapter$1                                                   : loaded 2 times (x 74B)
Class org.jetbrains.kotlin.builtins.jvm.JavaToKotlinClassMap$PlatformMutabilityMapping: loaded 2 times (x 72B)
Class [Lorg.codehaus.groovy.classgen.asm.BinaryExpressionWriter;                      : loaded 2 times (x 69B)
Class org.jetbrains.kotlin.types.expressions.OperatorConventions                      : loaded 2 times (x 71B)
Class org.jetbrains.kotlin.resolve.checkers.SealedInterfaceAllowedChecker             : loaded 2 times (x 74B)
Class org.apache.groovy.parser.antlr4.GroovyParser$ReturnStmtAltContext               : loaded 2 times (x 159B)
Class org.apache.groovy.parser.antlr4.GroovyParser$PrimitiveTypeContext               : loaded 2 times (x 157B)
Class [Lgroovyjarjarasm.asm.Opcodes;                                                  : loaded 2 times (x 69B)
Class org.jetbrains.kotlin.resolve.calls.inference.components.VariableFixationFinder  : loaded 2 times (x 72B)
Class org.jetbrains.kotlin.diagnostics.DiagnosticSink                                 : loaded 2 times (x 70B)
Class org.jetbrains.kotlin.resolve.calls.checkers.DslScopeViolationCallChecker        : loaded 2 times (x 74B)
Class org.jetbrains.kotlin.resolve.checkers.KClassWithIncorrectTypeArgumentChecker    : loaded 2 times (x 74B)
Class org.codehaus.groovy.runtime.ProcessGroovyMethods                                : loaded 2 times (x 71B)
Class org.codehaus.groovy.util.ComplexKeyHashMap                                      : loaded 2 times (x 79B)
Class org.codehaus.groovy.util.Reference                                              : loaded 2 times (x 70B)
Class org.codehaus.groovy.reflection.stdclasses.CachedSAMClass                        : loaded 2 times (x 95B)
Class it.unimi.dsi.fastutil.objects.AbstractObject2IntFunction                        : loaded 2 times (x 119B)
Class org.jetbrains.kotlin.parsing.KotlinParsing$PropertyComponentKind$Collector      : loaded 2 times (x 74B)
Class org.codehaus.groovy.ast.expr.TupleExpression                                    : loaded 2 times (x 138B)
Class org.apache.groovy.parser.antlr4.GroovyParserVisitor                             : loaded 2 times (x 70B)
Class org.jetbrains.kotlin.psi.KtLabeledExpression                                    : loaded 2 times (x 554B)
Class org.apache.groovy.parser.antlr4.GroovyParser$SuperPrmrAltContext                : loaded 2 times (x 158B)
Class kotlin.annotation.Target                                                        : loaded 2 times (x 70B)
Class org.jetbrains.kotlin.psi.KtImportInfo                                           : loaded 2 times (x 70B)
Class [Lorg.jetbrains.kotlin.psi.KtObjectDeclaration;                                 : loaded 2 times (x 69B)
Class kotlin.reflect.jvm.internal.impl.builtins.PrimitiveType$Companion               : loaded 2 times (x 71B)
Class kotlin.jvm.functions.Function4                                                  : loaded 2 times (x 70B)
Class kotlin.reflect.jvm.internal.KClassImpl$Data$$Lambda$12                          : loaded 2 times (x 76B)
Class kotlin.reflect.jvm.internal.KClassImpl$Data                                     : loaded 2 times (x 72B)
Class org.jetbrains.kotlin.cli.jvm.compiler.MockExternalAnnotationsManager            : loaded 2 times (x 89B)
Class kotlinx.coroutines.CoroutineId                                                  : loaded 2 times (x 93B)
Class kotlinx.coroutines.EventLoopImplBase                                            : loaded 2 times (x 117B)
Class org.jetbrains.kotlin.config.LanguageVersion                                     : loaded 2 times (x 91B)
Class groovyjarjarantlr4.v4.runtime.atn.EmptyPredictionContext                        : loaded 2 times (x 84B)
Class org.jetbrains.kotlin.load.kotlin.KotlinClassFinder$Result$KotlinClass           : loaded 2 times (x 72B)
Class org.jetbrains.kotlin.incremental.impl.ConstantValueExternalizer                 : loaded 2 times (x 76B)
Class org.codehaus.groovy.classgen.asm.indy.InvokeDynamicWriter                       : loaded 2 times (x 94B)
Class org.codehaus.groovy.classgen.asm.LambdaWriter                                   : loaded 2 times (x 83B)
Class org.jetbrains.kotlin.incremental.classpathDiff.impl.BasicClassInfo$Companion    : loaded 2 times (x 71B)
Class org.jetbrains.kotlin.incremental.classpathDiff.impl.ClassMultiHashProvider      : loaded 2 times (x 70B)
Class build_2ar9q3f2sh8rthvp5ajfhi1rs$_run_closure1$_closure3                         : loaded 2 times (x 139B)
Class Build_gradle$inlined$sam$i$org_gradle_api_Action$0                              : loaded 2 times (x 75B)
Class com.google.common.cache.RemovalCause$3                                          : loaded 2 times (x 80B)
Class org.jetbrains.kotlin.gradle.plugin.statistics.BuildFinishBuildService$Companion$collectAllFusReportsIntoOne$2$1: loaded 2 times (x 79B)
Class org.jetbrains.kotlin.com.google.common.cache.CacheLoader                        : loaded 2 times (x 74B)
Class org.jetbrains.kotlin.com.google.common.cache.AbstractCache$StatsCounter         : loaded 2 times (x 70B)
Class org.jetbrains.kotlin.build.report.metrics.BuildPerformanceMetrics$Companion     : loaded 2 times (x 71B)
Class org.jetbrains.kotlin.resolve.calls.components.PostponedArgumentsAnalyzerContext : loaded 2 times (x 70B)
Class org.jetbrains.kotlin.gradle.plugin.mpp.compilationImpl.DefaultKotlinCompilationSourceSetsContainer$source$1: loaded 2 times (x 79B)
Class org.jetbrains.kotlin.gradle.internal.abi.ConfigsKt                              : loaded 2 times (x 71B)
Class org.jetbrains.kotlin.gradle.internal.KotlinTestDependencyManagementKt           : loaded 2 times (x 71B)
Class org.jetbrains.kotlin.konan.target.KonanTarget$ANDROID_X64                       : loaded 2 times (x 78B)
Class [Lorg.jetbrains.kotlin.gradle.plugin.sources.ConsistencyCheck;                  : loaded 2 times (x 69B)
Class org.jetbrains.kotlin.gradle.plugin.statistics.FlowActionBuildFusService$Companion: loaded 2 times (x 71B)
Class org.jetbrains.kotlin.gradle.report.ReportingSettings                            : loaded 2 times (x 72B)
Class org.jetbrains.kotlin.statistics.metrics.StringAnonymizationPolicy$ComponentVersionAnonymizer: loaded 2 times (x 78B)
Class org.jetbrains.kotlin.gradle.plugin.KotlinBasePluginWrapper                      : loaded 2 times (x 86B)
Class com.google.common.cache.CacheBuilder$3                                          : loaded 2 times (x 72B)
Class org.gradle.api.GradleException                                                  : loaded 2 times (x 82B)
Class [Lorg.jetbrains.kotlin.descriptors.annotations.KotlinTarget;                    : loaded 2 times (x 69B)
Class com.google.protobuf.WireFormat                                                  : loaded 2 times (x 71B)
Class org.jetbrains.kotlin.types.TypeCheckerState$SupertypesPolicy$UpperIfFlexible    : loaded 2 times (x 72B)
Class com.google.common.collect.HashBasedTable                                        : loaded 2 times (x 124B)
Class com.android.ide.common.resources.ResourceMergerItem$1                           : loaded 2 times (x 123B)
Class org.jetbrains.kotlin.load.kotlin.TypeMappingModeExtensionsKt                    : loaded 2 times (x 71B)
Class org.jetbrains.kotlin.diagnostics.PositioningStrategies$OPERATOR$1               : loaded 2 times (x 74B)
Class org.jetbrains.kotlin.load.java.typeEnhancement.JavaTypeQualifiers               : loaded 2 times (x 72B)
Class org.jetbrains.kotlin.load.java.typeEnhancement.AbstractSignatureParts$TypeAndDefaultQualifiers: loaded 2 times (x 72B)
Class groovyjarjarasm.asm.Label                                                       : loaded 2 times (x 73B)
Class org.codehaus.groovy.classgen.asm.OptimizingStatementWriter$OptimizeFlagsCollector: loaded 2 times (x 78B)
Class org.codehaus.groovy.classgen.ClassCompletionVerifier                            : loaded 2 times (x 213B)
Class kotlin.collections.AbstractMap$Companion                                        : loaded 2 times (x 71B)
Class org.apache.groovy.parser.antlr4.GroovyParser$EnhancedForControlContext          : loaded 2 times (x 162B)
Class org.apache.groovy.parser.antlr4.GroovyParser$TypeArgumentsContext               : loaded 2 times (x 164B)
Class org.apache.groovy.parser.antlr4.GroovyParser$DimContext                         : loaded 2 times (x 160B)
Class groovyjarjarantlr4.v4.runtime.Token                                             : loaded 2 times (x 70B)
Class org.codehaus.groovy.ast.expr.SpreadExpression                                   : loaded 2 times (x 128B)
Class org.jetbrains.kotlin.types.model.FlexibleTypeMarker                             : loaded 2 times (x 70B)
Class org.codehaus.groovy.vmplugin.v9.ClassFinder$1                                   : loaded 2 times (x 84B)
Class org.jetbrains.kotlin.descriptors.Substitutable                                  : loaded 2 times (x 70B)
Class groovy.lang.SpreadMapEvaluatingException                                        : loaded 2 times (x 87B)
Class org.jetbrains.kotlin.container.ComponentResolveContext                          : loaded 2 times (x 75B)
Class org.jetbrains.kotlin.types.model.TypeArgumentListMarker                         : loaded 2 times (x 70B)
Class org.codehaus.groovy.reflection.CachedMethod$MyComparator                        : loaded 2 times (x 90B)
Class org.codehaus.groovy.runtime.m12n.ExtensionModuleRegistry                        : loaded 2 times (x 77B)
Class org.codehaus.groovy.reflection.GeneratedMetaMethod$Proxy                        : loaded 2 times (x 96B)
Class groovy.lang.MetaClassRegistry                                                   : loaded 2 times (x 70B)
Class [Lcom.android.resources.LayoutDirection;                                        : loaded 2 times (x 69B)
Class org.jetbrains.kotlin.asJava.KtLightClassMarker                                  : loaded 2 times (x 70B)
Class com.android.ide.common.resources.configuration.FolderConfiguration              : loaded 2 times (x 75B)
Class org.jetbrains.kotlin.parsing.PrecedingCommentsBinder                            : loaded 2 times (x 76B)
Class org.jetbrains.kotlin.psi.KtAnnotatedExpression                                  : loaded 2 times (x 564B)
Class org.jetbrains.kotlin.psi.KtParenthesizedExpression                              : loaded 2 times (x 438B)
Class org.jetbrains.kotlin.config.AnalysisFlag$Delegate                               : loaded 2 times (x 75B)
Class org.jetbrains.kotlin.diagnostics.PositioningStrategies$QUESTION_MARK_BY_TYPE$1  : loaded 2 times (x 74B)
Class org.jetbrains.kotlin.cli.jvm.modules.CliJavaModuleFinder$systemModules$1        : loaded 2 times (x 80B)
Class [Lorg.jetbrains.kotlin.psi.KtConstantExpression;                                : loaded 2 times (x 69B)
Class kotlin.annotation.Retention                                                     : loaded 2 times (x 70B)
Class [Lorg.jetbrains.kotlin.psi.KtConstructor;                                       : loaded 2 times (x 69B)
Class org.jetbrains.kotlin.psi.stubs.elements.KtTypeAliasElementType                  : loaded 2 times (x 100B)
Class [Lorg.jetbrains.kotlin.psi.KtPropertyAccessor;                                  : loaded 2 times (x 69B)
Class [Lorg.jetbrains.kotlin.psi.KtClassOrObject;                                     : loaded 2 times (x 69B)
Class kotlin.jvm.functions.Function5                                                  : loaded 2 times (x 70B)
Class kotlin.reflect.jvm.internal.KClassImpl$Data$$Lambda$13                          : loaded 2 times (x 76B)
Class org.jetbrains.kotlin.load.kotlin.KotlinBinaryClassCache$Companion               : loaded 2 times (x 71B)
Class org.jetbrains.kotlin.types.AbstractTypeApproximator$WhenMappings                : loaded 2 times (x 71B)
Class com.android.ide.common.gradle.Version                                           : loaded 2 times (x 75B)
Class org.gradle.api.internal.classpath.ManifestUtil                                  : loaded 2 times (x 71B)
Class com.google.common.util.concurrent.ExecutionError                                : loaded 2 times (x 82B)
Class org.jetbrains.kotlin.incremental.PackagePartProtoData                           : loaded 2 times (x 72B)
Class org.jetbrains.kotlin.statistics.metrics.StringAnonymizationPolicy$AllowedListAnonymizer: loaded 2 times (x 79B)
Class org.jetbrains.kotlin.gradle.report.BuildReportType                              : loaded 2 times (x 79B)
Class com.google.common.cache.RemovalCause$4                                          : loaded 2 times (x 80B)
Class org.jetbrains.kotlin.statistics.metrics.MetricPoliciesKt                        : loaded 2 times (x 71B)
Class org.apache.commons.io.StandardLineSeparator                                     : loaded 2 times (x 79B)
Class com.google.common.base.Suppliers$MemoizingSupplier                              : loaded 2 times (x 79B)
Class org.jetbrains.kotlin.daemon.common.StringPropMapper$3                           : loaded 2 times (x 125B)
Class org.jetbrains.kotlin.gradle.plugin.statistics.NonSynchronizedMetricsContainer$MetricDescriptor: loaded 2 times (x 75B)
Class org.jetbrains.kotlin.gradle.plugin.diagnostics.KotlinToolingDiagnostics$JsEnvironmentNotChosenExplicitly: loaded 2 times (x 73B)
Class org.jetbrains.kotlin.gradle.plugin.ProjectLocalConfigurations$ProjectLocalCompatibility: loaded 2 times (x 76B)
Class org.jetbrains.kotlin.gradle.dsl.JvmDefaultMode                                  : loaded 2 times (x 79B)
Class org.jetbrains.kotlin.gradle.dsl.KotlinJvmCompilerOptions                        : loaded 2 times (x 70B)
Class org.jetbrains.kotlin.gradle.plugin.statistics.BuildFinishBuildService           : loaded 2 times (x 80B)
Class org.jetbrains.kotlin.gradle.plugin.internal.DefaultMavenPublicationComponentAccessor: loaded 2 times (x 75B)
Class org.jetbrains.kotlin.gradle.plugin.internal.DefaultProjectIsolationStartParameterAccessor$Factory: loaded 2 times (x 76B)
Class com.google.common.collect.AbstractTable$CellSet                                 : loaded 2 times (x 136B)
Class com.android.ide.common.resources.ResourceMergerItem$2                           : loaded 2 times (x 117B)
Class com.android.ide.common.resources.ResourceItem                                   : loaded 2 times (x 70B)
Class org.jetbrains.kotlin.resolve.calls.inference.ConstraintSystemBuilderKt          : loaded 2 times (x 71B)
Class com.google.protobuf.Internal$EnumLiteMap                                        : loaded 2 times (x 70B)
Class groovyjarjarasm.asm.Edge                                                        : loaded 2 times (x 72B)
Class groovyjarjarasm.asm.Frame                                                       : loaded 2 times (x 73B)
Class groovyjarjarantlr4.v4.runtime.atn.SimulatorState                                : loaded 2 times (x 72B)
Class org.apache.groovy.parser.antlr4.GroovyParser$NonWildcardTypeArgumentsContext    : loaded 2 times (x 161B)
Class org.jetbrains.kotlin.gradle.targets.native.KonanPropertiesBuildService$Companion$registerIfAbsent$2$1: loaded 2 times (x 79B)
Class org.apache.groovy.parser.antlr4.GroovyParser$VariableInitializersContext        : loaded 2 times (x 162B)
Class groovyjarjarantlr4.v4.runtime.atn.ATNType                                       : loaded 2 times (x 79B)
Class groovyjarjarantlr4.v4.runtime.CodePointCharStream$1                             : loaded 2 times (x 71B)
Class org.jetbrains.kotlin.resolve.jvm.JvmTypeSpecificityComparator                   : loaded 2 times (x 77B)
Class org.apache.groovy.parser.antlr4.GroovyParser$AndExprAltContext                  : loaded 2 times (x 162B)
Class org.codehaus.groovy.ast.AnnotationNode                                          : loaded 2 times (x 119B)
Class org.codehaus.groovy.ast.stmt.SwitchStatement                                    : loaded 2 times (x 117B)
Class org.jetbrains.kotlin.resolve.calls.checkers.NewSchemeOfIntegerOperatorResolutionChecker: loaded 2 times (x 74B)
Class org.codehaus.groovy.runtime.GroovyCategorySupport                               : loaded 2 times (x 71B)
Class groovy.lang.MetaClassImpl$Index                                                 : loaded 2 times (x 88B)
Class org.codehaus.groovy.runtime.metaclass.NewMetaMethod                             : loaded 2 times (x 99B)
Class org.codehaus.groovy.reflection.stdclasses.DoubleCachedClass                     : loaded 2 times (x 95B)
Class com.android.resources.FolderTypeRelationship                                    : loaded 2 times (x 71B)
Class org.jetbrains.kotlin.psi.psiUtil.PsiUtilsKt$siblings$1                          : loaded 2 times (x 75B)
Class org.jetbrains.kotlin.psi.KtNamedDeclarationNotStubbed                           : loaded 2 times (x 844B)
Class org.jetbrains.kotlin.gradle.dsl.KotlinHierarchyDsl                              : loaded 2 times (x 70B)
Class org.jetbrains.kotlin.psi.KtInstanceExpressionWithLabel                          : loaded 2 times (x 438B)
Class org.jetbrains.kotlin.gradle.utils.MutableObservableSet                          : loaded 2 times (x 70B)
Class org.jetbrains.kotlin.cli.jvm.index.JavaRoot$RootTypes                           : loaded 2 times (x 71B)
Class org.jetbrains.kotlin.storage.NotNullLazyValue                                   : loaded 2 times (x 70B)
Class org.jetbrains.kotlin.psi.KtFileAnnotationList                                   : loaded 2 times (x 508B)
Class org.jetbrains.kotlin.psi.KtProperty                                             : loaded 2 times (x 1326B)
Class kotlin.jvm.functions.Function6                                                  : loaded 2 times (x 70B)
Class kotlin.reflect.jvm.internal.KClassImpl$Data$$Lambda$14                          : loaded 2 times (x 76B)
Class kotlin.reflect.jvm.internal.KTypeParameterOwnerImpl                             : loaded 2 times (x 70B)
Class org.jetbrains.kotlin.cli.jvm.compiler.KotlinCoreEnvironment$Companion$getOrCreateApplicationEnvironment$1$2: loaded 2 times (x 74B)
Class kotlinx.coroutines.DefaultExecutorKt                                            : loaded 2 times (x 71B)
Class kotlinx.coroutines.Unconfined                                                   : loaded 2 times (x 99B)
Class kotlinx.coroutines.GlobalScope                                                  : loaded 2 times (x 74B)
Class org.jetbrains.kotlin.gradle.utils.ConfigurationCacheOpaqueValueSource           : loaded 2 times (x 79B)
Class org.jetbrains.kotlin.gradle.plugin.mpp.compilationImpl.factory.KotlinCompilationImplFactory$KotlinCompilationSourceSetsContainerFactory: loaded 2 times (x 70B)
Class org.jetbrains.kotlin.gradle.report.UsesBuildMetricsService                      : loaded 2 times (x 70B)
Class org.jetbrains.kotlin.gradle.plugin.hierarchy.KotlinSourceSetTreeClassifierKt    : loaded 2 times (x 71B)
Class org.jetbrains.kotlin.gradle.plugin.PropertiesProvider$separateKmpCompilation$1  : loaded 2 times (x 79B)
Class org.jetbrains.kotlin.incremental.classpathDiff.ClasspathEntrySnapshotExternalizer: loaded 2 times (x 75B)
Class com.google.common.cache.RemovalCause$5                                          : loaded 2 times (x 80B)
Class com.google.common.collect.Maps$AbstractFilteredMap                              : loaded 2 times (x 127B)
Class com.google.common.hash.ImmutableSupplier                                        : loaded 2 times (x 70B)
Class org.jetbrains.kotlin.daemon.common.ReportSeverity$Companion                     : loaded 2 times (x 71B)
Class org.jetbrains.kotlin.daemon.common.LoopbackNetworkInterface$AbstractClientLoopbackSocketFactory: loaded 2 times (x 72B)
Class org.jetbrains.kotlin.daemon.common.DaemonWithMetadata                           : loaded 2 times (x 72B)
Class org.jetbrains.kotlin.daemon.common.InitialClientInformation                     : loaded 2 times (x 75B)
Class org.jetbrains.kotlin.gradle.tasks.CompilerPluginOptionsKt                       : loaded 2 times (x 71B)
Class [Lcom.google.common.io.FileWriteMode;                                           : loaded 2 times (x 69B)
Class org.jetbrains.kotlin.buildtools.api.SourcesChanges                              : loaded 2 times (x 70B)
Class org.jetbrains.kotlin.gradle.plugin.KotlinPluginLifecycleImpl$launch$1           : loaded 2 times (x 79B)
Class org.jetbrains.kotlin.konan.target.HostManager$Companion$targetAliases$2         : loaded 2 times (x 78B)
Class org.jetbrains.kotlin.gradle.plugin.diagnostics.checkers.GradleDeprecatedPropertyChecker$DeprecatedProperty: loaded 2 times (x 72B)
Class org.jetbrains.kotlin.gradle.utils.Completable                                   : loaded 2 times (x 72B)
Class org.jetbrains.kotlin.gradle.plugin.statistics.BuildFinishFlowProviderManager$Companion: loaded 2 times (x 71B)
Class org.jetbrains.kotlin.gradle.plugin.DefaultKotlinBasePlugin$addKotlinCompilerConfiguration$2$1: loaded 2 times (x 75B)
Class org.jetbrains.kotlin.gradle.plugin.statistics.KotlinBuildStatsServicesRegistry$Companion: loaded 2 times (x 71B)
Class org.jetbrains.kotlin.gradle.plugin.internal.DefaultCompatibilityConventionRegistrar$Factory: loaded 2 times (x 76B)
Class org.jetbrains.kotlin.daemon.common.CompilerId$Companion                         : loaded 2 times (x 71B)
Class org.jetbrains.kotlin.diagnostics.PositioningStrategies$SPREAD_OPERATOR$1        : loaded 2 times (x 74B)
Class org.jetbrains.kotlin.daemon.common.ReportCategory$Companion                     : loaded 2 times (x 71B)
Class org.codehaus.groovy.control.OptimizerVisitor                                    : loaded 2 times (x 217B)
Class kotlin.collections.builders.MapBuilder$KeysItr                                  : loaded 2 times (x 81B)
Class groovyjarjarantlr4.v4.runtime.atn.Transition$1                                  : loaded 2 times (x 134B)
Class groovyjarjarantlr4.v4.runtime.atn.StarBlockStartState                           : loaded 2 times (x 90B)
Class groovyjarjarantlr4.v4.runtime.atn.AtomTransition                                : loaded 2 times (x 76B)
Class org.apache.groovy.parser.antlr4.GroovyParser$BooleanLiteralAltContext           : loaded 2 times (x 158B)
Class groovyjarjarantlr4.v4.runtime.tree.AbstractParseTreeVisitor                     : loaded 2 times (x 84B)
Class [Lkotlin.time.DurationUnit;                                                     : loaded 2 times (x 69B)
Class org.jetbrains.kotlin.resolve.IdentifierCheckerClashesResolver                   : loaded 2 times (x 73B)
Class org.codehaus.groovy.runtime.metaclass.DefaultMetaClassInfo$ConstantMetaClassVersioning: loaded 2 times (x 72B)
Class groovy.lang.MetaBeanProperty                                                    : loaded 2 times (x 83B)
Class org.codehaus.groovy.runtime.DefaultGroovyMethods$1                              : loaded 2 times (x 78B)
Class org.codehaus.groovy.runtime.GeneratedClosure                                    : loaded 2 times (x 70B)
Class kotlin.sequences.SequencesKt___SequencesKt$asIterable$$inlined$Iterable$1       : loaded 2 times (x 79B)
Class com.android.resources.NightMode                                                 : loaded 2 times (x 86B)
Class [Lcom.android.resources.UiMode;                                                 : loaded 2 times (x 69B)
Class org.jetbrains.kotlin.parsing.AbstractTokenStreamPattern                         : loaded 2 times (x 83B)
Class org.jetbrains.kotlin.resolve.diagnostics.DiagnosticSuppressor$Companion         : loaded 2 times (x 72B)
Class org.jetbrains.kotlin.metadata.jvm.deserialization.ModuleMapping                 : loaded 2 times (x 72B)
Class org.jetbrains.kotlin.cli.jvm.index.JavaRoot                                     : loaded 2 times (x 72B)
Class org.jetbrains.kotlin.psi.stubs.elements.KtPlaceHolderWithTextStubElementType    : loaded 2 times (x 100B)
Class org.jetbrains.kotlin.psi.stubs.elements.KtNameReferenceExpressionElementType    : loaded 2 times (x 103B)
Class org.jetbrains.kotlin.psi.stubs.elements.KtFunctionElementType                   : loaded 2 times (x 104B)
Class org.jetbrains.kotlin.psi.KtModifierListOwner                                    : loaded 2 times (x 70B)
Class [Lcom.google.common.cache.RemovalCause;                                         : loaded 2 times (x 69B)
Class kotlin.jvm.functions.Function7                                                  : loaded 2 times (x 70B)
Class kotlin.reflect.jvm.internal.impl.name.Name                                      : loaded 2 times (x 75B)
Class kotlin.reflect.jvm.internal.KClassImpl$Data$$Lambda$15                          : loaded 2 times (x 76B)
Class kotlin.reflect.jvm.internal.KPropertyImpl$Companion                             : loaded 2 times (x 71B)
Class kotlinx.coroutines.AbstractCoroutine                                            : loaded 2 times (x 143B)
Class org.jetbrains.kotlin.cli.jvm.compiler.IdeaExtensionPoints                       : loaded 2 times (x 71B)
Class com.android.tools.lint.model.DefaultLintModelSourceProvider                     : loaded 2 times (x 84B)
Class org.jetbrains.kotlin.inline.InlineUtilKt                                        : loaded 2 times (x 71B)
Class [Lcom.android.prefs.VariableType;                                               : loaded 2 times (x 69B)
Class it.unimi.dsi.fastutil.objects.ObjectSet                                         : loaded 2 times (x 70B)
Class org.jetbrains.kotlin.incremental.classpathDiff.impl.PrefixBasedSnapshotter$getRangeByPredicate$1$iterator$1$special$$inlined$binarySearchBy$default$1: loaded 2 times (x 75B)
Class org.jetbrains.kotlin.incremental.classpathDiff.impl.PrefixBasedSnapshotter$getRangeByPredicate$1$iterator$1: loaded 2 times (x 79B)
Class com.android.utils.StdLogger$Level                                               : loaded 2 times (x 79B)
Class com.google.common.cache.LocalCache$WriteThroughEntry                            : loaded 2 times (x 79B)
Class com.google.common.cache.LocalCache$HashIterator                                 : loaded 2 times (x 86B)
Class org.jetbrains.kotlin.tooling.core.KotlinToolingVersion$Maturity                 : loaded 2 times (x 79B)
Class com.google.common.collect.Iterables$4                                           : loaded 2 times (x 81B)
Class com.google.common.collect.MapMakerInternalMap$StrongKeyDummyValueSegment        : loaded 2 times (x 142B)
Class com.google.common.hash.HashCode$IntHashCode                                     : loaded 2 times (x 80B)
Class org.jetbrains.kotlin.gradle.tasks.DefaultKotlinJavaToolchain$DefaultJdkSetter   : loaded 2 times (x 76B)
Class com.android.tools.lint.model.DefaultLintModelVariant$mainArtifact$2             : loaded 2 times (x 79B)
Class org.jetbrains.kotlin.gradle.plugin.diagnostics.checkers.IncorrectCompileOnlyDependenciesChecker$runChecks$1: loaded 2 times (x 88B)
Class org.jetbrains.kotlin.gradle.plugin.mpp.KotlinOnlyTarget                         : loaded 2 times (x 153B)
Class org.jetbrains.kotlin.gradle.targets.js.npm.BaseNpmDependencyExtension           : loaded 2 times (x 70B)
Class org.jetbrains.kotlin.gradle.dsl.KotlinVersion$Companion                         : loaded 2 times (x 71B)
Class org.jetbrains.kotlin.gradle.InternalKotlinGradlePluginApi                       : loaded 2 times (x 70B)
Class org.jetbrains.kotlin.gradle.plugin.diagnostics.DiagnosticGroup$Base             : loaded 2 times (x 81B)
Class org.jetbrains.kotlin.gradle.targets.ConfigureNonPackedKlibConsumingSideEffectKt$ConfigureNonPackedKlibConsumingSideEffect$1: loaded 2 times (x 74B)
Class org.jetbrains.kotlin.gradle.dsl.DefaultToolchainSupport                         : loaded 2 times (x 76B)
Class org.jetbrains.kotlin.gradle.plugin.internal.CustomPropertiesFileValueSource     : loaded 2 times (x 82B)
Class com.google.common.cache.LocalCache$EntryFactory                                 : loaded 2 times (x 83B)
Class org.jetbrains.kotlin.resolve.InlineClassDescriptorResolver                      : loaded 2 times (x 71B)
Class org.jetbrains.kotlin.resolve.calls.inference.model.NewConstraintMismatch        : loaded 2 times (x 70B)
Class com.google.protobuf.GeneratedMessageV3$Builder                                  : loaded 2 times (x 278B)
Class com.google.protobuf.MutabilityOracle                                            : loaded 2 times (x 70B)
Class [Lkotlin.annotation.AnnotationRetention;                                        : loaded 2 times (x 69B)
Class org.codehaus.groovy.classgen.asm.BinaryObjectExpressionHelper                   : loaded 2 times (x 98B)
Class org.jetbrains.kotlin.config.JvmAnalysisFlags                                    : loaded 2 times (x 71B)
Class org.jetbrains.kotlin.descriptors.ValueDescriptor                                : loaded 2 times (x 70B)
Class org.codehaus.groovy.reflection.ReflectionUtils                                  : loaded 2 times (x 71B)
Class [Lorg.jetbrains.kotlin.name.Name;                                               : loaded 2 times (x 69B)
Class org.jetbrains.kotlin.psi.KtCallableReferenceExpression                          : loaded 2 times (x 513B)
Class org.jetbrains.kotlin.psi.KtDestructuringDeclaration                             : loaded 2 times (x 780B)
Class [Lorg.jetbrains.kotlin.lexer.KtModifierKeywordToken;                            : loaded 2 times (x 69B)
Class org.jetbrains.kotlin.extensions.StorageComponentContainerContributor$Companion  : loaded 2 times (x 72B)
Class org.objectweb.asm.tree.FieldInsnNode                                            : loaded 2 times (x 79B)
Class com.android.sdklib.IAndroidTarget                                               : loaded 2 times (x 70B)
Class it.unimi.dsi.fastutil.ints.IntArrays$ForkJoinQuickSortIndirect                  : loaded 2 times (x 96B)
Class [Lorg.jetbrains.kotlin.psi.KtAnnotationEntry;                                   : loaded 2 times (x 69B)
Class org.jetbrains.kotlin.psi.stubs.KotlinClassOrObjectStub                          : loaded 2 times (x 70B)
Class kotlin.jvm.functions.Function8                                                  : loaded 2 times (x 70B)
Class kotlin.reflect.jvm.internal.impl.name.FqNameUnsafe                              : loaded 2 times (x 72B)
Class kotlin.reflect.jvm.internal.KClassImpl$Data$$Lambda$16                          : loaded 2 times (x 76B)
Class org.jetbrains.kotlin.parsing.KotlinCommonParserDefinition                       : loaded 2 times (x 95B)
Class kotlin.collections.builders.MapBuilder$Companion                                : loaded 2 times (x 71B)
Class [Lcom.android.ide.common.gradle.Separator;                                      : loaded 2 times (x 69B)
Class com.android.prefs.QueryResult                                                   : loaded 2 times (x 84B)
Class kotlin.jvm.internal.MutablePropertyReference1                                   : loaded 2 times (x 137B)
Class kotlin.SafePublicationLazyImpl$Companion                                        : loaded 2 times (x 71B)
Class kotlin.jvm.internal.PropertyReference1Impl                                      : loaded 2 times (x 127B)
Class com.google.common.base.CharMatcher$Whitespace                                   : loaded 2 times (x 112B)
Class com.google.common.base.Splitter$1$1                                             : loaded 2 times (x 86B)
Class org.jetbrains.kotlin.incremental.ProtoData                                      : loaded 2 times (x 71B)
Class com.google.common.collect.Iterables$5                                           : loaded 2 times (x 81B)
Class com.google.common.reflect.Types$NativeTypeVariableEquals                        : loaded 2 times (x 71B)
Class com.google.common.reflect.TypeParameter                                         : loaded 2 times (x 72B)
Class org.jetbrains.kotlin.gradle.tasks.TasksUtilsKt$WhenMappings                     : loaded 2 times (x 71B)
Class org.jetbrains.kotlin.cli.common.messages.GradleStyleMessageRenderer$WhenMappings: loaded 2 times (x 71B)
Class org.jetbrains.kotlin.cli.common.arguments.CommonCompilerArgumentsConfigurator   : loaded 2 times (x 74B)
Class org.jetbrains.kotlin.com.google.common.base.Supplier                            : loaded 2 times (x 70B)
Class [Lcom.google.common.collect.MapMaker$Dummy;                                     : loaded 2 times (x 69B)
Class com.google.common.collect.NullsLastOrdering                                     : loaded 2 times (x 115B)
Class org.jetbrains.kotlin.gradle.tasks.TaskOutputsBackup                             : loaded 2 times (x 72B)
Class org.jetbrains.kotlin.gradle.plugin.cocoapods.KotlinCocoapodsPlugin              : loaded 2 times (x 76B)
Class org.jetbrains.kotlin.gradle.internal.CompilerOptionsDslHelpersKt                : loaded 2 times (x 71B)
Class org.jetbrains.kotlin.gradle.tasks.configuration.AbstractKotlinCompileConfigKt   : loaded 2 times (x 71B)
Class org.jetbrains.kotlin.gradle.internal.StdlibDependencyManagementKt$configureStdlibVersionAlignment$1$1: loaded 2 times (x 75B)
Class org.jetbrains.kotlin.gradle.dsl.KotlinProjectExtension$awaitSourceSets$1        : loaded 2 times (x 88B)
Class org.jetbrains.kotlin.gradle.plugin.KotlinPluginLifecycle$CoroutineStart         : loaded 2 times (x 79B)
Class org.jetbrains.kotlin.konan.target.Family                                        : loaded 2 times (x 79B)
Class org.jetbrains.kotlin.gradle.tasks.TasksProviderKt$sam$org_gradle_api_Action$0   : loaded 2 times (x 75B)
Class org.jetbrains.kotlin.gradle.tooling.BuildKotlinToolingMetadataTask$FromKotlinExtension: loaded 2 times (x 317B)
Class org.jetbrains.kotlin.gradle.utils.FailuresKt                                    : loaded 2 times (x 71B)
Class org.jetbrains.kotlin.gradle.plugin.diagnostics.DiagnosticGroup                  : loaded 2 times (x 70B)
Class org.jetbrains.kotlin.gradle.targets.native.internal.CInteropConfigurationsKt$special$$inlined$KotlinTargetSideEffect$1: loaded 2 times (x 74B)
Class org.jetbrains.kotlin.gradle.internal.properties.NativePropertiesLoader$konanDataDirProperty$1: loaded 2 times (x 75B)
Class org.jetbrains.kotlin.gradle.plugin.KotlinGradleBuildServices$Companion$registerIfAbsent$2$1: loaded 2 times (x 79B)
Class org.jetbrains.kotlin.gradle.plugin.statistics.BuildFusService$Parameters_Decorated: loaded 2 times (x 143B)
Class org.jetbrains.kotlin.gradle.plugin.PropertiesProvider$keepIncrementalCompilationCachesInMemory$1: loaded 2 times (x 79B)
Class org.jetbrains.kotlin.gradle.internal.properties.PropertiesBuildService$Params$Inject: loaded 2 times (x 106B)
Class org.jetbrains.kotlin.tooling.core.HasMutableExtras                              : loaded 2 times (x 70B)
Class com.google.common.cache.LocalCache$AbstractReferenceEntry                       : loaded 2 times (x 107B)
Class org.gradle.internal.IoActions                                                   : loaded 2 times (x 71B)
Class org.jetbrains.kotlin.contracts.description.EventOccurrencesRangeKt              : loaded 2 times (x 71B)
Class org.jetbrains.kotlin.diagnostics.PositioningStrategies$TYPE_ARGUMENT_LIST_OR_SELF$1: loaded 2 times (x 74B)
Class com.google.protobuf.Android                                                     : loaded 2 times (x 71B)
Class [Lorg.jetbrains.kotlin.load.java.typeEnhancement.JavaTypeQualifiers;            : loaded 2 times (x 69B)
Class [Lorg.jetbrains.kotlin.psi.KtElement;                                           : loaded 2 times (x 69B)
Class [Lorg.jetbrains.kotlin.psi.KtDeclarationStub;                                   : loaded 2 times (x 69B)
Class org.jetbrains.kotlin.metadata.deserialization.VersionRequirementTable$Companion : loaded 2 times (x 71B)
Class kotlin.reflect.jvm.internal.KProperty0Impl$$Lambda$1                            : loaded 2 times (x 76B)
Class org.jetbrains.kotlin.extensions.internal.CallResolutionInterceptorExtension     : loaded 2 times (x 70B)
Class org.codehaus.groovy.classgen.asm.MopWriter                                      : loaded 2 times (x 74B)
Class groovyjarjarantlr4.v4.runtime.atn.PredictionContextCache$IdentityCommutativePredictionContextOperands: loaded 2 times (x 72B)
Class org.codehaus.groovy.control.ClassNodeResolver$1                                 : loaded 2 times (x 243B)
Class kotlin.annotation.MustBeDocumented                                              : loaded 2 times (x 70B)
Class org.jetbrains.kotlin.descriptors.CallableDescriptor                             : loaded 2 times (x 70B)
Class org.codehaus.groovy.ast.expr.MethodCall                                         : loaded 2 times (x 70B)
Class org.jetbrains.kotlin.resolve.checkers.PlatformDiagnosticSuppressorClashesResolver: loaded 2 times (x 73B)
Class org.jetbrains.kotlin.container.PlatformExtensionsClashResolver                  : loaded 2 times (x 73B)
Class org.codehaus.groovy.ast.expr.ExpressionTransformer                              : loaded 2 times (x 70B)
Class org.jetbrains.kotlin.resolve.checkers.KotlinVersionStringAnnotationValueChecker : loaded 2 times (x 77B)
Class groovy.lang.ReadOnlyPropertyException                                           : loaded 2 times (x 89B)
Class org.codehaus.groovy.runtime.dgmimpl.arrays.ShortArrayGetAtMetaMethod            : loaded 2 times (x 97B)
Class org.codehaus.groovy.runtime.callsite.CallSite                                   : loaded 2 times (x 70B)
Class groovy.lang.GString                                                             : loaded 2 times (x 121B)
Class org.jetbrains.kotlin.load.java.structure.JavaTypeParameterListOwner             : loaded 2 times (x 70B)
Class org.jetbrains.kotlin.psi.KtExpressionWithLabel                                  : loaded 2 times (x 437B)
Class com.android.ide.common.blame.SourcePosition                                     : loaded 2 times (x 71B)
Class com.android.ide.common.resources.configuration.LocaleQualifier                  : loaded 2 times (x 89B)
Class org.jetbrains.kotlin.builtins.functions.FunctionTypeKindExtractor$Companion     : loaded 2 times (x 71B)
Class org.jetbrains.kotlin.BlockExpressionElementType$Companion                       : loaded 2 times (x 71B)
Class org.jetbrains.kotlin.LambdaExpressionElementType                                : loaded 2 times (x 95B)
Class org.jetbrains.kotlin.resolve.jvm.NotFoundPackagesCachingStrategy                : loaded 2 times (x 70B)
Class com.android.ide.common.resources.configuration.ScreenOrientationQualifier       : loaded 2 times (x 90B)
Class org.jetbrains.kotlin.metadata.ProtoBuf$QualifiedNameTable                       : loaded 2 times (x 107B)
Class org.jetbrains.kotlin.metadata.ProtoBuf$QualifiedNameTableOrBuilder              : loaded 2 times (x 70B)
Class org.jetbrains.kotlin.psi.stubs.elements.KtValueArgumentElementType              : loaded 2 times (x 100B)
Class org.jetbrains.kotlin.utils.KotlinExceptionWithAttachments                       : loaded 2 times (x 94B)
Class org.jetbrains.kotlin.psi.KtFunction                                             : loaded 2 times (x 70B)
Class org.jetbrains.kotlin.psi.KtDeclarationStub                                      : loaded 2 times (x 715B)
Class kotlin.io.path.PathsKt__PathReadWriteKt                                         : loaded 2 times (x 71B)
Class [Lkotlin.reflect.jvm.internal.impl.name.ClassId;                                : loaded 2 times (x 69B)
Class kotlin.jvm.functions.Function10                                                 : loaded 2 times (x 70B)
Class kotlin.jvm.functions.Function9                                                  : loaded 2 times (x 70B)
Class kotlin.reflect.jvm.internal.KClassImpl$Data$$Lambda$17                          : loaded 2 times (x 76B)
Class kotlin.reflect.jvm.internal.KCallableImpl$$Lambda$0                             : loaded 2 times (x 76B)
Class [Lkotlin.reflect.KClassifier;                                                   : loaded 2 times (x 69B)
Class kotlin.reflect.jvm.internal.EmptyContainerForLocal                              : loaded 2 times (x 84B)
Class [Lkotlin.LazyThreadSafetyMode;                                                  : loaded 2 times (x 69B)
Class kotlinx.coroutines.scheduling.TaskContext                                       : loaded 2 times (x 70B)
Class it.unimi.dsi.fastutil.objects.AbstractObjectSet                                 : loaded 2 times (x 179B)
Class [Lorg.jetbrains.kotlin.platform.TargetPlatformVersion;                          : loaded 2 times (x 69B)
Class org.codehaus.groovy.reflection.stdclasses.LongCachedClass                       : loaded 2 times (x 95B)
Class org.jetbrains.kotlin.incremental.ProtoDifferenceUtilsKt                         : loaded 2 times (x 71B)
Class org.jetbrains.kotlin.incremental.classpathDiff.JavaClassSnapshotExternalizer    : loaded 2 times (x 75B)
Class [Lorg.jetbrains.kotlin.com.intellij.util.io.DataExternalizer;                   : loaded 2 times (x 69B)
Class org.jetbrains.kotlin.statistics.BuildSession                                    : loaded 2 times (x 72B)
Class org.jetbrains.kotlin.cli.common.arguments.InternalArgument                      : loaded 2 times (x 70B)
Class org.jetbrains.kotlin.com.google.common.util.concurrent.AbstractFuture$Failure   : loaded 2 times (x 72B)
Class org.jetbrains.kotlin.com.google.common.cache.LocalCache$NullEntry               : loaded 2 times (x 98B)
Class org.jetbrains.kotlin.com.google.common.cache.CacheLoader$1                      : loaded 2 times (x 75B)
Class org.jetbrains.kotlin.com.google.common.cache.LocalCache$EntryFactory$1          : loaded 2 times (x 83B)
Class org.jetbrains.kotlin.com.google.common.util.concurrent.UncheckedExecutionException: loaded 2 times (x 82B)
Class org.jetbrains.kotlin.com.google.common.cache.CacheBuilder$1                     : loaded 2 times (x 85B)
Class org.jetbrains.kotlin.gradle.internal.Kapt3KotlinGradleSubpluginKt               : loaded 2 times (x 71B)
Class org.jetbrains.kotlin.gradle.dsl.KotlinJvmCompile                                : loaded 2 times (x 70B)
Class org.jetbrains.kotlin.konan.target.KonanTarget$LINUX_ARM32_HFP                   : loaded 2 times (x 78B)
Class org.jetbrains.kotlin.gradle.internal.Kapt3GradleSubplugin                       : loaded 2 times (x 83B)
Class org.jetbrains.kotlin.gradle.plugin.diagnostics.checkers.CInteropInputChecker    : loaded 2 times (x 74B)
Class org.jetbrains.kotlin.gradle.targets.native.internal.CInteropConfigurationsKt$special$$inlined$KotlinTargetSideEffect$2: loaded 2 times (x 74B)
Class org.jetbrains.kotlin.gradle.plugin.statistics.FinalizeConfigurationFusMetricActionKt$FinalizeConfigurationFusMetricAction$1: loaded 2 times (x 95B)
Class org.jetbrains.kotlin.gradle.internal.KotlinDependenciesManagementKt$CustomizeKotlinDependenciesSetupAction$1: loaded 2 times (x 74B)
Class org.jetbrains.kotlin.gradle.plugin.KotlinGradlePluginExtensionPointInternal$registeredExtensions$2: loaded 2 times (x 78B)
Class org.jetbrains.kotlin.statistics.metrics.BooleanOverridePolicy$OR                : loaded 2 times (x 85B)
Class org.jetbrains.kotlin.gradle.plugin.UsesVariantImplementationFactories           : loaded 2 times (x 70B)
Class org.objectweb.asm.SymbolTable                                                   : loaded 2 times (x 72B)
Class com.google.common.cache.CacheLoader$InvalidCacheLoadException                   : loaded 2 times (x 82B)
Class org.gradle.internal.classloader.SystemClassLoaderSpec                           : loaded 2 times (x 71B)
Class com.android.ide.common.rendering.api.StyleableResourceValueImpl                 : loaded 2 times (x 111B)
Class org.jetbrains.org.objectweb.asm.signature.SignatureWriter                       : loaded 2 times (x 88B)
Class org.jetbrains.kotlin.util.OneElementArrayMap$iterator$1                         : loaded 2 times (x 79B)
Class org.jetbrains.kotlin.diagnostics.PositioningStrategies$AS_TYPE$1                : loaded 2 times (x 74B)
Class org.jetbrains.kotlin.descriptors.java.JavaVisibilities$PackageVisibility        : loaded 2 times (x 79B)
Class org.codehaus.groovy.classgen.asm.BinaryExpressionMultiTypeDispatcher$BinaryShortExpressionHelper: loaded 2 times (x 98B)
Class org.codehaus.groovy.classgen.asm.BinaryExpressionMultiTypeDispatcher$BinaryCharExpressionHelper: loaded 2 times (x 98B)
Class org.codehaus.groovy.classgen.asm.CallSiteWriter                                 : loaded 2 times (x 85B)
Class groovyjarjarasm.asm.FieldWriter                                                 : loaded 2 times (x 78B)
Class org.codehaus.groovy.reflection.stdclasses.ShortCachedClass                      : loaded 2 times (x 95B)
Class groovyjarjarantlr4.v4.runtime.atn.ParserATNSimulator$1                          : loaded 2 times (x 89B)
Class groovyjarjarantlr4.v4.runtime.atn.LexerATNSimulator$SimState                    : loaded 2 times (x 73B)
Class groovyjarjarantlr4.v4.runtime.atn.DecisionState                                 : loaded 2 times (x 89B)
Class org.apache.groovy.parser.antlr4.GroovyParser$CreatedNameContext                 : loaded 2 times (x 160B)
Class org.jetbrains.kotlin.resolve.checkers.CheckerContext                            : loaded 2 times (x 70B)
Class groovy.lang.MutableMetaClass                                                    : loaded 2 times (x 70B)
Class org.codehaus.groovy.reflection.stdclasses.StringCachedClass                     : loaded 2 times (x 95B)
Class [Lcom.android.resources.HighDynamicRange;                                       : loaded 2 times (x 69B)
Class org.jetbrains.kotlin.cli.jvm.index.JvmDependenciesIndexImpl$WhenMappings        : loaded 2 times (x 71B)
Class org.jetbrains.kotlin.load.java.structure.JavaClassifier                         : loaded 2 times (x 70B)
Class org.jetbrains.kotlin.metadata.jvm.JvmModuleProtoBuf$PackagePartsOrBuilder       : loaded 2 times (x 70B)
Class kotlin.jvm.internal.PropertyReference0Impl                                      : loaded 2 times (x 127B)
Class [Lorg.jetbrains.kotlin.psi.KtContractEffect;                                    : loaded 2 times (x 69B)
Class org.jetbrains.kotlin.psi.KtNamed                                                : loaded 2 times (x 70B)
Class kotlin.jvm.functions.Function11                                                 : loaded 2 times (x 70B)
Class kotlin.reflect.jvm.internal.KCallableImpl$$Lambda$1                             : loaded 2 times (x 76B)
Class kotlinx.coroutines.internal.LockFreeLinkedListNode                              : loaded 2 times (x 75B)
Class kotlin.jvm.internal.markers.KMutableCollection                                  : loaded 2 times (x 70B)
Class kotlin.coroutines.intrinsics.IntrinsicsKt                                       : loaded 2 times (x 71B)
Class kotlin.coroutines.CoroutineContext$DefaultImpls                                 : loaded 2 times (x 71B)
Class kotlin.ranges.IntRange$Companion                                                : loaded 2 times (x 71B)
Class kotlin.collections.EmptyMap                                                     : loaded 2 times (x 109B)
Class kotlin.text.MatcherMatchResult$groups$1                                         : loaded 2 times (x 151B)
Class org.codehaus.groovy.reflection.stdclasses.BooleanCachedClass                    : loaded 2 times (x 95B)
Class groovy.lang.MetaProperty                                                        : loaded 2 times (x 77B)
Class org.jetbrains.kotlin.types.model.TypeArgumentMarker                             : loaded 2 times (x 70B)
Class org.jetbrains.kotlin.incremental.classpathDiff.DirectoryOrJarReader$Companion   : loaded 2 times (x 71B)
Class org.jetbrains.kotlin.cli.common.ExitCode                                        : loaded 2 times (x 79B)
Class org.jetbrains.kotlin.daemon.common.IncrementalCompilationOptions$Companion      : loaded 2 times (x 71B)
Class org.jetbrains.kotlin.daemon.common.FileAgeComparator                            : loaded 2 times (x 89B)
Class org.jetbrains.kotlin.daemon.common.DaemonJVMOptions$restMapper$1                : loaded 2 times (x 137B)
Class org.jetbrains.kotlin.compilerRunner.ArgumentsToStrings                          : loaded 2 times (x 71B)
Class org.jetbrains.kotlin.gradle.utils.CompilerArgsUtilsKt                           : loaded 2 times (x 71B)
Class org.jetbrains.kotlin.gradle.tasks.CacheableTasksKt$cacheOnlyIfEnabledForKotlin$1$1: loaded 2 times (x 74B)
Class org.jetbrains.kotlin.com.google.common.cache.LocalCache$EntryFactory$2          : loaded 2 times (x 83B)
Class org.jetbrains.kotlin.com.google.common.cache.CacheBuilder$2                     : loaded 2 times (x 79B)
Class com.google.common.collect.FluentIterable                                        : loaded 2 times (x 81B)
Class org.jetbrains.kotlin.gradle.plugin.diagnostics.DefaultProblemsReporter_Decorated: loaded 2 times (x 123B)
Class org.jetbrains.kotlin.gradle.tasks.configuration.BaseKotlinCompileConfig$1$1     : loaded 2 times (x 75B)
Class org.jetbrains.kotlin.gradle.plugin.mpp.compilationImpl.factory.KotlinCompilationImplFactory$PostConfigure: loaded 2 times (x 70B)
Class org.jetbrains.kotlin.gradle.tasks.abi.KotlinLegacyAbiDumpTask                   : loaded 2 times (x 70B)
Class org.jetbrains.kotlin.gradle.utils.KotlinExtensionUtilsKt                        : loaded 2 times (x 71B)
Class [Lorg.jetbrains.kotlin.konan.util.Named;                                        : loaded 2 times (x 69B)
Class org.jetbrains.kotlin.gradle.plugin.diagnostics.checkers.NoKotlinTargetsDeclaredChecker$runChecks$1: loaded 2 times (x 88B)
Class org.jetbrains.kotlin.gradle.plugin.mpp.AbstractKotlinTarget$kotlinComponents$2  : loaded 2 times (x 79B)
Class org.jetbrains.kotlin.gradle.plugin.KotlinPlatformType$CompatibilityRule         : loaded 2 times (x 76B)
Class org.jetbrains.kotlin.gradle.internal.properties.NativePropertiesLoader$actualNativeHomeDirectory$1: loaded 2 times (x 75B)
Class org.jetbrains.kotlin.gradle.internal.properties.NativePropertiesKt              : loaded 2 times (x 71B)
Class org.jetbrains.kotlin.gradle.plugin.BuildEventsListenerRegistryHolder            : loaded 2 times (x 72B)
Class [Lorg.jetbrains.kotlin.statistics.metrics.BooleanOverridePolicy;                : loaded 2 times (x 69B)
Class org.jetbrains.kotlin.gradle.plugin.internal.CustomPropertiesFileValueSource$Parameters$Inject: loaded 2 times (x 106B)
Class com.google.common.cache.LocalCache$StrongEntry                                  : loaded 2 times (x 108B)
Class com.google.common.util.concurrent.AbstractFuture$TrustedFuture                  : loaded 2 times (x 114B)
Class com.google.common.cache.LoadingCache                                            : loaded 2 times (x 70B)
Class org.jetbrains.kotlin.resolve.checkers.DeclarationChecker                        : loaded 2 times (x 70B)
Class org.codehaus.groovy.ast.expr.BinaryExpression                                   : loaded 2 times (x 134B)
Class org.jetbrains.kotlin.types.checker.ClassicTypeSystemContextKt                   : loaded 2 times (x 71B)
Class org.jetbrains.kotlin.diagnostics.PositioningStrategies$NULLABLE_TYPE$1          : loaded 2 times (x 74B)
Class org.jetbrains.kotlin.diagnostics.PositioningStrategies$CALL_ELEMENT_WITH_DOT$1  : loaded 2 times (x 74B)
Class org.jetbrains.kotlin.resolve.calls.inference.ConstraintSystemBuilderKt$WhenMappings: loaded 2 times (x 71B)
Class [Lorg.jetbrains.kotlin.load.java.typeEnhancement.NullabilityQualifier;          : loaded 2 times (x 69B)
Class [Lorg.jetbrains.kotlin.resolve.calls.inference.components.ConstraintSystemCompletionMode;: loaded 2 times (x 69B)
Class org.jetbrains.kotlin.resolve.checkers.ApiVersionClassifierUsageChecker          : loaded 2 times (x 74B)
Class org.jetbrains.kotlin.load.kotlin.SignatureBuildingComponents                    : loaded 2 times (x 71B)
Class org.codehaus.groovy.classgen.ClassGeneratorException                            : loaded 2 times (x 82B)
Class org.jetbrains.kotlin.container.PlatformSpecificExtension                        : loaded 2 times (x 70B)
Class kotlin.sequences.TakeWhileSequence                                              : loaded 2 times (x 75B)
Class groovyjarjarantlr4.v4.runtime.atn.PredictionMode                                : loaded 2 times (x 79B)
Class org.apache.groovy.parser.antlr4.GroovyParser$ContinueStmtAltContext             : loaded 2 times (x 158B)
Class org.apache.groovy.parser.antlr4.GroovyParser$BlockStmtAltContext                : loaded 2 times (x 158B)
Class org.apache.groovy.parser.antlr4.GroovyParser$StandardLambdaExpressionContext    : loaded 2 times (x 161B)
Class org.jetbrains.kotlin.types.model.DynamicTypeMarker                              : loaded 2 times (x 70B)
Class org.codehaus.groovy.runtime.wrappers.GroovyObjectWrapper                        : loaded 2 times (x 88B)
Class org.jetbrains.kotlin.resolve.calls.inference.components.ConstraintIncorporator  : loaded 2 times (x 72B)
Class org.codehaus.groovy.runtime.memoize.ValueConvertable                            : loaded 2 times (x 70B)
Class org.jetbrains.kotlin.resolve.checkers.RequireKotlinAnnotationValueChecker       : loaded 2 times (x 77B)
Class org.jetbrains.kotlin.container.DslKt                                            : loaded 2 times (x 71B)
Class org.codehaus.groovy.ast.AnnotatedNode                                           : loaded 2 times (x 122B)
Class org.codehaus.groovy.ast.ModuleNode                                              : loaded 2 times (x 144B)
Class org.apache.groovy.parser.antlr4.GroovyParser$PackageDeclarationContext          : loaded 2 times (x 159B)
Class org.jetbrains.kotlin.psi.KtThrowExpression                                      : loaded 2 times (x 438B)
Class org.apache.groovy.parser.antlr4.GroovyParser$ClassOrInterfaceTypeContext        : loaded 2 times (x 159B)
Class it.unimi.dsi.fastutil.BidirectionalIterator                                     : loaded 2 times (x 70B)
Class org.jetbrains.kotlin.psi.KtImportDirective                                      : loaded 2 times (x 461B)
Class [Lorg.jetbrains.kotlin.psi.KtModifierListOwnerStub;                             : loaded 2 times (x 69B)
Class org.jetbrains.kotlin.psi.stubs.elements.KtTokenSets                             : loaded 2 times (x 70B)
Class kotlin.jvm.functions.Function12                                                 : loaded 2 times (x 70B)
Class kotlin.reflect.jvm.internal.KCallableImpl$$Lambda$2                             : loaded 2 times (x 76B)
Class kotlin.coroutines.intrinsics.CoroutineSingletons                                : loaded 2 times (x 79B)
Class com.android.tools.lint.model.DefaultLintModelModule                             : loaded 2 times (x 98B)
Class [Lgroovyjarjarantlr4.v4.runtime.CodePointBuffer$Type;                           : loaded 2 times (x 69B)
Class [Lgroovyjarjarantlr4.v4.runtime.misc.Interval;                                  : loaded 2 times (x 69B)
Class it.unimi.dsi.fastutil.objects.ObjectCollection                                  : loaded 2 times (x 70B)
Class org.jetbrains.kotlin.incremental.KotlinClassInfo                                : loaded 2 times (x 72B)
Class org.jetbrains.org.objectweb.asm.tree.ClassNode                                  : loaded 2 times (x 91B)
Class com.google.common.base.Suppliers$NonSerializableMemoizingSupplier               : loaded 2 times (x 79B)
Class org.jetbrains.kotlin.statistics.metrics.ConcatMetricContainer                   : loaded 2 times (x 77B)
Class org.jetbrains.kotlin.com.google.common.util.concurrent.AbstractFuture$UnsafeAtomicHelper$1: loaded 2 times (x 76B)
Class org.jetbrains.kotlin.com.google.common.cache.LocalCache$EntryFactory$3          : loaded 2 times (x 83B)
Class org.jetbrains.kotlin.com.google.common.cache.CacheBuilder$3                     : loaded 2 times (x 72B)
Class org.jetbrains.kotlin.gradle.tasks.GradleCompileTaskProvider                     : loaded 2 times (x 72B)
Class org.jetbrains.kotlin.gradle.plugin.mpp.KotlinTargetSoftwareComponentImplKt$KotlinTargetSoftwareComponent$1: loaded 2 times (x 95B)
Class org.jetbrains.kotlin.gradle.tasks.configuration.BaseKotlinCompileConfig$registerBuildToolsApiTransformations$1: loaded 2 times (x 75B)
Class org.jetbrains.kotlin.gradle.tasks.configuration.AbstractKotlinCompileConfigKt$sam$org_gradle_api_Action$0: loaded 2 times (x 75B)
Class org.jetbrains.kotlin.gradle.plugin.internal.BuildIdService                      : loaded 2 times (x 76B)
Class org.jetbrains.kotlin.gradle.plugin.mpp.compilationImpl.factory.KotlinCompilationDependencyConfigurationsFactoriesKt: loaded 2 times (x 71B)
Class org.jetbrains.kotlin.gradle.plugin.mpp.compilationImpl.DefaultKotlinCompilationFriendPathsResolver: loaded 2 times (x 75B)
Class org.jetbrains.kotlin.gradle.plugin.diagnostics.checkers.KmpPartiallyResolvedDependenciesCheckerKt: loaded 2 times (x 71B)
Class org.jetbrains.kotlin.gradle.plugin.diagnostics.checkers.WasmSourceSetsNotFoundChecker$runChecks$1: loaded 2 times (x 88B)
Class org.jetbrains.kotlin.konan.target.KonanTarget$IOS_SIMULATOR_ARM64               : loaded 2 times (x 78B)
Class org.jetbrains.kotlin.gradle.targets.jvm.KotlinJvmCompilationWireJavaSourcesSideEffectKt: loaded 2 times (x 71B)
Class org.jetbrains.kotlin.gradle.plugin.mpp.compilationImpl.KotlinCreateCompilationArchiveTaskKt$KotlinCreateCompilationArchivesTask$1: loaded 2 times (x 74B)
Class org.jetbrains.kotlin.gradle.dsl.KotlinVersion                                   : loaded 2 times (x 79B)
Class org.jetbrains.kotlin.gradle.internal.properties.NativePropertiesLoader$actualNativeHomeDirectory$2: loaded 2 times (x 74B)
Class org.jetbrains.kotlin.gradle.utils.StoredPropertyKt                              : loaded 2 times (x 71B)
Class [Lcom.google.common.cache.Weigher;                                              : loaded 2 times (x 69B)
Class groovyjarjarantlr4.v4.runtime.Recognizer$1                                      : loaded 2 times (x 206B)
Class [Lorg.jetbrains.kotlin.resolve.calls.inference.components.VariableFixationFinder$TypeVariableFixationReadiness;: loaded 2 times (x 69B)
Class org.jetbrains.kotlin.diagnostics.PositioningStrategies$TYPE_PARAMETERS_OR_DECLARATION_SIGNATURE$1: loaded 2 times (x 74B)
Class com.google.protobuf.Message$Builder                                             : loaded 2 times (x 70B)
Class org.jetbrains.kotlin.descriptors.java.JavaVisibilities$ProtectedStaticVisibility: loaded 2 times (x 79B)
Class org.jetbrains.kotlin.load.kotlin.KotlinJvmBinaryClass$MemberVisitor             : loaded 2 times (x 70B)
Class com.android.tools.analytics.Environment$EnvironmentVariable                     : loaded 2 times (x 79B)
Class org.codehaus.groovy.classgen.asm.BinaryExpressionMultiTypeDispatcher$BinaryByteExpressionHelper: loaded 2 times (x 98B)
Class org.codehaus.groovy.classgen.asm.util.TypeUtil                                  : loaded 2 times (x 71B)
Class groovyjarjarantlr4.v4.runtime.atn.ATNConfig$SemanticContextATNConfig            : loaded 2 times (x 84B)
Class org.apache.groovy.parser.antlr4.GroovyParser$ConditionalStmtAltContext          : loaded 2 times (x 158B)
Class groovyjarjarantlr4.v4.runtime.tree.ErrorNode                                    : loaded 2 times (x 70B)
Class groovyjarjarantlr4.v4.runtime.dfa.DFA                                           : loaded 2 times (x 82B)
Class groovyjarjarantlr4.v4.runtime.atn.BasicState                                    : loaded 2 times (x 89B)
Class groovyjarjarantlr4.v4.runtime.TokenFactory                                      : loaded 2 times (x 70B)
Class org.jetbrains.kotlin.container.CacheKt                                          : loaded 2 times (x 71B)
Class org.jetbrains.kotlin.resolve.calls.checkers.EnumEntryVsCompanionPriorityCallChecker: loaded 2 times (x 74B)
Class com.android.ide.common.resources.configuration.ScreenRatioQualifier             : loaded 2 times (x 91B)
Class org.jetbrains.kotlin.psi.KtLambdaExpression                                     : loaded 2 times (x 550B)
Class org.apache.groovy.parser.antlr4.GroovyParser$CastParExpressionContext           : loaded 2 times (x 159B)
Class org.jetbrains.kotlin.resolve.extensions.ExtraImportsProviderExtension           : loaded 2 times (x 70B)
Class org.jetbrains.kotlin.serialization.deserialization.MetadataPartProvider         : loaded 2 times (x 70B)
Class org.jetbrains.kotlin.psi.stubs.KotlinPlaceHolderWithTextStub                    : loaded 2 times (x 70B)
Class kotlin.sequences.SequenceBuilderIterator                                        : loaded 2 times (x 85B)
Class kotlin.jvm.functions.Function13                                                 : loaded 2 times (x 70B)
Class kotlin.reflect.jvm.internal.KCallableImpl$$Lambda$3                             : loaded 2 times (x 76B)
Class org.jetbrains.kotlin.cli.jvm.compiler.JavaLanguageLevelKt$EntriesMappings       : loaded 2 times (x 71B)
Class kotlinx.coroutines.internal.LockFreeTaskQueueCore$Companion                     : loaded 2 times (x 71B)
Class kotlin.ranges.OpenEndRange                                                      : loaded 2 times (x 70B)
Class com.android.ide.common.gradle.Version$Companion$ParseState$EMPTY                : loaded 2 times (x 74B)
Class kotlin.text.Charsets                                                            : loaded 2 times (x 71B)
Class groovyjarjarasm.asm.Type                                                        : loaded 2 times (x 72B)
Class org.apache.groovy.parser.antlr4.util.PositionConfigureUtils                     : loaded 2 times (x 71B)
Class org.jetbrains.kotlin.load.kotlin.VirtualFileKotlinClass$Factory                 : loaded 2 times (x 71B)
Class org.jetbrains.kotlin.incremental.classpathDiff.PackageFacadeKotlinClassSnapshotExternalizer: loaded 2 times (x 75B)
Class com.google.common.collect.ImmutableMultimap$1                                   : loaded 2 times (x 82B)
Class org.jetbrains.kotlin.build.report.metrics.BuildMetrics                          : loaded 2 times (x 72B)
Class org.jetbrains.kotlin.daemon.common.ClientUtilsKt                                : loaded 2 times (x 71B)
Class [Lorg.jetbrains.kotlin.com.google.common.cache.LocalCache$EntryFactory;         : loaded 2 times (x 69B)
Class org.jetbrains.kotlin.com.google.common.cache.LocalCache$EntryFactory$4          : loaded 2 times (x 83B)
Class org.jetbrains.kotlin.com.google.common.base.PairwiseEquivalence                 : loaded 2 times (x 83B)
Class org.jetbrains.kotlin.gradle.internal.build.SourcesUtilsKt                       : loaded 2 times (x 71B)
Class org.jetbrains.kotlin.gradle.plugin.sources.KotlinDependencyScope$Companion      : loaded 2 times (x 71B)
Class org.jetbrains.kotlin.gradle.tasks.configuration.BaseKotlinCompileConfig$registerBuildToolsApiTransformations$2: loaded 2 times (x 75B)
Class org.jetbrains.kotlin.gradle.tasks.KotlinJvmCompile                              : loaded 2 times (x 70B)
Class org.jetbrains.kotlin.gradle.plugin.mpp.compilationImpl.KotlinCompilationSourceSetsContainerKt: loaded 2 times (x 71B)
Class org.jetbrains.kotlin.gradle.plugin.KotlinPluginLifecycleKt$launchInStage$1      : loaded 2 times (x 95B)
Class org.jetbrains.kotlin.gradle.targets.NativeForwardImplementationToApiElementsSideEffectKt: loaded 2 times (x 71B)
Class org.jetbrains.kotlin.gradle.tasks.publishing.HelpersKt$addPgpSignatureHelpers$1 : loaded 2 times (x 75B)
Class org.jetbrains.kotlin.gradle.internal.properties.NativePropertiesLoader$actualNativeHomeDirectory$3: loaded 2 times (x 75B)
Class org.jetbrains.kotlin.gradle.report.BuildReportMode                              : loaded 2 times (x 79B)
Class org.jetbrains.kotlin.statistics.metrics.StringAnonymizationPolicy$RegexControlled: loaded 2 times (x 79B)
Class org.jetbrains.kotlin.statistics.ValueAnonymizer                                 : loaded 2 times (x 70B)
Class org.jetbrains.kotlin.gradle.plugin.VariantImplementationFactories$Companion$getProvider$2$1$1: loaded 2 times (x 75B)
Class org.jetbrains.kotlin.gradle.plugin.internal.ProjectIsolationStartParameterAccessor$Factory: loaded 2 times (x 70B)
Class jdk.internal.jimage.decompressor.CompressedResourceHeader                       : loaded 2 times (x 71B)
Class org.jetbrains.kotlin.load.kotlin.TypeMappingMode$WhenMappings                   : loaded 2 times (x 71B)
Class org.jetbrains.kotlin.load.java.structure.JavaWildcardType                       : loaded 2 times (x 70B)
Class com.android.repository.io.FileOpUtils                                           : loaded 2 times (x 71B)
Class org.jetbrains.kotlin.diagnostics.PositioningStrategies$SUPERTYPE_INITIALIZED_IN_EXPECTED_CLASS_DIAGNOSTIC$1: loaded 2 times (x 74B)
Class org.codehaus.groovy.classgen.asm.BytecodeHelper$StoreVarHandler                 : loaded 2 times (x 80B)
Class org.codehaus.groovy.classgen.asm.TypeChooser                                    : loaded 2 times (x 70B)
Class groovyjarjarasm.asm.Handler                                                     : loaded 2 times (x 72B)
Class org.jetbrains.kotlin.descriptors.java.JavaVisibilities$ProtectedAndPackage      : loaded 2 times (x 79B)
Class org.jetbrains.kotlin.resolve.jvm.KotlinJavaPsiFacade$1                          : loaded 2 times (x 78B)
Class groovyjarjarantlr4.v4.runtime.atn.ATNConfig$ActionATNConfig                     : loaded 2 times (x 85B)
Class org.apache.groovy.parser.antlr4.GroovyParser$ExpressionInParContext             : loaded 2 times (x 159B)
Class groovyjarjarantlr4.v4.runtime.CodePointBuffer$Type                              : loaded 2 times (x 79B)
Class org.apache.groovy.parser.antlr4.GroovyParser$TypeDeclarationContext             : loaded 2 times (x 158B)
Class groovyjarjarantlr4.v4.runtime.TokenStream                                       : loaded 2 times (x 70B)
Class org.codehaus.groovy.vmplugin.v9.ClassFindFailedException                        : loaded 2 times (x 82B)
Class org.codehaus.groovy.util.ComplexKeyHashMap$1                                    : loaded 2 times (x 79B)
Class org.codehaus.groovy.util.AbstractConcurrentMapBase                              : loaded 2 times (x 77B)
Class org.jetbrains.kotlin.resolve.AnnotationsKt                                      : loaded 2 times (x 71B)
Class org.codehaus.groovy.runtime.ResourceGroovyMethods                               : loaded 2 times (x 71B)
Class org.codehaus.groovy.runtime.IOGroovyMethods                                     : loaded 2 times (x 71B)
Class org.codehaus.groovy.reflection.GroovyClassValueFactory                          : loaded 2 times (x 71B)
Class org.jetbrains.kotlin.parsing.TokenStreamPattern                                 : loaded 2 times (x 70B)
Class org.jetbrains.kotlin.KtNodeType                                                 : loaded 2 times (x 76B)
Class [Lorg.jetbrains.kotlin.config.ExplicitApiMode;                                  : loaded 2 times (x 69B)
Class org.jetbrains.kotlin.load.kotlin.PackageAndMetadataPartProvider                 : loaded 2 times (x 70B)
Class org.jetbrains.kotlin.storage.LockBasedStorageManager                            : loaded 2 times (x 108B)
Class org.jetbrains.kotlin.psi.KtLambdaArgument                                       : loaded 2 times (x 473B)
Class [Lorg.jetbrains.kotlin.psi.KtExpression;                                        : loaded 2 times (x 69B)
Class kotlin.jvm.functions.Function14                                                 : loaded 2 times (x 70B)
Class kotlin.reflect.jvm.internal.KCallableImpl$$Lambda$4                             : loaded 2 times (x 76B)
Class org.jetbrains.kotlin.resolve.deprecation.DeprecationLevelValue                  : loaded 2 times (x 79B)
Class com.android.ide.common.repository.AgpVersion$Companion$WhenMappings             : loaded 2 times (x 71B)
Class com.google.protobuf.CodedInputStream$StreamDecoder                              : loaded 2 times (x 120B)
Class org.jetbrains.kotlin.load.java.PropertiesConventionUtilKt                       : loaded 2 times (x 71B)
Class org.jetbrains.kotlin.load.java.structure.JavaMember                             : loaded 2 times (x 70B)
Class org.jetbrains.kotlin.incremental.classpathDiff.JavaClassMemberLevelSnapshotExternalizer: loaded 2 times (x 75B)
Class org.jetbrains.kotlin.gradle.plugin.statistics.KotlinBuildStatsLoggerService$reportBuildFinished$1: loaded 2 times (x 79B)
Class com.google.common.reflect.Types$JavaVersion$1                                   : loaded 2 times (x 83B)
Class com.google.common.collect.ImmutableMultimap$2                                   : loaded 2 times (x 81B)
Class org.jetbrains.kotlin.daemon.common.OSKind                                       : loaded 2 times (x 79B)
Class [Lorg.jetbrains.kotlin.com.google.common.cache.LocalCache$NullEntry;            : loaded 2 times (x 69B)
Class org.jetbrains.kotlin.com.google.common.cache.LocalCache$EntryFactory$5          : loaded 2 times (x 83B)
Class org.jetbrains.kotlin.com.google.common.cache.CacheBuilder$OneWeigher            : loaded 2 times (x 82B)
Class org.jetbrains.kotlin.gradle.tasks.KotlinCompile$disableMultiModuleIC$2$1        : loaded 2 times (x 75B)
Class com.google.common.collect.AbstractIterator$State                                : loaded 2 times (x 79B)
Class org.jetbrains.kotlin.gradle.tasks.DefaultKotlinJavaToolchain$javaExecutable$1   : loaded 2 times (x 75B)
Class org.jetbrains.kotlin.build.report.metrics.BuildAttribute                        : loaded 2 times (x 79B)
Class org.jetbrains.kotlin.gradle.internal.transforms.BuildToolsApiClasspathEntrySnapshotTransform$Inject1: loaded 2 times (x 113B)
Class org.jetbrains.kotlin.gradle.plugin.mpp.compilationImpl.KotlinCompilationRegisterInSourceSetsConfigurator: loaded 2 times (x 74B)
Class org.jetbrains.kotlin.gradle.plugin.mpp.compilationImpl.factory.DefaultKotlinCompilationTaskNamesContainerFactory: loaded 2 times (x 74B)
Class org.jetbrains.kotlin.gradle.plugin.mpp.compilationImpl.DefaultKotlinCompilationFriendPathsResolver$FriendArtifactResolver$Companion: loaded 2 times (x 71B)
Class org.jetbrains.kotlin.gradle.targets.native.internal.CommonizerTasksKt           : loaded 2 times (x 71B)
Class [Lorg.jetbrains.kotlin.gradle.targets.js.npm.NpmDependency$Scope;               : loaded 2 times (x 69B)
Class org.jetbrains.kotlin.gradle.plugin.KotlinCompilerPluginSupportPlugin            : loaded 2 times (x 70B)
Class org.jetbrains.kotlin.gradle.plugin.mpp.AbstractKotlinTarget$components$2        : loaded 2 times (x 79B)
Class org.jetbrains.kotlin.gradle.targets.CreateNonPackedKlibVariantsSideEffectKt$CreateNonPackedKlibVariantsSideEffect$1: loaded 2 times (x 74B)
Class org.jetbrains.kotlin.gradle.plugin.mpp.KotlinUsages$setupAttributesMatchingStrategy$1: loaded 2 times (x 74B)
Class org.jetbrains.kotlin.gradle.tasks.publishing.HelpersKt$addPgpSignatureHelpers$2 : loaded 2 times (x 74B)
Class org.jetbrains.kotlin.gradle.plugin.KotlinGradleBuildServices$Companion$registerIfAbsent$2$1$1: loaded 2 times (x 75B)
Class org.jetbrains.kotlin.gradle.plugin.PropertiesProvider$preciseCompilationResultsBackup$1: loaded 2 times (x 79B)
Class org.jetbrains.kotlin.gradle.internal.diagnostics.AgpCompatibilityCheck$runAgpCompatibilityCheckIfAgpIsApplied$1$1: loaded 2 times (x 75B)
Class org.jetbrains.kotlin.gradle.utils.AndroidPluginIdsKt                            : loaded 2 times (x 71B)
Class org.jetbrains.kotlin.gradle.plugin.KotlinBasePlugin                             : loaded 2 times (x 70B)
Class com.google.common.cache.LocalCache$ValueReference                               : loaded 2 times (x 70B)
Class org.jetbrains.kotlin.utils.DFS$Neighbors                                        : loaded 2 times (x 70B)
Class org.jetbrains.kotlin.load.java.typeEnhancement.PredefinedEnhancementInfoKt      : loaded 2 times (x 71B)
Class org.jetbrains.kotlin.load.kotlin.JvmDescriptorTypeWriter                        : loaded 2 times (x 76B)
Class org.jetbrains.kotlin.metadata.deserialization.VersionRequirement$Companion$WhenMappings: loaded 2 times (x 71B)
Class org.jetbrains.kotlin.resolve.calls.inference.components.ResultTypeResolver$sinkIntegerLiteralTypes$$inlined$sortedBy$1: loaded 2 times (x 90B)
Class org.jetbrains.kotlin.types.model.TypeVariableMarker                             : loaded 2 times (x 70B)
Class org.jetbrains.kotlin.types.AbstractTypeMapper                                   : loaded 2 times (x 71B)
Class org.jetbrains.kotlin.diagnostics.PositioningStrategies$ModifierSetBasedPositioningStrategy: loaded 2 times (x 75B)
Class [Lorg.jetbrains.kotlin.load.java.typeEnhancement.TypeComponentPosition;         : loaded 2 times (x 69B)
Class org.jetbrains.kotlin.mpp.TypeParameterSymbolMarker                              : loaded 2 times (x 70B)
Class kotlin.coroutines.jvm.internal.Boxing                                           : loaded 2 times (x 71B)
Class org.jetbrains.kotlin.types.AbstractTypeChecker                                  : loaded 2 times (x 71B)
Class org.jetbrains.kotlin.resolve.calls.inference.components.ConstraintInjector$Context: loaded 2 times (x 70B)
Class org.codehaus.groovy.classgen.ExtendedVerifier                                   : loaded 2 times (x 214B)
Class [Lorg.codehaus.groovy.ast.stmt.Statement;                                       : loaded 2 times (x 69B)
Class org.jetbrains.kotlin.resolve.jvm.KotlinJavaPsiFacade$2                          : loaded 2 times (x 77B)
Class groovyjarjarantlr4.v4.runtime.CommonToken                                       : loaded 2 times (x 111B)
Class org.jetbrains.kotlin.types.TypeMappingUtil                                      : loaded 2 times (x 71B)
Class groovyjarjarantlr4.v4.runtime.dfa.AbstractEdgeMap                               : loaded 2 times (x 97B)
Class groovyjarjarantlr4.v4.runtime.dfa.LexerDFASerializer                            : loaded 2 times (x 75B)
Class org.jetbrains.kotlin.types.model.TypeSubstitutorMarker                          : loaded 2 times (x 70B)
Class org.apache.groovy.parser.antlr4.GroovyParser$SwitchStatementContext             : loaded 2 times (x 164B)
Class org.gradle.internal.classloader.ClassLoaderHierarchy                            : loaded 2 times (x 70B)
Class org.jetbrains.kotlin.resolve.checkers.CyclicAnnotationsChecker                  : loaded 2 times (x 74B)
Class org.codehaus.groovy.runtime.dgmimpl.arrays.FloatArrayPutAtMetaMethod            : loaded 2 times (x 97B)
Class groovy.lang.GString$1                                                           : loaded 2 times (x 121B)
Class groovy.util.BufferedIterator                                                    : loaded 2 times (x 70B)
Class groovy.lang.GroovyObject                                                        : loaded 2 times (x 70B)
Class org.jetbrains.kotlin.utils.SmartList$SingletonIteratorBase                      : loaded 2 times (x 81B)
Class kotlin.collections.ArrayDeque$Companion                                         : loaded 2 times (x 71B)
Class org.jetbrains.kotlin.psi.KtSimpleNameExpressionImpl$Companion                   : loaded 2 times (x 71B)
Class org.jetbrains.kotlin.gradle.plugin.internal.ConfigurationCacheStartParameterAccessorKt: loaded 2 times (x 71B)
Class org.jetbrains.kotlin.psi.KtWhenCondition                                        : loaded 2 times (x 376B)
Class org.jetbrains.kotlin.psi.KtPostfixExpression                                    : loaded 2 times (x 502B)
Class it.unimi.dsi.fastutil.ints.IntArrays$Segment                                    : loaded 2 times (x 71B)
Class it.unimi.dsi.fastutil.ints.IntBidirectionalIterator                             : loaded 2 times (x 70B)
Class org.jetbrains.kotlin.psi.KtStringTemplateEntryWithExpression                    : loaded 2 times (x 447B)
Class org.jetbrains.kotlin.psi.stubs.impl.KotlinTypeBean                              : loaded 2 times (x 70B)
Class [Lorg.jetbrains.kotlin.psi.KtDeclarationContainer;                              : loaded 2 times (x 69B)
Class kotlin.jvm.functions.Function15                                                 : loaded 2 times (x 70B)
Class kotlin.reflect.jvm.internal.KCallableImpl$$Lambda$5                             : loaded 2 times (x 76B)
Class com.android.tools.lint.model.LintModelAndroidLibrary                            : loaded 2 times (x 70B)
Class kotlin.text.CharsKt__CharKt                                                     : loaded 2 times (x 71B)
Class org.jetbrains.kotlin.platform.TargetPlatformKt                                  : loaded 2 times (x 71B)
Class org.jetbrains.kotlin.platform.SimplePlatform                                    : loaded 2 times (x 75B)
Class org.jetbrains.kotlin.gradle.plugin.statistics.BuildFinishFlowProviderManager    : loaded 2 times (x 72B)
Class org.jetbrains.kotlin.gradle.plugin.KotlinPlatformType$Companion                 : loaded 2 times (x 71B)
Class org.jetbrains.kotlin.gradle.plugin.KotlinPlatformType$DisambiguationRule        : loaded 2 times (x 76B)
Class org.jetbrains.kotlin.gradle.targets.native.KotilnNativeConfigureBinariesSideEffectKt: loaded 2 times (x 71B)
Class org.jetbrains.kotlin.incremental.DifferenceCalculatorForPackageFacade           : loaded 2 times (x 74B)
Class org.jetbrains.kotlin.gradle.targets.ConfigureNonPackedKlibConsumingSideEffectKt : loaded 2 times (x 71B)
Class org.jetbrains.kotlin.gradle.plugin.diagnostics.checkers.MissingNativeStdlibChecker: loaded 2 times (x 74B)
Class com.google.common.reflect.Types$JavaVersion$2                                   : loaded 2 times (x 83B)
Class com.google.common.reflect.Types                                                 : loaded 2 times (x 71B)
Class org.jetbrains.kotlin.com.google.common.cache.LocalCache$EntryFactory$6          : loaded 2 times (x 83B)
Class org.jetbrains.kotlin.gradle.internal.ClassLoadersCacheHolder                    : loaded 2 times (x 71B)
Class org.jetbrains.kotlin.gradle.tasks.internal.KotlinJvmOptionsCompat               : loaded 2 times (x 101B)
Class org.jetbrains.kotlin.gradle.targets.js.npm.NpmDependencyExtensionKt$defaultNpmDependencyDelegate$1: loaded 2 times (x 167B)
Class org.jetbrains.kotlin.gradle.tasks.abi.KotlinLegacyAbiDumpTaskImpl$Companion     : loaded 2 times (x 71B)
Class org.jetbrains.kotlin.gradle.dsl.abi.AbiFiltersSpec                              : loaded 2 times (x 70B)
Class org.jetbrains.kotlin.gradle.utils.FutureKt                                      : loaded 2 times (x 71B)
Class org.jetbrains.kotlin.gradle.plugin.statistics.BuildFinishFlowAction             : loaded 2 times (x 76B)
Class org.jetbrains.kotlin.gradle.targets.native.internal.PlatformLibrariesGenerator$GeneratedPlatformLibrariesService: loaded 2 times (x 76B)
Class org.jetbrains.kotlin.gradle.logging.GradleLoggingUtilsKt                        : loaded 2 times (x 71B)
Class org.jetbrains.kotlin.gradle.plugin.KotlinAndroidPluginWrapper                   : loaded 2 times (x 86B)
Class com.google.common.util.concurrent.AbstractFuture$Failure                        : loaded 2 times (x 72B)
Class com.android.ide.common.resources.DataFile                                       : loaded 2 times (x 83B)
Class com.android.ide.common.rendering.api.ResourceValueImpl                          : loaded 2 times (x 98B)
Class org.jetbrains.kotlin.diagnostics.PositioningStrategies$LONG_LITERAL_SUFFIX$1    : loaded 2 times (x 74B)
Class org.jetbrains.kotlin.resolve.calls.model.PostponedResolvedAtomMarker            : loaded 2 times (x 70B)
Class org.jetbrains.kotlin.resolve.jvm.KotlinJavaPsiFacade$3                          : loaded 2 times (x 71B)
Class org.jetbrains.kotlin.gradle.plugin.KotlinPluginLifecycleImpl$launch$coroutine$1 : loaded 2 times (x 76B)
Class org.jetbrains.kotlin.resolve.calls.inference.model.ConstraintStorage            : loaded 2 times (x 70B)
Class org.jetbrains.kotlin.builtins.jvm.JavaToKotlinClassMap                          : loaded 2 times (x 71B)
Class org.codehaus.groovy.classgen.asm.VariableSlotLoader                             : loaded 2 times (x 130B)
Class org.jetbrains.kotlin.gradle.internal.KotlinDomApiDependencyManagementKt         : loaded 2 times (x 71B)
Class groovyjarjarasm.asm.ModuleVisitor                                               : loaded 2 times (x 81B)
Class org.apache.groovy.parser.antlr4.internal.DescriptiveErrorStrategy               : loaded 2 times (x 110B)
Class [Lorg.jetbrains.kotlin.descriptors.Modality;                                    : loaded 2 times (x 69B)
Class org.apache.groovy.parser.antlr4.GroovyParser$ExpressionContext                  : loaded 2 times (x 157B)
Class [Lorg.jetbrains.kotlin.types.model.KotlinTypeMarker;                            : loaded 2 times (x 69B)
Class org.codehaus.groovy.ast.ClassHelper$ClassHelperCache                            : loaded 2 times (x 71B)
Class org.codehaus.groovy.ast.ClassHelper                                             : loaded 2 times (x 71B)
Class org.jetbrains.kotlin.resolve.checkers.ExplicitApiDeclarationChecker$Companion   : loaded 2 times (x 71B)
Class org.jetbrains.kotlin.resolve.checkers.DelegationChecker                         : loaded 2 times (x 74B)
Class org.codehaus.groovy.runtime.DefaultGroovyMethodsSupport                         : loaded 2 times (x 71B)
Class org.jetbrains.kotlin.gradle.plugin.abi.AbiValidationTaskSet$addSingleJvmTarget$1: loaded 2 times (x 75B)
Class groovy.lang.groovydoc.Groovydoc                                                 : loaded 2 times (x 76B)
Class [Lcom.android.resources.NightMode;                                              : loaded 2 times (x 69B)
Class org.jetbrains.kotlin.gradle.tasks.CInteropProcess                               : loaded 2 times (x 347B)
Class org.jetbrains.kotlin.gradle.plugin.mpp.KotlinVariantWithCoordinates             : loaded 2 times (x 108B)
Class org.jetbrains.kotlin.psi.KtThisExpression                                       : loaded 2 times (x 438B)
Class kotlin.reflect.jvm.internal.KProperty0Impl                                      : loaded 2 times (x 128B)
Class org.jetbrains.kotlin.psi.stubs.elements.KtConstantExpressionElementType         : loaded 2 times (x 100B)
Class kotlin.jvm.functions.Function16                                                 : loaded 2 times (x 70B)
Class kotlin.reflect.jvm.internal.CacheByClassKt                                      : loaded 2 times (x 71B)
Class kotlin.coroutines.EmptyCoroutineContext                                         : loaded 2 times (x 77B)
Class com.google.common.io.FileWriteMode                                              : loaded 2 times (x 79B)
Class org.jetbrains.kotlin.gradle.internal.ClassLoadersCachingBuildService$getClassLoader$1: loaded 2 times (x 75B)
Class com.google.common.cache.LocalCache$ValueIterator                                : loaded 2 times (x 86B)
Class org.jetbrains.kotlin.incremental.classpathDiff.DirectoryOrJarReader             : loaded 2 times (x 70B)
Class org.jetbrains.kotlin.incremental.impl.ClassNodeSnapshotter                      : loaded 2 times (x 71B)
Class org.jetbrains.kotlin.incremental.classpathDiff.RegularKotlinClassSnapshot       : loaded 2 times (x 76B)
Class [Lorg.apache.commons.io.file.DeleteOption;                                      : loaded 2 times (x 69B)
Class com.google.common.reflect.Types$JavaVersion$3                                   : loaded 2 times (x 83B)
Class com.google.common.collect.ImmutableSetMultimap                                  : loaded 2 times (x 180B)
Class org.jetbrains.kotlin.daemon.common.DaemonReportCategory                         : loaded 2 times (x 79B)
Class org.jetbrains.kotlin.daemon.common.DaemonOptions                                : loaded 2 times (x 75B)
Class org.jetbrains.kotlin.compilerRunner.GradleKotlinCompilerWorkArguments$Companion : loaded 2 times (x 71B)
Class org.jetbrains.kotlin.com.google.common.cache.LocalCache$EntryFactory$7          : loaded 2 times (x 83B)
Class com.google.common.io.CharSink                                                   : loaded 2 times (x 79B)
Class com.google.common.collect.ByFunctionOrdering                                    : loaded 2 times (x 115B)
Class org.jetbrains.kotlin.compilerRunner.GradleCompilerRunner$Companion              : loaded 2 times (x 71B)
Class [Lorg.jetbrains.kotlin.gradle.dsl.PlatformSourceSetConventionsChecker$CheckedPlatformInfo;: loaded 2 times (x 69B)
Class org.jetbrains.kotlin.gradle.plugin.diagnostics.KotlinGradleProjectCheckerContext: loaded 2 times (x 72B)
Class org.jetbrains.kotlin.gradle.plugin.diagnostics.checkers.DuplicateSourceSetChecker: loaded 2 times (x 74B)
Class org.jetbrains.kotlin.gradle.plugin.diagnostics.ToolingDiagnosticFactory         : loaded 2 times (x 73B)
Class org.jetbrains.kotlin.gradle.targets.KotlinTargetSideEffect                      : loaded 2 times (x 70B)
Class org.jetbrains.kotlin.gradle.plugin.DefaultKotlinBasePlugin$setupAttributeMatchingStrategy$1$1: loaded 2 times (x 79B)
Class org.jetbrains.kotlin.statistics.metrics.NumericalMetrics$Companion              : loaded 2 times (x 71B)
Class [Lorg.jetbrains.kotlin.statistics.metrics.NumberAnonymizationPolicy;            : loaded 2 times (x 69B)
Class org.jetbrains.kotlin.statistics.metrics.NumberOverridePolicy$OVERRIDE           : loaded 2 times (x 85B)
Class org.jetbrains.kotlin.gradle.internal.properties.PropertiesBuildService$property$1: loaded 2 times (x 79B)
Class org.objectweb.asm.CurrentFrame                                                  : loaded 2 times (x 73B)
Class org.objectweb.asm.ClassTooLargeException                                        : loaded 2 times (x 83B)
Class org.jetbrains.kotlin.config.CompilerConfigurationKey                            : loaded 2 times (x 72B)
Class org.jetbrains.kotlin.contracts.description.EventOccurrencesRange$Companion      : loaded 2 times (x 71B)
Class [Lorg.jetbrains.kotlin.contracts.description.EventOccurrencesRange;             : loaded 2 times (x 69B)
Class org.jetbrains.kotlin.types.TypeApproximatorConfiguration$LocalDeclaration       : loaded 2 times (x 87B)
Class kotlinx.coroutines.BuildersKt                                                   : loaded 2 times (x 71B)
Class kotlinx.coroutines.CoroutineContextKt$hasCopyableElements$1                     : loaded 2 times (x 78B)
Class [Lorg.jetbrains.kotlin.resolve.calls.inference.model.ConstraintKind;            : loaded 2 times (x 69B)
Class kotlin.InitializedLazyImpl                                                      : loaded 2 times (x 76B)
Class groovyjarjarasm.asm.ByteVector                                                  : loaded 2 times (x 79B)
Class kotlinx.coroutines.internal.ThreadContextKt                                     : loaded 2 times (x 71B)
Class [Lorg.codehaus.groovy.classgen.FinalVariableAnalyzer$VariableState;             : loaded 2 times (x 69B)
Class org.apache.groovy.util.concurrent.concurrentlinkedhashmap.Weighers              : loaded 2 times (x 71B)
Class org.codehaus.groovy.classgen.EnumCompletionVisitor                              : loaded 2 times (x 212B)
Class org.apache.groovy.parser.antlr4.GroovyParser$VariableModifiersOptContext        : loaded 2 times (x 158B)
Class org.apache.groovy.parser.antlr4.GroovyParser$ClassicalForControlContext         : loaded 2 times (x 161B)
Class kotlin.jvm.internal.MutablePropertyReference0                                   : loaded 2 times (x 137B)
Class groovyjarjarantlr4.v4.runtime.atn.LexerPushModeAction                           : loaded 2 times (x 76B)
Class groovyjarjarantlr4.v4.runtime.dfa.EdgeMap                                       : loaded 2 times (x 70B)
Class groovyjarjarantlr4.v4.runtime.atn.ATN                                           : loaded 2 times (x 85B)
Class groovyjarjarantlr4.v4.runtime.atn.WildcardTransition                            : loaded 2 times (x 76B)
Class groovyjarjarantlr4.v4.runtime.LexerNoViableAltException                         : loaded 2 times (x 94B)
Class org.apache.groovy.parser.antlr4.GroovyParser$GstringPathContext                 : loaded 2 times (x 159B)
Class org.apache.groovy.parser.antlr4.GroovyParser$AnonymousInnerClassDeclarationContext: loaded 2 times (x 157B)
Class org.codehaus.groovy.ast.expr.MethodPointerExpression                            : loaded 2 times (x 131B)
Class org.jetbrains.kotlin.resolve.calls.checkers.ReifiedTypeParameterSubstitutionChecker: loaded 2 times (x 75B)
Class org.codehaus.groovy.runtime.DefaultGroovyStaticMethods                          : loaded 2 times (x 71B)
Class kotlin.reflect.jvm.internal.impl.builtins.CompanionObjectMapping                : loaded 2 times (x 71B)
Class org.jetbrains.kotlin.psi.KtEnumEntry                                            : loaded 2 times (x 1105B)
Class com.android.resources.ResourceFolderType                                        : loaded 2 times (x 79B)
Class org.jetbrains.kotlin.psi.KtDynamicType                                          : loaded 2 times (x 508B)
Class org.jetbrains.kotlin.parsing.AbstractKotlinParsing$AtSet                        : loaded 2 times (x 78B)
Class org.jetbrains.kotlin.psi.psiUtil.KtPsiUtilKt                                    : loaded 2 times (x 71B)
Class org.jetbrains.kotlin.psi.KtLabelReferenceExpression                             : loaded 2 times (x 569B)
Class it.unimi.dsi.fastutil.Stack                                                     : loaded 2 times (x 70B)
Class org.jetbrains.kotlin.metadata.jvm.deserialization.ModuleMappingKt               : loaded 2 times (x 71B)
Class org.jetbrains.kotlin.analyzer.CompilationErrorException                         : loaded 2 times (x 82B)
Class [Lorg.jetbrains.kotlin.psi.KtStatementExpression;                               : loaded 2 times (x 69B)
Class org.jetbrains.kotlin.psi.stubs.KotlinStubWithFqName                             : loaded 2 times (x 70B)
Class kotlin.jvm.functions.Function17                                                 : loaded 2 times (x 70B)
Class org.jetbrains.kotlin.load.kotlin.KotlinBinaryClassCache$cache$1                 : loaded 2 times (x 83B)
Class com.android.ide.common.gradle.Version$Companion$ParseState$NUMERIC              : loaded 2 times (x 74B)
Class org.jetbrains.kotlin.config.MavenComparableVersion$Item                         : loaded 2 times (x 70B)
Class com.android.ide.common.repository.AgpVersion$PreviewKind                        : loaded 2 times (x 79B)
Class [Lcom.android.tools.lint.model.LintModelModuleType;                             : loaded 2 times (x 69B)
Class com.android.tools.lint.model.LintModelSerialization$LintModelSerializationFileAdapter$WhenMappings: loaded 2 times (x 71B)
Class org.jetbrains.kotlin.load.kotlin.VirtualFileFinder                              : loaded 2 times (x 90B)
Class kotlin.reflect.jvm.internal.KProperty0Impl$$Lambda$0                            : loaded 2 times (x 76B)
Class org.jetbrains.kotlin.protobuf.Utf8                                              : loaded 2 times (x 71B)
Class org.jetbrains.kotlin.incremental.classpathDiff.impl.SingleClassSnapshotter$WhenMappings: loaded 2 times (x 71B)
Class org.jetbrains.kotlin.resolve.jvm.extensions.AnalysisHandlerExtension$Companion  : loaded 2 times (x 72B)
Class org.jetbrains.kotlin.incremental.classpathDiff.JavaClassSnapshot                : loaded 2 times (x 75B)
Class com.google.common.reflect.Types$JavaVersion$4                                   : loaded 2 times (x 83B)
Class org.jetbrains.kotlin.incremental.ClasspathChanges$ClasspathSnapshotEnabled      : loaded 2 times (x 72B)
Class org.jetbrains.kotlin.gradle.logging.BuildErrorMessageCollector                  : loaded 2 times (x 72B)
Class org.jetbrains.kotlin.com.google.common.cache.LocalCache$EntryFactory$8          : loaded 2 times (x 83B)
Class com.google.common.hash.HashCode$LongHashCode                                    : loaded 2 times (x 80B)
Class org.jetbrains.kotlin.gradle.tasks.configuration.AbstractKotlinCompileConfig$2$2$1: loaded 2 times (x 75B)
Class org.jetbrains.kotlin.build.report.metrics.BuildAttributes$Companion             : loaded 2 times (x 71B)
Class org.jetbrains.kotlin.gradle.tasks.KotlinCompilationTask                         : loaded 2 times (x 70B)
Class org.jetbrains.kotlin.gradle.plugin.mpp.compilationImpl.factory.KotlinCompilationImplFactory$ProcessResourcesTaskNameFactory: loaded 2 times (x 70B)
Class org.jetbrains.kotlin.gradle.internal.properties.PropertiesBuildService$property$2: loaded 2 times (x 79B)
Class org.jetbrains.kotlin.gradle.internal.KotlinDependenciesManagementKt             : loaded 2 times (x 71B)
Class org.jetbrains.kotlin.gradle.plugin.DefaultKotlinBasePlugin$setupAttributeMatchingStrategy$1$2: loaded 2 times (x 79B)
Class org.jetbrains.kotlin.gradle.targets.native.internal.PlatformLibrariesGenerator$Companion: loaded 2 times (x 71B)
Class org.jetbrains.kotlin.gradle.plugin.statistics.KotlinBuildStatsLoggerService     : loaded 2 times (x 72B)
Class org.jetbrains.kotlin.gradle.plugin.internal.CustomPropertiesFileValueSource$Inject: loaded 2 times (x 113B)
Class org.objectweb.asm.Frame                                                         : loaded 2 times (x 73B)
Class com.google.common.cache.LocalCache$EntryFactory$1                               : loaded 2 times (x 83B)
Class [Lcom.google.common.cache.RemovalListener;                                      : loaded 2 times (x 69B)
Class org.jetbrains.kotlin.resolve.deprecation.CommonDeprecationUtilsKt               : loaded 2 times (x 71B)
Class org.jetbrains.kotlin.load.java.SpecialGenericSignatures$TypeSafeBarrierDescription: loaded 2 times (x 80B)
Class org.jetbrains.kotlin.resolve.calls.inference.components.ConstraintSystemCompletionMode: loaded 2 times (x 79B)
Class org.codehaus.groovy.classgen.asm.MethodReferenceExpressionWriter                : loaded 2 times (x 74B)
Class com.google.common.collect.RegularImmutableBiMap$Inverse$InverseEntrySet         : loaded 2 times (x 152B)
Class org.codehaus.groovy.transform.trait.TraitComposer                               : loaded 2 times (x 71B)
Class org.codehaus.groovy.antlr.ASTRuntimeException                                   : loaded 2 times (x 85B)
Class groovyjarjarantlr4.v4.runtime.atn.ParserATNSimulator                            : loaded 2 times (x 118B)
Class org.jetbrains.kotlin.util.NullableArrayMapAccessor                              : loaded 2 times (x 74B)
Class org.jetbrains.kotlin.load.java.JavaNullabilityAnnotationsStatus$Companion       : loaded 2 times (x 71B)
Class org.codehaus.groovy.ast.expr.EmptyExpression                                    : loaded 2 times (x 127B)
Class org.apache.groovy.parser.antlr4.GroovyParser$ExpressionListContext              : loaded 2 times (x 160B)
Class org.codehaus.groovy.control.messages.SimpleMessage                              : loaded 2 times (x 74B)
Class org.jetbrains.kotlin.container.ConstructorInfo                                  : loaded 2 times (x 72B)
Class org.jetbrains.kotlin.types.extensions.TypeAttributeTranslators                  : loaded 2 times (x 72B)
Class org.codehaus.groovy.ast.stmt.BlockStatement                                     : loaded 2 times (x 115B)
Class org.jetbrains.kotlin.resolve.calls.checkers.UnderscoreUsageChecker              : loaded 2 times (x 74B)
Class org.apache.groovy.plugin.GroovyRunnerRegistry                                   : loaded 2 times (x 134B)
Class org.codehaus.groovy.runtime.metaclass.MetaClassRegistryImpl$DefaultModuleListener: loaded 2 times (x 76B)
Class org.jetbrains.kotlin.codegen.extensions.ClassBuilderInterceptorExtension        : loaded 2 times (x 70B)
Class [Lcom.android.resources.NavigationState;                                        : loaded 2 times (x 69B)
Class org.jetbrains.kotlin.parsing.KotlinParsing$3                                    : loaded 2 times (x 112B)
Class org.jetbrains.kotlin.psi.KtStubbedPsiUtil                                       : loaded 2 times (x 71B)
Class groovy.lang.Range                                                               : loaded 2 times (x 70B)
Class [Lorg.jetbrains.kotlin.psi.KtSimpleNameStringTemplateEntry;                     : loaded 2 times (x 69B)
Class kotlin.jvm.functions.Function18                                                 : loaded 2 times (x 70B)
Class kotlin.reflect.jvm.internal.CachesKt                                            : loaded 2 times (x 71B)
Class kotlinx.coroutines.scheduling.TaskContextImpl                                   : loaded 2 times (x 75B)
Class org.codehaus.groovy.reflection.CacheAccessControlException                      : loaded 2 times (x 87B)
Class org.codehaus.groovy.reflection.CachedClass$CachedMethodComparatorWithString     : loaded 2 times (x 90B)
Class org.jetbrains.kotlin.incremental.impl.InstanceOwnerRecordingClassVisitor        : loaded 2 times (x 88B)
Class build_25dnae519faobx73ae2gkc480$_run_closure1$_closure3                         : loaded 2 times (x 139B)
Class com.google.common.reflect.Types$JavaVersion$5                                   : loaded 2 times (x 71B)
Class [Lcom.google.common.reflect.Types$ClassOwnership;                               : loaded 2 times (x 69B)
Class org.jetbrains.kotlin.gradle.plugin.mpp.InternalKotlinTargetKt$special$$inlined$extrasStoredFuture$1: loaded 2 times (x 79B)
Class org.jetbrains.kotlin.tooling.core.ExtrasProperty                                : loaded 2 times (x 70B)
Class org.jetbrains.kotlin.compilerRunner.UsesCompilerSystemPropertiesService         : loaded 2 times (x 70B)
Class org.jetbrains.kotlin.gradle.plugin.mpp.compilationImpl.KotlinCompilationSourceSetInclusion$Companion: loaded 2 times (x 71B)
Class org.jetbrains.kotlin.konan.target.KonanTarget$WATCHOS_DEVICE_ARM64              : loaded 2 times (x 78B)
Class org.jetbrains.kotlin.gradle.plugin.diagnostics.checkers.MissingNativeStdlibChecker$runChecks$1: loaded 2 times (x 88B)
Class [Lorg.jetbrains.kotlin.gradle.plugin.sources.android.AndroidVariantType;        : loaded 2 times (x 69B)
Class org.jetbrains.kotlin.gradle.plugin.sources.android.AndroidVariantType           : loaded 2 times (x 79B)
Class org.jetbrains.kotlin.gradle.plugin.mpp.KotlinTargetSoftwareComponent            : loaded 2 times (x 89B)
Class org.jetbrains.kotlin.gradle.plugin.mpp.KotlinVariant                            : loaded 2 times (x 101B)
Class org.jetbrains.kotlin.gradle.targets.native.ConfigureFrameworkExportSideEffectKt : loaded 2 times (x 71B)
Class org.jetbrains.kotlin.gradle.utils.WhenPluginEnabledKt                           : loaded 2 times (x 71B)
Class org.jetbrains.kotlin.gradle.plugin.VariantImplementationFactories               : loaded 2 times (x 75B)
Class org.jetbrains.kotlin.gradle.internal.diagnostics.KotlinCompilerEmbeddableCheck  : loaded 2 times (x 71B)
Class com.google.common.cache.LocalCache$EntryFactory$2                               : loaded 2 times (x 83B)
Class org.gradle.api.internal.classpath.GlobalCacheRootsProvider                      : loaded 2 times (x 70B)
Class org.jetbrains.kotlin.load.java.structure.JavaArrayAnnotationArgument            : loaded 2 times (x 70B)
Class com.android.ide.common.rendering.api.AttrResourceValue                          : loaded 2 times (x 70B)
Class com.google.common.collect.AbstractMapBasedMultimap$NavigableKeySet              : loaded 2 times (x 262B)
Class org.jetbrains.kotlin.utils.DFS$VisitedWithSet                                   : loaded 2 times (x 76B)
Class org.jetbrains.kotlin.resolve.calls.results.FlatSignature                        : loaded 2 times (x 72B)
Class org.jetbrains.kotlin.resolve.calls.inference.components.ConstraintIncorporator$Context: loaded 2 times (x 70B)
Class org.jetbrains.kotlin.serialization.deserialization.ProtoEnumFlags$WhenMappings  : loaded 2 times (x 71B)
Class org.apache.groovy.parser.antlr4.GroovyParser$QualifiedClassNameListContext      : loaded 2 times (x 162B)
Class groovyjarjarantlr4.v4.runtime.dfa.DFASerializer                                 : loaded 2 times (x 75B)
Class org.apache.groovy.parser.antlr4.GroovyParser$EnhancedArgumentListInParContext   : loaded 2 times (x 162B)
Class org.apache.groovy.parser.antlr4.GroovyParser$AssignmentExprAltContext           : loaded 2 times (x 175B)
Class org.jetbrains.kotlin.load.java.ReportLevel                                      : loaded 2 times (x 79B)
Class org.apache.groovy.util.Maps                                                     : loaded 2 times (x 71B)
Class org.jetbrains.kotlin.resolve.checkers.DeclarationCheckerContext                 : loaded 2 times (x 78B)
Class org.jetbrains.kotlin.resolve.lazy.AbsentDescriptorHandler                       : loaded 2 times (x 70B)
Class org.codehaus.groovy.ast.stmt.TryCatchStatement                                  : loaded 2 times (x 121B)
Class org.jetbrains.kotlin.resolve.calls.checkers.SynchronizedByValueChecker          : loaded 2 times (x 74B)
Class org.codehaus.groovy.runtime.metaclass.MethodSelectionException                  : loaded 2 times (x 87B)
Class org.codehaus.groovy.util.TripleKeyHashMap                                       : loaded 2 times (x 82B)
Class org.codehaus.groovy.util.FastArray                                              : loaded 2 times (x 85B)
Class org.jetbrains.kotlin.resolve.calls.checkers.EnumEntriesUnsupportedChecker       : loaded 2 times (x 74B)
Class org.jetbrains.kotlin.name.State                                                 : loaded 2 times (x 79B)
Class org.apache.groovy.parser.antlr4.GroovyParser$IdentifierContext                  : loaded 2 times (x 162B)
Class [Lorg.jetbrains.kotlin.load.java.ReportLevel;                                   : loaded 2 times (x 69B)
Class kotlin.reflect.KMutableProperty$Setter                                          : loaded 2 times (x 70B)
Class org.jetbrains.kotlin.psi.psiUtil.PsiUtilsKt                                     : loaded 2 times (x 71B)
Class it.unimi.dsi.fastutil.ints.IntArrays$ForkJoinQuickSort                          : loaded 2 times (x 96B)
Class [Lorg.jetbrains.kotlin.psi.KtClassLikeDeclaration;                              : loaded 2 times (x 69B)
Class kotlin.jvm.functions.Function19                                                 : loaded 2 times (x 70B)
Class org.objectweb.asm.tree.MethodInsnNode                                           : loaded 2 times (x 80B)
Class org.codehaus.groovy.ast.expr.BitwiseNegationExpression                          : loaded 2 times (x 128B)
Class com.android.prefs.Global                                                        : loaded 2 times (x 80B)
Class kotlin.sequences.DropWhileSequence$iterator$1                                   : loaded 2 times (x 79B)
Class org.codehaus.groovy.ast.expr.FieldExpression                                    : loaded 2 times (x 132B)
Class org.jetbrains.kotlin.incremental.storage.SetExternalizer                        : loaded 2 times (x 80B)
Class org.jetbrains.kotlin.incremental.storage.FqNameExternalizer                     : loaded 2 times (x 75B)
Class build_25dnae519faobx73ae2gkc480$_run_closure1                                   : loaded 2 times (x 139B)
Class org.jetbrains.kotlin.incremental.ClasspathSnapshotFiles                         : loaded 2 times (x 72B)
Class org.jetbrains.kotlin.com.google.common.util.concurrent.AbstractFuture$Cancellation: loaded 2 times (x 72B)
Class org.jetbrains.kotlin.com.google.common.cache.CacheLoader$FunctionToCacheLoader  : loaded 2 times (x 75B)
Class org.jetbrains.kotlin.com.google.common.base.Equivalence$Identity                : loaded 2 times (x 82B)
Class org.jetbrains.kotlin.tooling.core.Extras$Entry$Companion                        : loaded 2 times (x 71B)
Class org.jetbrains.kotlin.gradle.targets.js.dsl.KotlinWasmWasiTargetDsl              : loaded 2 times (x 70B)
Class org.jetbrains.kotlin.gradle.plugin.diagnostics.checkers.DisabledNativeTargetsChecker: loaded 2 times (x 74B)
Class org.jetbrains.kotlin.gradle.plugin.mpp.compilationImpl.KotlinCreateSourcesJarTaskSideEffectKt$KotlinCreateSourcesJarTaskSideEffect$1: loaded 2 times (x 74B)
Class org.jetbrains.kotlin.gradle.internal.CompilerArgumentAware                      : loaded 2 times (x 70B)
Class org.jetbrains.kotlin.gradle.utils.ReportUtilsKt                                 : loaded 2 times (x 71B)
Class org.jetbrains.kotlin.gradle.utils.StoredLazyProperty                            : loaded 2 times (x 75B)
Class org.objectweb.asm.ModuleWriter                                                  : loaded 2 times (x 82B)
Class com.google.common.cache.LocalCache$EntryFactory$3                               : loaded 2 times (x 83B)
Class com.google.common.base.Ticker$1                                                 : loaded 2 times (x 72B)
Class com.android.ide.common.rendering.api.ResourceValue                              : loaded 2 times (x 70B)
Class org.jetbrains.kotlin.load.java.structure.JavaConstructor                        : loaded 2 times (x 70B)
Class org.jetbrains.kotlin.types.AbstractTypeChecker$WhenMappings                     : loaded 2 times (x 71B)
Class org.jetbrains.kotlin.diagnostics.PositioningStrategies$TYPE_PARAMETERS_LIST$1   : loaded 2 times (x 74B)
Class com.google.protobuf.Descriptors$Descriptor                                      : loaded 2 times (x 76B)
Class [Lcom.android.tools.analytics.Environment$SystemProperty;                       : loaded 2 times (x 69B)
Class com.android.tools.analytics.AnalyticsSettings                                   : loaded 2 times (x 71B)
Class org.codehaus.groovy.control.StaticVerifier                                      : loaded 2 times (x 213B)
Class org.codehaus.groovy.classgen.VerifierCodeVisitor                                : loaded 2 times (x 187B)
Class org.codehaus.groovy.transform.AnnotationCollectorTransform$ClassChanger         : loaded 2 times (x 72B)
Class org.jetbrains.kotlin.mpp.ValueParameterSymbolMarker                             : loaded 2 times (x 70B)
Class [Lgroovyjarjarantlr4.v4.runtime.dfa.DFAState$PredPrediction;                    : loaded 2 times (x 69B)
Class org.jetbrains.kotlin.utils.SortUtilsKt$topologicalSort$1                        : loaded 2 times (x 74B)
Class groovyjarjarantlr4.v4.runtime.FailedPredicateException                          : loaded 2 times (x 94B)
Class org.apache.groovy.parser.antlr4.GroovyParser$EnumConstantsContext               : loaded 2 times (x 162B)
Class groovyjarjarantlr4.v4.runtime.misc.Interval                                     : loaded 2 times (x 83B)
Class [Lgroovyjarjarantlr4.v4.runtime.atn.ATNDeserializer$UnicodeDeserializingMode;   : loaded 2 times (x 69B)
Class org.jetbrains.kotlin.storage.LockBasedStorageManager$NotValue                   : loaded 2 times (x 79B)
Class org.codehaus.groovy.control.MultipleCompilationErrorsException                  : loaded 2 times (x 90B)
Class [Lorg.jetbrains.kotlin.resolve.checkers.ClassifierUsageChecker;                 : loaded 2 times (x 69B)
Class org.jetbrains.kotlin.resolve.calls.checkers.SelfCallInNestedObjectConstructorChecker: loaded 2 times (x 74B)
Class org.codehaus.groovy.runtime.BytecodeInterface8                                  : loaded 2 times (x 71B)
Class org.jetbrains.kotlin.container.ComponentRegistry                                : loaded 2 times (x 72B)
Class org.codehaus.groovy.runtime.metaclass.ThreadManagedMetaBeanProperty             : loaded 2 times (x 86B)
Class org.jetbrains.kotlin.types.model.AnnotationMarker                               : loaded 2 times (x 70B)
Class groovy.lang.groovydoc.GroovydocHolder                                           : loaded 2 times (x 70B)
Class org.codehaus.groovy.util.ManagedConcurrentLinkedQueue$Element                   : loaded 2 times (x 76B)
Class groovy.lang.GroovyCallable                                                      : loaded 2 times (x 70B)
Class groovy.lang.GroovyObjectSupport                                                 : loaded 2 times (x 84B)
Class com.android.resources.TouchScreen                                               : loaded 2 times (x 86B)
Class org.jetbrains.kotlin.resolve.calls.inference.components.ResultTypeResolver$Context: loaded 2 times (x 70B)
Class org.jetbrains.kotlin.load.kotlin.KotlinClassFinder$Result$ClassFileContent      : loaded 2 times (x 72B)
Class org.jetbrains.kotlin.serialization.deserialization.AnnotationLoader             : loaded 2 times (x 70B)
Class org.jetbrains.kotlin.resolve.diagnostics.DiagnosticSuppressor                   : loaded 2 times (x 70B)
Class org.jetbrains.kotlin.psi.KtDoubleColonExpression                                : loaded 2 times (x 70B)
Class [Lorg.jetbrains.kotlin.psi.KtFunctionType;                                      : loaded 2 times (x 69B)
Class org.jetbrains.kotlin.psi.stubs.KotlinBackingFieldStub                           : loaded 2 times (x 70B)
Class org.jetbrains.kotlin.psi.stubs.elements.KtPropertyAccessorElementType           : loaded 2 times (x 103B)
Class org.jetbrains.kotlin.cli.jvm.compiler.JavaLanguageLevelKt                       : loaded 2 times (x 71B)
Class com.google.protobuf.MapField                                                    : loaded 2 times (x 89B)
Class kotlinx.coroutines.Incomplete                                                   : loaded 2 times (x 70B)
Class com.google.protobuf.CodedInputStream$UnsafeDirectNioDecoder                     : loaded 2 times (x 120B)
Class org.jetbrains.kotlin.resolve.calls.inference.model.Constraint                   : loaded 2 times (x 72B)
Class org.jetbrains.kotlin.load.java.structure.JavaMethod                             : loaded 2 times (x 70B)
Class org.jetbrains.kotlin.resolve.calls.inference.model.ExplicitTypeParameterConstraintPosition: loaded 2 times (x 72B)
Class org.jetbrains.kotlin.incremental.storage.ClassIdExternalizer                    : loaded 2 times (x 75B)
Class org.gradle.internal.classloader.FilteringClassLoader                            : loaded 2 times (x 105B)
Class Native_plugin_loader_gradle$NativePluginLoader                                  : loaded 2 times (x 72B)
Class org.jetbrains.kotlin.build.report.statistics.StatTag                            : loaded 2 times (x 79B)
Class com.google.common.collect.CollectSpliterators$1                                 : loaded 2 times (x 90B)
Class org.jetbrains.kotlin.compilerRunner.GradleCompilationResults                    : loaded 2 times (x 77B)
Class org.jetbrains.kotlin.compilerRunner.GradleKotlinCompilerWorkArguments           : loaded 2 times (x 72B)
Class org.jetbrains.kotlin.gradle.plugin.KotlinCompilerArgumentsProducerKt            : loaded 2 times (x 71B)
Class org.jetbrains.kotlin.gradle.tasks.K2MultiplatformStructure_Decorated            : loaded 2 times (x 135B)
Class org.jetbrains.kotlin.compilerRunner.GradleCompilerRunner                        : loaded 2 times (x 73B)
Class org.jetbrains.kotlin.gradle.dsl.AndroidMainSourceSetConventionsChecker$runChecks$1: loaded 2 times (x 88B)
Class org.jetbrains.kotlin.gradle.plugin.diagnostics.IsAttachedToTerminalValueSource  : loaded 2 times (x 80B)
Class org.jetbrains.kotlin.gradle.plugin.sources.FragmentConsistencyChecks            : loaded 2 times (x 72B)
Class org.jetbrains.kotlin.gradle.plugin.mpp.InternalKotlinTargetComponent            : loaded 2 times (x 93B)
Class org.jetbrains.kotlin.gradle.targets.CreateNonPackedKlibVariantsSideEffectKt     : loaded 2 times (x 71B)
Class org.jetbrains.kotlin.gradle.targets.CreateDefaultTestRunSideEffectKt$special$$inlined$KotlinTargetSideEffect$1: loaded 2 times (x 74B)
Class org.jetbrains.kotlin.gradle.utils.ProviderApiUtilsKt                            : loaded 2 times (x 71B)
Class org.jetbrains.kotlin.gradle.plugin.mpp.apple.swiftexport.internal.SwiftExportInitKt$maybeCreateSwiftExportClasspathDependenciesConfiguration$1: loaded 2 times (x 79B)
Class org.jetbrains.kotlin.gradle.targets.native.UsesKonanPropertiesBuildService      : loaded 2 times (x 70B)
Class org.jetbrains.kotlin.gradle.internal.properties.NativePropertiesLoader$forceDisableRunningInProcess$1: loaded 2 times (x 75B)
Class org.jetbrains.kotlin.gradle.utils.PersistentCachesKt                            : loaded 2 times (x 71B)
Class org.jetbrains.kotlin.gradle.internal.tasks.TaskWithLocalState                   : loaded 2 times (x 70B)
Class org.jetbrains.kotlin.gradle.plugin.statistics.KotlinBuildStatisticsUtilsKt      : loaded 2 times (x 71B)
Class org.jetbrains.kotlin.statistics.metrics.BooleanMetrics                          : loaded 2 times (x 80B)
Class org.jetbrains.kotlin.gradle.internal.properties.PropertiesBuildService$Params   : loaded 2 times (x 70B)
Class org.jetbrains.kotlin.gradle.internal.diagnostics.GradleCompatibilityCheck       : loaded 2 times (x 71B)
Class com.google.common.cache.LocalCache$EntryFactory$4                               : loaded 2 times (x 83B)
Class com.android.ide.common.rendering.api.ArrayResourceValue                         : loaded 2 times (x 70B)
Class org.jetbrains.kotlin.load.kotlin.TypeMappingMode                                : loaded 2 times (x 72B)
Class org.jetbrains.kotlin.diagnostics.PositioningStrategies$REDUNDANT_NULLABLE$1     : loaded 2 times (x 74B)
Class org.jetbrains.kotlin.types.model.StubTypeMarker                                 : loaded 2 times (x 70B)
Class org.jetbrains.kotlin.types.model.CaptureStatus                                  : loaded 2 times (x 79B)
Class org.jetbrains.kotlin.gradle.fus.internal.SynchronizedConfigurationMetrics$Companion: loaded 2 times (x 71B)
Class com.android.tools.analytics.AnalyticsPaths                                      : loaded 2 times (x 71B)
Class groovyjarjarasm.asm.AnnotationVisitor                                           : loaded 2 times (x 78B)
Class groovyjarjarasm.asm.RecordComponentWriter                                       : loaded 2 times (x 78B)
Class org.codehaus.groovy.control.CompilationUnit$1                                   : loaded 2 times (x 216B)
Class org.codehaus.groovy.classgen.InnerClassCompletionVisitor$1                      : loaded 2 times (x 73B)
Class org.jetbrains.kotlin.progress.ProgressIndicatorAndCompilationCanceledStatus     : loaded 2 times (x 71B)
Class org.jetbrains.kotlin.mpp.PropertySymbolMarker                                   : loaded 2 times (x 70B)
Class [Lorg.jetbrains.kotlin.types.Variance;                                          : loaded 2 times (x 69B)
Class org.jetbrains.kotlin.gradle.plugin.KotlinGradleBuildServices$Inject             : loaded 2 times (x 100B)
Class groovyjarjarantlr4.v4.runtime.VocabularyImpl                                    : loaded 2 times (x 82B)
Class org.jetbrains.kotlin.utils.WrappedValues$WrappedProcessCanceledException        : loaded 2 times (x 82B)
Class org.codehaus.groovy.ast.expr.PrefixExpression                                   : loaded 2 times (x 130B)
Class groovyjarjarasm.asm.ClassWriter                                                 : loaded 2 times (x 106B)
Class groovy.lang.GroovyResourceLoader                                                : loaded 2 times (x 70B)
Class org.jetbrains.kotlin.resolve.calls.checkers.UnitConversionCallChecker           : loaded 2 times (x 74B)
Class org.jetbrains.kotlin.container.ComponentStorageState                            : loaded 2 times (x 79B)
Class com.android.resources.ScreenOrientation                                         : loaded 2 times (x 86B)
Class com.android.ide.common.resources.configuration.NightModeQualifier               : loaded 2 times (x 90B)
Class org.jetbrains.kotlin.gradle.internal.ClassLoadersCachingBuildService$Companion$registerIfAbsent$2$1$1: loaded 2 times (x 75B)
Class org.jetbrains.kotlin.builtins.functions.FunctionTypeKind$KFunction              : loaded 2 times (x 77B)
Class org.jetbrains.kotlin.resolve.extensions.SyntheticResolveExtension$Companion     : loaded 2 times (x 72B)
Class org.jetbrains.kotlin.gradle.targets.native.KonanPropertiesBuildService$Companion$registerIfAbsent$1: loaded 2 times (x 75B)
Class org.jetbrains.kotlin.gradle.plugin.diagnostics.checkers.AndroidPublicationNotConfiguredChecker: loaded 2 times (x 74B)
Class org.jetbrains.kotlin.psi.stubs.elements.KtAnnotationEntryElementType            : loaded 2 times (x 104B)
Class org.jetbrains.kotlin.gradle.utils.Completable$await$1                           : loaded 2 times (x 88B)
Class kotlinx.coroutines.AbstractTimeSourceKt                                         : loaded 2 times (x 71B)
Class org.jetbrains.kotlin.incremental.storage.NullableValueExternalizer              : loaded 2 times (x 76B)
Class org.jetbrains.kotlin.gradle.internal.abi.AbiValidationLegacyDumpExtensionImpl_Decorated: loaded 2 times (x 131B)
Class org.jetbrains.kotlin.daemon.common.CompileIterationResult$Companion             : loaded 2 times (x 71B)
Class [Lorg.jetbrains.kotlin.daemon.common.ReportSeverity;                            : loaded 2 times (x 69B)
Class org.jetbrains.kotlin.daemon.common.DaemonParamsKt                               : loaded 2 times (x 71B)
Class org.jetbrains.kotlin.gradle.dsl.KotlinCommonCompilerOptionsExtensionsKt         : loaded 2 times (x 71B)
Class com.google.common.collect.ReverseOrdering                                       : loaded 2 times (x 115B)
Class org.jetbrains.kotlin.gradle.plugin.sources.KotlinDependencyScopeKt$WhenMappings : loaded 2 times (x 71B)
Class org.jetbrains.kotlin.gradle.tasks.K2MultiplatformCompilationTask                : loaded 2 times (x 70B)
Class org.jetbrains.kotlin.gradle.plugin.diagnostics.checkers.OverriddenKotlinNativeHomeChecker$StdlibExistenceCheckerValueSource$Inject: loaded 2 times (x 109B)
Class org.jetbrains.kotlin.gradle.utils.ConfigurationsKt$maybeCreateDependencyScope$1 : loaded 2 times (x 78B)
Class org.jetbrains.kotlin.gradle.plugin.sources.FragmentConsistencyChecks$languageVersionCheck$1: loaded 2 times (x 79B)
Class org.jetbrains.kotlin.gradle.plugin.mpp.DecoratedKotlinCompilation               : loaded 2 times (x 191B)
Class org.jetbrains.kotlin.gradle.plugin.diagnostics.checkers.ExperimentalTryNextUsageChecker: loaded 2 times (x 74B)
Class [Lorg.jetbrains.kotlin.gradle.plugin.diagnostics.ToolingDiagnostic$Severity;    : loaded 2 times (x 69B)
Class [Lorg.jetbrains.kotlin.gradle.plugin.KotlinPlatformType;                        : loaded 2 times (x 69B)
Class org.jetbrains.kotlin.gradle.plugin.statistics.UsesBuildFusService               : loaded 2 times (x 70B)
Class org.jetbrains.kotlin.gradle.plugin.statistics.old.Pre232IdeaKotlinBuildStatsBeanService: loaded 2 times (x 95B)
Class org.jetbrains.kotlin.statistics.metrics.NumberOverridePolicy$AVERAGE            : loaded 2 times (x 85B)
Class org.jetbrains.kotlin.gradle.plugin.VariantImplementationFactories$Parameters$Inject: loaded 2 times (x 106B)
Class org.jetbrains.kotlin.gradle.plugin.BuildFinishedListenerService$Companion$registerIfAbsent$1$1: loaded 2 times (x 79B)
Class org.jetbrains.kotlin.gradle.internal.diagnostics.GradleCompatibilityCheck$CurrentGradleVersionProvider: loaded 2 times (x 70B)
Class com.google.common.cache.LocalCache$EntryFactory$5                               : loaded 2 times (x 83B)
Class org.jetbrains.kotlin.compilerRunner.CompilerSystemPropertiesService$Companion   : loaded 2 times (x 71B)
Class [Lorg.jetbrains.kotlin.com.google.common.cache.RemovalListener;                 : loaded 2 times (x 69B)
Class org.jetbrains.kotlin.psi.KtPsiFactory$Companion                                 : loaded 2 times (x 71B)
Class com.google.common.collect.Tables                                                : loaded 2 times (x 71B)
Class org.jetbrains.kotlin.types.model.TypeVariance                                   : loaded 2 times (x 79B)
Class org.jetbrains.kotlin.types.TypeApproximatorConfiguration                        : loaded 2 times (x 86B)
Class org.apache.groovy.util.concurrent.concurrentlinkedhashmap.ConcurrentLinkedHashMap$DrainStatus$1: loaded 2 times (x 80B)
Class org.codehaus.groovy.classgen.Verifier$11                                        : loaded 2 times (x 73B)
Class org.codehaus.groovy.classgen.InnerClassCompletionVisitor$2                      : loaded 2 times (x 73B)
Class groovyjarjarantlr4.v4.runtime.ProxyParserErrorListener                          : loaded 2 times (x 85B)
Class org.jetbrains.kotlin.utils.SortUtilsKt                                          : loaded 2 times (x 71B)
Class com.google.common.collect.MapMakerInternalMap$WeakKeyStrongValueSegment         : loaded 2 times (x 142B)
Class org.apache.groovy.parser.antlr4.GroovyParser$FormalParameterListContext         : loaded 2 times (x 163B)
Class org.apache.groovy.parser.antlr4.GroovyParser$MapPrmrAltContext                  : loaded 2 times (x 158B)
Class groovyjarjarantlr4.v4.runtime.atn.LexerTypeAction                               : loaded 2 times (x 80B)
Class org.apache.groovy.parser.antlr4.GroovyParser$GstringContext                     : loaded 2 times (x 162B)
Class org.apache.groovy.parser.antlr4.GroovyParser$ThisFormalParameterContext         : loaded 2 times (x 158B)
Class org.apache.groovy.parser.antlr4.GroovyParser$ConditionalExprAltContext          : loaded 2 times (x 164B)
Class org.jetbrains.kotlin.utils.WrappedValues$ThrowableWrapper                       : loaded 2 times (x 72B)
Class org.codehaus.groovy.ast.InnerClassNode                                          : loaded 2 times (x 248B)
Class kotlin.time.Duration                                                            : loaded 2 times (x 74B)
Class org.codehaus.groovy.control.ResolveVisitor$LowerCaseClass                       : loaded 2 times (x 243B)
Class org.jetbrains.kotlin.com.google.common.util.concurrent.AbstractFuture$Waiter    : loaded 2 times (x 72B)
Class org.jetbrains.kotlin.container.ClassTraversalCache                              : loaded 2 times (x 71B)
Class [Lorg.codehaus.groovy.runtime.callsite.CallSite;                                : loaded 2 times (x 69B)
Class [Lgroovy.lang.MetaProperty;                                                     : loaded 2 times (x 69B)
Class org.jetbrains.kotlin.resolve.checkers.ExpectActualClassifiersAreInBetaChecker   : loaded 2 times (x 74B)
Class org.jetbrains.kotlin.container.ComponentContainer                               : loaded 2 times (x 70B)
Class org.codehaus.groovy.reflection.CachedClass$1                                    : loaded 2 times (x 82B)
Class org.codehaus.groovy.util.LazyReference$1                                        : loaded 2 times (x 76B)
Class com.android.resources.LayoutDirection                                           : loaded 2 times (x 86B)
Class [Lorg.jetbrains.kotlin.parsing.KotlinParsing$AnnotationParsingMode;             : loaded 2 times (x 69B)
Class org.jetbrains.kotlin.resolve.extensions.AssignResolutionAltererExtension$Companion: loaded 2 times (x 72B)
Class org.jetbrains.kotlin.gradle.plugin.KotlinCompilerArgumentsProducer$ContributeCompilerArgumentsContext: loaded 2 times (x 70B)
Class org.jetbrains.kotlin.psi.stubs.KotlinPlaceHolderStub                            : loaded 2 times (x 70B)
Class org.jetbrains.kotlin.psi.stubs.KotlinCallableStubBase                           : loaded 2 times (x 70B)
Class [Lkotlin.reflect.KProperty;                                                     : loaded 2 times (x 69B)
Class org.jetbrains.kotlin.gradle.internal.name.FqName                                : loaded 2 times (x 72B)
Class com.google.common.io.LineReader                                                 : loaded 2 times (x 72B)
Class org.jetbrains.kotlin.incremental.storage.LinkedHashMapExternalizer              : loaded 2 times (x 80B)
Class build_4uub68vbkdc07ia04vudzqeg3$_run_closure1$_closure2                         : loaded 2 times (x 139B)
Class org.apache.commons.io.output.AppendableWriter                                   : loaded 2 times (x 100B)
Class org.jetbrains.kotlin.daemon.common.CompilerServicesFacadeBase                   : loaded 2 times (x 70B)
Class [Lorg.jetbrains.kotlin.daemon.common.OSKind;                                    : loaded 2 times (x 69B)
Class org.jetbrains.kotlin.buildtools.api.SharedApiClassesClassLoaderImpl             : loaded 2 times (x 101B)
Class org.jetbrains.kotlin.com.google.common.base.MoreObjects                         : loaded 2 times (x 71B)
Class com.google.common.collect.HashMultimap                                          : loaded 2 times (x 174B)
Class org.jetbrains.kotlin.gradle.plugin.KotlinBaseApiPlugin                          : loaded 2 times (x 118B)
Class org.jetbrains.kotlin.gradle.plugin.mpp.MppSourcesJarKt$sourcesJarTaskNamed$result$1: loaded 2 times (x 79B)
Class org.jetbrains.kotlin.gradle.tasks.configuration.BaseKotlinCompileConfig$1       : loaded 2 times (x 79B)
Class org.jetbrains.kotlin.gradle.plugin.mpp.compilationImpl.factory.ConfigurationNaming$Default: loaded 2 times (x 75B)
Class org.jetbrains.kotlin.gradle.plugin.mpp.compilationImpl.KotlinCompilationSourceSetInclusion: loaded 2 times (x 72B)
Class org.jetbrains.kotlin.gradle.targets.jvm.KotlinJvmTarget                         : loaded 2 times (x 166B)
Class org.jetbrains.kotlin.gradle.targets.js.dsl.KotlinWasmJsTargetDsl                : loaded 2 times (x 70B)
Class org.jetbrains.kotlin.gradle.plugin.diagnostics.checkers.DisabledNativeTargetsChecker$runChecks$1: loaded 2 times (x 88B)
Class org.jetbrains.kotlin.gradle.plugin.KotlinPluginLifecycleImpl$await$2$1          : loaded 2 times (x 79B)
Class org.jetbrains.kotlin.gradle.plugin.diagnostics.ToolingDiagnosticRenderingOptionsKt$WhenMappings: loaded 2 times (x 71B)
Class org.jetbrains.kotlin.gradle.plugin.sources.DefaultLanguageSettingsBuilder       : loaded 2 times (x 100B)
Class org.jetbrains.kotlin.gradle.plugin.sources.FragmentConsistencyChecks$languageVersionCheck$2: loaded 2 times (x 78B)
Class org.jetbrains.kotlin.gradle.targets.CreateTargetConfigurationsSideEffectKt$CreateTargetConfigurationsSideEffect$1: loaded 2 times (x 74B)
Class org.jetbrains.kotlin.gradle.dsl.KotlinPublishingDsl                             : loaded 2 times (x 70B)
Class org.jetbrains.kotlin.gradle.dsl.KotlinTargetContainerWithPresetFunctions        : loaded 2 times (x 70B)
Class org.jetbrains.kotlin.gradle.utils.GradleConfigurationUtilsKt                    : loaded 2 times (x 71B)
Class org.jetbrains.kotlin.gradle.plugin.internal.CustomPropertiesFileValueSource$Parameters: loaded 2 times (x 70B)
Class org.jetbrains.kotlin.gradle.plugin.UsesBuildFinishedListenerService             : loaded 2 times (x 70B)
Class com.google.common.cache.LocalCache$EntryFactory$6                               : loaded 2 times (x 83B)
Class org.gradle.internal.installation.CurrentGradleInstallationLocator               : loaded 2 times (x 71B)
Class org.jetbrains.kotlin.statistics.AnonymizerUtilsKt                               : loaded 2 times (x 71B)
Class org.jetbrains.kotlin.gradle.plugin.statistics.BuildFinishFlowAction$Inject      : loaded 2 times (x 107B)
Class org.jetbrains.kotlin.types.checker.ClassicTypeSystemContextKt$WhenMappings      : loaded 2 times (x 71B)
Class org.jetbrains.kotlin.diagnostics.PositioningStrategies$PACKAGE_DIRECTIVE_NAME_EXPRESSION$1: loaded 2 times (x 74B)
Class com.google.protobuf.CodedInputStream$ArrayDecoder                               : loaded 2 times (x 120B)
Class org.jetbrains.kotlin.load.kotlin.KotlinJvmBinaryClass$MethodAnnotationVisitor   : loaded 2 times (x 70B)
Class [Lcom.google.protobuf.Internal$EnumLite;                                        : loaded 2 times (x 69B)
Class org.codehaus.groovy.runtime.callsite.BooleanClosureWrapper                      : loaded 2 times (x 74B)
Class org.jetbrains.kotlin.incremental.classpathDiff.AccessibleClassSnapshotExternalizer: loaded 2 times (x 76B)
Class org.apache.groovy.util.concurrent.concurrentlinkedhashmap.ConcurrentLinkedHashMap$DrainStatus$2: loaded 2 times (x 80B)
Class org.codehaus.groovy.classgen.Verifier$12                                        : loaded 2 times (x 73B)
Class org.codehaus.groovy.classgen.InnerClassCompletionVisitor$3                      : loaded 2 times (x 73B)
Class org.apache.groovy.parser.antlr4.GroovyParser$AnnotatedQualifiedClassNameContext : loaded 2 times (x 158B)
Class groovyjarjarantlr4.v4.runtime.RecognitionException                              : loaded 2 times (x 90B)
Class org.apache.groovy.parser.antlr4.GroovyParser$TryCatchStatementContext           : loaded 2 times (x 164B)
Class org.codehaus.groovy.control.CompilationUnit$3                                   : loaded 2 times (x 83B)
Class groovy.lang.Binding                                                             : loaded 2 times (x 89B)
Class org.codehaus.groovy.util.ManagedConcurrentMap$Segment                           : loaded 2 times (x 85B)
Class org.jetbrains.kotlin.resolve.BindingTrace                                       : loaded 2 times (x 70B)
Class org.codehaus.groovy.runtime.memoize.CommonCache                                 : loaded 2 times (x 154B)
Class [Lorg.codehaus.groovy.reflection.CachedField;                                   : loaded 2 times (x 69B)
Class org.jetbrains.kotlin.resolve.checkers.TrailingCommaDeclarationChecker           : loaded 2 times (x 74B)
Class org.jetbrains.kotlin.util.AttributeArrayOwner                                   : loaded 2 times (x 82B)
Class org.codehaus.groovy.reflection.CachedClass$2                                    : loaded 2 times (x 82B)
Class [Lorg.codehaus.groovy.util.ComplexKeyHashMap$Entry;                             : loaded 2 times (x 69B)
Class org.codehaus.groovy.util.LazyReference$2                                        : loaded 2 times (x 76B)
Class [Lorg.codehaus.groovy.reflection.ParameterTypes;                                : loaded 2 times (x 69B)
Class [Lcom.android.resources.ScreenOrientation;                                      : loaded 2 times (x 69B)
Class com.android.utils.PositionXmlParser$Position                                    : loaded 2 times (x 78B)
Class org.jetbrains.org.objectweb.asm.tree.MethodNode$1                               : loaded 2 times (x 209B)
Class org.jetbrains.kotlin.lexer.KotlinLexerException                                 : loaded 2 times (x 82B)
Class org.jetbrains.kotlin.load.kotlin.FacadeClassSource                              : loaded 2 times (x 70B)
Class com.android.prefs.AndroidPathLocator                                            : loaded 2 times (x 73B)
Class org.jetbrains.kotlin.metadata.builtins.BuiltInsProtoBuf                         : loaded 2 times (x 71B)
Class [Lorg.jetbrains.kotlin.psi.KtCollectionLiteralExpression;                       : loaded 2 times (x 69B)
Class [Lorg.jetbrains.kotlin.psi.KtValueArgumentName;                                 : loaded 2 times (x 69B)
Class [Lorg.jetbrains.kotlin.psi.KtIntersectionType;                                  : loaded 2 times (x 69B)
Class org.jetbrains.kotlin.psi.stubs.KotlinAnnotationUseSiteTargetStub                : loaded 2 times (x 70B)
Class org.jetbrains.kotlin.psi.stubs.elements.KtParameterElementType                  : loaded 2 times (x 104B)
Class org.jetbrains.kotlin.psi.stubs.elements.KtModifierListElementType               : loaded 2 times (x 103B)
Class org.jetbrains.kotlin.cli.jvm.compiler.KotlinCliJavaFileManagerImpl$Companion    : loaded 2 times (x 71B)
Class kotlinx.coroutines.internal.OpDescriptor                                        : loaded 2 times (x 73B)
Class kotlinx.coroutines.Empty                                                        : loaded 2 times (x 75B)
Class com.android.tools.lint.model.DefaultLintModelDependencyGraph                    : loaded 2 times (x 78B)
Class com.android.tools.lint.model.DefaultLintModelLintOptions                        : loaded 2 times (x 103B)
Class kotlin.sequences.FlatteningSequence                                             : loaded 2 times (x 75B)
Class kotlin.text.MatcherMatchResult                                                  : loaded 2 times (x 80B)
Class org.jetbrains.kotlin.com.intellij.openapi.util.ThreadLocalCachedValue           : loaded 2 times (x 75B)
Class kotlin.text.MatchGroupCollection                                                : loaded 2 times (x 70B)
Class org.jetbrains.kotlin.incremental.classpathDiff.ClasspathEntrySnapshotter        : loaded 2 times (x 71B)
Class org.apache.commons.io.output.ThresholdingOutputStream                           : loaded 2 times (x 95B)
Class org.jetbrains.kotlin.statistics.metrics.SumMetricContainer                      : loaded 2 times (x 80B)
Class com.google.common.collect.ImmutableMultimap$Builder                             : loaded 2 times (x 86B)
Class org.jetbrains.kotlin.compilerRunner.GradleCompilerServicesFacadeImpl$WhenMappings: loaded 2 times (x 71B)
Class org.jetbrains.kotlin.daemon.client.KotlinCompilerClient$connectAndLease$1$result$1: loaded 2 times (x 79B)
Class org.jetbrains.kotlin.daemon.common.DummyProfiler                                : loaded 2 times (x 79B)
Class com.android.tools.lint.model.LintModelJavaLibrary                               : loaded 2 times (x 70B)
Class org.jetbrains.kotlin.gradle.logging.GradlePrintingMessageCollector              : loaded 2 times (x 77B)
Class org.jetbrains.kotlin.gradle.tasks.KotlinCompile$WhenMappings                    : loaded 2 times (x 71B)
Class org.jetbrains.kotlin.compilerRunner.btapi.SharedApiClassesClassLoaderProvider   : loaded 2 times (x 74B)
Class org.jetbrains.kotlin.gradle.plugin.KotlinJvmFactory                             : loaded 2 times (x 70B)
Class org.jetbrains.kotlin.gradle.tasks.DefaultKotlinJavaToolchain$getToolsJarFromJvm$1: loaded 2 times (x 75B)
Class org.jetbrains.kotlin.build.report.metrics.GcMetrics                             : loaded 2 times (x 72B)
Class org.jetbrains.kotlin.gradle.plugin.diagnostics.UsesKotlinToolingDiagnosticsKt   : loaded 2 times (x 71B)
Class org.jetbrains.kotlin.gradle.tasks.configuration.BaseKotlinCompileConfig$2       : loaded 2 times (x 79B)
Class org.jetbrains.kotlin.konan.target.KonanTarget$IOS_X64                           : loaded 2 times (x 78B)
Class org.jetbrains.kotlin.gradle.internal.IsInIdeaEnvironmentValueSource$Inject      : loaded 2 times (x 100B)
Class org.jetbrains.kotlin.gradle.plugin.mpp.InternalKotlinCompilation                : loaded 2 times (x 70B)
Class org.jetbrains.kotlin.gradle.utils.WhenEvaluatedKt                               : loaded 2 times (x 71B)
Class org.jetbrains.kotlin.gradle.targets.native.internal.AddKotlinPlatformIntegersSupportLibraryKt: loaded 2 times (x 71B)
Class org.jetbrains.kotlin.gradle.plugin.AbstractKotlinJsPluginWrapper                : loaded 2 times (x 86B)
Class org.jetbrains.kotlin.gradle.tasks.publishing.CheckSigningTask                   : loaded 2 times (x 336B)
Class org.jetbrains.kotlin.gradle.plugin.internal.MavenPublicationComponentAccessor   : loaded 2 times (x 70B)
Class org.jetbrains.kotlin.gradle.fus.BuildUidService                                 : loaded 2 times (x 80B)
Class org.jetbrains.kotlin.gradle.plugin.KotlinPluginWrapperKt                        : loaded 2 times (x 71B)
Class com.google.common.cache.LocalCache$EntryFactory$7                               : loaded 2 times (x 83B)
Class org.gradle.internal.service.DefaultServiceLocator                               : loaded 2 times (x 83B)
Class kotlin.sequences.DropTakeSequence                                               : loaded 2 times (x 70B)
Class [Lorg.jetbrains.kotlin.psi.KtElementImpl;                                       : loaded 2 times (x 69B)
Class org.jetbrains.kotlin.codegen.signature.BothSignatureWriter                      : loaded 2 times (x 107B)
Class org.jetbrains.kotlin.load.java.typeEnhancement.TypeComponentPositionKt          : loaded 2 times (x 71B)
Class org.jetbrains.kotlin.load.kotlin.MemberSignature$Companion                      : loaded 2 times (x 71B)
Class groovyjarjarasm.asm.AnnotationWriter                                            : loaded 2 times (x 79B)
Class groovyjarjarasm.asm.RecordComponentVisitor                                      : loaded 2 times (x 77B)
Class org.jetbrains.kotlin.load.kotlin.KotlinClassFinderKt                            : loaded 2 times (x 71B)
Class org.apache.groovy.util.concurrent.concurrentlinkedhashmap.ConcurrentLinkedHashMap$DrainStatus$3: loaded 2 times (x 80B)
Class org.codehaus.groovy.runtime.memoize.ConcurrentCommonCache                       : loaded 2 times (x 154B)
Class org.codehaus.groovy.classgen.Verifier$13                                        : loaded 2 times (x 73B)
Class groovyjarjarantlr4.v4.runtime.atn.SemanticContext$OR                            : loaded 2 times (x 75B)
Class groovyjarjarantlr4.v4.runtime.misc.ParseCancellationException                   : loaded 2 times (x 82B)
Class [Lorg.jetbrains.kotlin.storage.LockBasedStorageManager$NotValue;                : loaded 2 times (x 69B)
Class org.codehaus.groovy.ast.expr.UnaryMinusExpression                               : loaded 2 times (x 129B)
Class groovyjarjarantlr4.v4.runtime.RuleContext                                       : loaded 2 times (x 117B)
Class [Lorg.codehaus.groovy.ast.AnnotatedNode;                                        : loaded 2 times (x 69B)
Class org.codehaus.groovy.control.CompilationUnit$4                                   : loaded 2 times (x 106B)
Class org.jetbrains.kotlin.resolve.calls.checkers.DeprecatedCallChecker               : loaded 2 times (x 74B)
Class groovy.lang.MetaClassImpl$1MOPIter                                              : loaded 2 times (x 76B)
Class org.jetbrains.kotlin.resolve.PlatformConfiguratorBase                           : loaded 2 times (x 80B)
Class org.codehaus.groovy.runtime.dgmimpl.arrays.CharacterArrayPutAtMetaMethod        : loaded 2 times (x 97B)
Class org.codehaus.groovy.reflection.CachedClass$3                                    : loaded 2 times (x 82B)
Class org.codehaus.groovy.reflection.ClassInfo$LazyCachedClassRef                     : loaded 2 times (x 82B)
Class groovy.lang.MetaMethod                                                          : loaded 2 times (x 96B)
Class com.android.resources.ScreenSize                                                : loaded 2 times (x 86B)
Class org.jetbrains.kotlin.cli.jvm.compiler.KotlinCliJavaFileManagerImplKt            : loaded 2 times (x 71B)
Class kotlin.io.TextStreamsKt                                                         : loaded 2 times (x 71B)
Class org.jetbrains.kotlin.parsing.FirstBefore                                        : loaded 2 times (x 84B)
Class kotlinx.coroutines.internal.ResizableAtomicArray                                : loaded 2 times (x 72B)
Class org.jetbrains.kotlin.load.kotlin.PackagePartClassUtils                          : loaded 2 times (x 71B)
Class org.jetbrains.kotlin.extensions.TypeAttributeTranslatorExtension$Companion      : loaded 2 times (x 72B)
Class org.jetbrains.kotlin.extensions.TypeAttributeTranslatorExtension                : loaded 2 times (x 70B)
Class kotlin.coroutines.jvm.internal.CompletedContinuation                            : loaded 2 times (x 75B)
Class org.jetbrains.kotlin.psi.stubs.elements.KtImportDirectiveElementType            : loaded 2 times (x 103B)
Class org.jetbrains.kotlin.load.kotlin.PackagePartProvider                            : loaded 2 times (x 70B)
Class [Lorg.jetbrains.kotlin.psi.KtNameReferenceExpression;                           : loaded 2 times (x 69B)
Class org.jetbrains.kotlin.psi.KtSecondaryConstructor                                 : loaded 2 times (x 1276B)
Class [Lorg.jetbrains.kotlin.psi.KtTypeParameterListOwner;                            : loaded 2 times (x 69B)
Class kotlin.reflect.KMutableProperty0                                                : loaded 2 times (x 70B)
Class kotlin.reflect.KClassifier                                                      : loaded 2 times (x 70B)
Class org.jetbrains.kotlin.psi.stubs.elements.KtFileElementType                       : loaded 2 times (x 111B)
Class kotlin.coroutines.jvm.internal.SuspendFunction                                  : loaded 2 times (x 70B)
Class org.jetbrains.kotlin.psi.stubs.KotlinImportAliasStub                            : loaded 2 times (x 70B)
Class org.jetbrains.kotlin.cli.jvm.compiler.KotlinCoreApplicationEnvironmentMode$Production: loaded 2 times (x 71B)
Class org.jetbrains.kotlin.psi.stubs.KotlinEnumEntrySuperclassReferenceExpressionStub : loaded 2 times (x 70B)
Class org.jetbrains.kotlin.psi.KtLiteralStringTemplateEntry                           : loaded 2 times (x 446B)
Class [Lorg.jetbrains.kotlin.psi.KtLiteralStringTemplateEntry;                        : loaded 2 times (x 69B)
Class org.jetbrains.org.objectweb.asm.tree.RecordComponentNode                        : loaded 2 times (x 79B)
Class com.google.common.cache.LocalCache$SoftValueReference                           : loaded 2 times (x 97B)
Class com.google.common.collect.ImmutableMultimap$EntryCollection                     : loaded 2 times (x 128B)
Class org.jetbrains.kotlin.daemon.client.KotlinCompilerClient$tryFindSuitableDaemonOrNewOpts$aliveWithMetadata$1: loaded 2 times (x 79B)
Class org.jetbrains.kotlin.gradle.plugin.KotlinCompilerArgumentsProducer$ArgumentType : loaded 2 times (x 79B)
Class org.jetbrains.kotlin.com.google.common.base.Stopwatch                           : loaded 2 times (x 72B)
Class com.google.common.collect.Maps$EntrySet                                         : loaded 2 times (x 136B)
Class com.google.common.collect.ComparisonChain$InactiveComparisonChain               : loaded 2 times (x 80B)
Class org.jetbrains.kotlin.gradle.tasks.configuration.BaseKotlinCompileConfig$1$1$1   : loaded 2 times (x 75B)
Class org.jetbrains.kotlin.gradle.tasks.KotlinCompile$scriptExtensions$1              : loaded 2 times (x 79B)
Class org.jetbrains.kotlin.gradle.tasks.K2MultiplatformStructure$Fragment             : loaded 2 times (x 72B)
Class org.jetbrains.kotlin.compilerRunner.CompilerSystemPropertiesService$Companion$registerIfAbsent$1: loaded 2 times (x 75B)
Class org.jetbrains.kotlin.gradle.plugin.diagnostics.checkers.WasmJsEnvironmentChecker: loaded 2 times (x 76B)
Class org.jetbrains.kotlin.gradle.plugin.diagnostics.checkers.AndroidPluginWithoutAndroidTargetChecker: loaded 2 times (x 74B)
Class org.jetbrains.kotlin.gradle.plugin.statistics.FlowActionBuildFusService$getConfigurationTimeMetrics$1: loaded 2 times (x 75B)
Class org.jetbrains.kotlin.gradle.plugin.statistics.SynchronizedMetricsContainer      : loaded 2 times (x 82B)
Class org.jetbrains.kotlin.statistics.metrics.NumberOverridePolicy                    : loaded 2 times (x 85B)
Class org.jetbrains.kotlin.statistics.metrics.StringAnonymizationPolicy$AllowedListAnonymizer$Companion: loaded 2 times (x 71B)
Class org.jetbrains.kotlin.gradle.plugin.internal.DefaultProjectIsolationStartParameterAccessor_Decorated: loaded 2 times (x 125B)
Class org.jetbrains.kotlin.gradle.plugin.internal.ProjectIsolationStartParameterAccessorKt: loaded 2 times (x 71B)
Class org.jetbrains.kotlin.gradle.testing.internal.KotlinTestsRegistry                : loaded 2 times (x 72B)
Class com.google.common.cache.LocalCache$EntryFactory$8                               : loaded 2 times (x 83B)
Class org.gradle.internal.installation.CurrentGradleInstallation                      : loaded 2 times (x 73B)
Class com.android.ide.common.resources.ResourceMergerItem                             : loaded 2 times (x 136B)
Class org.jetbrains.kotlin.diagnostics.PositioningStrategies$FUNCTION_PARAMETERS$1    : loaded 2 times (x 74B)
Class org.jetbrains.kotlin.diagnostics.PositioningStrategies$VARIANCE_IN_PROJECTION$1 : loaded 2 times (x 74B)
Class kotlin.jvm.internal.StringCompanionObject                                       : loaded 2 times (x 71B)
Class org.jetbrains.kotlin.load.java.structure.JavaClassifierType                     : loaded 2 times (x 70B)
Class org.jetbrains.kotlin.load.java.structure.impl.JavaElementCollectionFromPsiArrayUtil: loaded 2 times (x 71B)
Class org.jetbrains.kotlin.load.java.structure.JavaTypeParameter                      : loaded 2 times (x 70B)
Class org.codehaus.groovy.control.AnnotationConstantsVisitor                          : loaded 2 times (x 213B)
Class org.codehaus.groovy.classgen.Verifier$14                                        : loaded 2 times (x 73B)
Class org.apache.groovy.parser.antlr4.GroovyParser$ExpressionStmtAltContext           : loaded 2 times (x 158B)
Class org.jetbrains.kotlin.name.CallableId$Companion                                  : loaded 2 times (x 71B)
Class [Lgroovyjarjarantlr4.v4.runtime.atn.RuleStartState;                             : loaded 2 times (x 69B)
Class groovyjarjarantlr4.v4.runtime.misc.Tuple                                        : loaded 2 times (x 71B)
Class groovyjarjarantlr4.v4.runtime.Vocabulary                                        : loaded 2 times (x 70B)
Class groovyjarjarantlr4.v4.runtime.Lexer                                             : loaded 2 times (x 143B)
Class org.apache.groovy.parser.antlr4.GroovyParser$ThrowStmtAltContext                : loaded 2 times (x 159B)
Class org.apache.groovy.parser.antlr4.GroovyParser$LocalVariableDeclarationContext    : loaded 2 times (x 157B)
Class org.apache.groovy.parser.antlr4.GroovyParser$BlockStatementsContext             : loaded 2 times (x 160B)
Class org.apache.groovy.parser.antlr4.GroovyParser$RelationalExprAltContext           : loaded 2 times (x 171B)
Class org.apache.groovy.parser.antlr4.GroovyParser$ImportDeclarationContext           : loaded 2 times (x 164B)
Class org.apache.groovy.parser.antlr4.GroovyParser$MethodDeclarationContext           : loaded 2 times (x 168B)
Class org.codehaus.groovy.control.ClassNodeResolver                                   : loaded 2 times (x 76B)
Class org.jetbrains.kotlin.mpp.ClassifierSymbolMarker                                 : loaded 2 times (x 70B)
Class org.codehaus.groovy.ast.stmt.DoWhileStatement                                   : loaded 2 times (x 118B)
Class org.jetbrains.kotlin.diagnostics.UnboundDiagnostic                              : loaded 2 times (x 70B)
Class org.jetbrains.kotlin.types.model.SimpleTypeMarker                               : loaded 2 times (x 70B)
Class org.codehaus.groovy.reflection.CachedClass$4                                    : loaded 2 times (x 82B)
Class org.codehaus.groovy.reflection.ParameterTypes                                   : loaded 2 times (x 82B)
Class kotlin.jvm.internal.Ref$BooleanRef                                              : loaded 2 times (x 71B)
Class org.jetbrains.kotlin.cli.jvm.index.JvmDependenciesDynamicCompoundIndex          : loaded 2 times (x 77B)
Class org.jetbrains.kotlin.parsing.SemanticWhitespaceAwarePsiBuilderImpl              : loaded 2 times (x 197B)
Class org.jetbrains.kotlin.builtins.functions.FunctionTypeKindExtractor$KindWithArity : loaded 2 times (x 72B)
Class org.jetbrains.kotlin.psi.KtBreakExpression                                      : loaded 2 times (x 437B)
Class org.jetbrains.kotlin.load.java.structure.JavaNamedElement                       : loaded 2 times (x 70B)
Class org.jetbrains.kotlin.load.java.structure.JavaAnnotationOwner                    : loaded 2 times (x 70B)
Class org.jetbrains.kotlin.lexer.KtTokens                                             : loaded 2 times (x 70B)
Class org.jetbrains.kotlin.parsing.KotlinParsing$2                                    : loaded 2 times (x 78B)
Class [Lorg.jetbrains.kotlin.psi.KtFunctionTypeReceiver;                              : loaded 2 times (x 69B)
Class org.jetbrains.kotlin.psi.KtNullableType                                         : loaded 2 times (x 512B)
Class org.jetbrains.kotlin.psi.stubs.KotlinTypeAliasStub                              : loaded 2 times (x 70B)
Class [Lorg.jetbrains.kotlin.psi.KtProperty;                                          : loaded 2 times (x 69B)
Class kotlin.reflect.KMutableProperty1                                                : loaded 2 times (x 70B)
Class kotlinx.coroutines.scheduling.Task                                              : loaded 2 times (x 76B)
Class kotlin.coroutines.intrinsics.IntrinsicsKt__IntrinsicsJvmKt                      : loaded 2 times (x 71B)
Class kotlinx.coroutines.BlockingCoroutine                                            : loaded 2 times (x 144B)
Class kotlin.coroutines.jvm.internal.CoroutineStackFrame                              : loaded 2 times (x 70B)
Class com.android.tools.lint.model.DefaultLintModelVariant                            : loaded 2 times (x 101B)
Class com.android.tools.lint.model.LintModelArtifact                                  : loaded 2 times (x 70B)
Class com.android.resources.NavigationState                                           : loaded 2 times (x 86B)
Class org.jetbrains.kotlin.incremental.classpathDiff.JarReader                        : loaded 2 times (x 82B)
Class org.jetbrains.kotlin.gradle.tasks.AbstractKotlinCompile$compilerRunner$1$2$1    : loaded 2 times (x 75B)
Class org.jetbrains.kotlin.com.google.common.util.concurrent.AbstractFuture$AtomicHelper: loaded 2 times (x 78B)
Class com.google.common.collect.ForwardingObject                                      : loaded 2 times (x 72B)
Class org.jetbrains.kotlin.gradle.tasks.configuration.BaseKotlinCompileConfig$1$1$2   : loaded 2 times (x 75B)
Class org.jetbrains.kotlin.gradle.tasks.KotlinCompilerExecutionStrategy               : loaded 2 times (x 79B)
Class org.jetbrains.kotlin.gradle.plugin.mpp.InternalKotlinCompilationKt$awaitAllKotlinSourceSets$1: loaded 2 times (x 88B)
Class org.jetbrains.kotlin.gradle.plugin.statistics.FusMetrics                        : loaded 2 times (x 70B)
Class org.jetbrains.kotlin.gradle.plugin.sources.DefaultKotlinSourceSet$special$$inlined$Iterable$1: loaded 2 times (x 79B)
Class org.jetbrains.kotlin.gradle.plugin.mpp.compilationImpl.factory.KotlinCompilationImplFactory$KotlinCompilerOptionsFactory$Options: loaded 2 times (x 72B)
Class org.jetbrains.kotlin.gradle.plugin.diagnostics.ToolingDiagnosticRenderingOptionsKt: loaded 2 times (x 71B)
Class org.jetbrains.kotlin.gradle.plugin.KotlinCompilation                            : loaded 2 times (x 70B)
Class org.jetbrains.kotlin.gradle.tasks.publishing.HelpersKt                          : loaded 2 times (x 71B)
Class org.jetbrains.kotlin.gradle.plugin.KotlinTargetConfiguratorKt                   : loaded 2 times (x 71B)
Class org.jetbrains.kotlin.gradle.targets.native.internal.PlatformLibrariesGenerator  : loaded 2 times (x 72B)
Class org.jetbrains.kotlin.tooling.core.Extras$Type$Companion                         : loaded 2 times (x 71B)
Class com.google.common.cache.CacheLoader$1                                           : loaded 2 times (x 75B)
Class org.gradle.util.internal.GUtil                                                  : loaded 2 times (x 71B)
Class org.jetbrains.kotlin.load.java.typeEnhancement.NullabilityQualifierWithMigrationStatus: loaded 2 times (x 72B)
Class org.jetbrains.kotlin.load.java.SpecialGenericSignatures$Companion$NameAndSignature: loaded 2 times (x 72B)
Class org.jetbrains.kotlin.resolve.calls.inference.components.VariableFixationFinderKt: loaded 2 times (x 71B)
Class org.jetbrains.kotlin.resolve.calls.inference.model.DeclaredUpperBoundConstraintPosition: loaded 2 times (x 72B)
Class org.jetbrains.kotlin.diagnostics.DiagnosticWithParameters2Marker                : loaded 2 times (x 70B)
Class org.jetbrains.kotlin.resolve.descriptorUtil.AnnotationsForResolveKt             : loaded 2 times (x 71B)
Class com.google.protobuf.Message                                                     : loaded 2 times (x 70B)
Class com.android.tools.analytics.Environment$Companion$SYSTEM$1                      : loaded 2 times (x 73B)
Class com.android.tools.analytics.Environment$Companion                               : loaded 2 times (x 71B)
Class com.android.tools.analytics.Environment$SystemProperty                          : loaded 2 times (x 79B)
Class com.android.utils.StringHelper                                                  : loaded 2 times (x 71B)
Class org.jetbrains.kotlin.resolve.calls.inference.ConstraintSystemOperation          : loaded 2 times (x 70B)
Class [Lgroovyjarjarasm.asm.Type;                                                     : loaded 2 times (x 69B)
Class org.codehaus.groovy.classgen.asm.OperandStack                                   : loaded 2 times (x 95B)
Class org.codehaus.groovy.classgen.asm.indy.IndyBinHelper                             : loaded 2 times (x 87B)
Class org.codehaus.groovy.reflection.v7.GroovyClassValueJava7                         : loaded 2 times (x 84B)
Class org.jetbrains.kotlin.load.java.structure.JavaElementsKt                         : loaded 2 times (x 71B)
Class groovyjarjarantlr4.v4.runtime.misc.FlexibleHashMap$Entry                        : loaded 2 times (x 72B)
Class groovyjarjarantlr4.v4.runtime.ParserErrorListener                               : loaded 2 times (x 70B)
Class groovyjarjarantlr4.v4.runtime.Parser                                            : loaded 2 times (x 151B)
Class groovyjarjarantlr4.v4.runtime.atn.StarLoopbackState                             : loaded 2 times (x 89B)
Class org.apache.groovy.parser.antlr4.GroovyParser$TypeContext                        : loaded 2 times (x 161B)
Class org.jetbrains.kotlin.types.model.TypeSystemOptimizationContext                  : loaded 2 times (x 70B)
Class org.codehaus.groovy.ast.GroovyClassVisitor                                      : loaded 2 times (x 70B)
Class org.jetbrains.kotlin.resolve.calls.checkers.UselessElvisCallChecker             : loaded 2 times (x 74B)
Class org.codehaus.groovy.runtime.dgmimpl.arrays.FloatArrayGetAtMetaMethod            : loaded 2 times (x 97B)
Class org.codehaus.groovy.runtime.callsite.CallSiteAwareMetaMethod                    : loaded 2 times (x 97B)
Class org.codehaus.groovy.ast.expr.AnnotationConstantExpression                       : loaded 2 times (x 134B)
Class groovy.lang.MissingPropertyException                                            : loaded 2 times (x 89B)
Class groovy.lang.Closure$1                                                           : loaded 2 times (x 133B)
Class org.codehaus.groovy.reflection.CachedClass$5                                    : loaded 2 times (x 82B)
Class it.unimi.dsi.fastutil.objects.Object2IntOpenHashMap$KeySet                      : loaded 2 times (x 180B)
Class org.codehaus.groovy.runtime.dgmimpl.NumberNumberMultiply                        : loaded 2 times (x 114B)
Class com.android.resources.ResourceEnum                                              : loaded 2 times (x 70B)
Class com.android.ide.common.resources.configuration.TextInputMethodQualifier         : loaded 2 times (x 90B)
Class org.jetbrains.kotlin.kdoc.lexer.KDocTokens$1                                    : loaded 2 times (x 84B)
Class org.codehaus.groovy.runtime.NullObject                                          : loaded 2 times (x 91B)
Class [Lorg.jetbrains.kotlin.cli.jvm.index.JavaRoot$RootType;                         : loaded 2 times (x 69B)
Class org.jetbrains.kotlin.storage.LockBasedStorageManager$ExceptionHandlingStrategy$1: loaded 2 times (x 74B)
Class org.jetbrains.kotlin.storage.MemoizedFunctionToNullable                         : loaded 2 times (x 70B)
Class it.unimi.dsi.fastutil.ints.AbstractIntCollection                                : loaded 2 times (x 185B)
Class org.jetbrains.kotlin.psi.KtModifierListOwnerStub                                : loaded 2 times (x 583B)
Class org.jetbrains.kotlin.psi.KtFile                                                 : loaded 2 times (x 946B)
Class org.jetbrains.kotlin.resolve.checkers.InlineParameterChecker                    : loaded 2 times (x 74B)
Class kotlin.reflect.KMutableProperty2                                                : loaded 2 times (x 70B)
Class kotlinx.coroutines.internal.LockFreeTaskQueue                                   : loaded 2 times (x 72B)
Class kotlinx.coroutines.scheduling.DefaultScheduler                                  : loaded 2 times (x 112B)
Class kotlinx.coroutines.Dispatchers                                                  : loaded 2 times (x 71B)
Class [Lcom.android.tools.lint.model.LintModelSeverity;                               : loaded 2 times (x 69B)
Class org.jetbrains.kotlin.platform.TargetPlatformVersion                             : loaded 2 times (x 70B)
Class com.android.prefs.PathLocator$WhenMappings                                      : loaded 2 times (x 71B)
Class org.jetbrains.kotlin.diagnostics.Diagnostic                                     : loaded 2 times (x 70B)
Class org.codehaus.groovy.control.SourceUnit                                          : loaded 2 times (x 98B)
Class org.jetbrains.kotlin.daemon.common.DaemonJVMOptions$mappers$1                   : loaded 2 times (x 137B)
Class [Lorg.jetbrains.kotlin.com.google.common.cache.LocalCache$Segment;              : loaded 2 times (x 69B)
Class org.jetbrains.kotlin.gradle.tasks.configuration.BaseKotlinCompileConfig$1$1$3   : loaded 2 times (x 75B)
Class org.jetbrains.kotlin.gradle.plugin.mpp.InternalKotlinTargetKt$isSourcesPublishableFuture$2: loaded 2 times (x 95B)
Class org.jetbrains.kotlin.gradle.plugin.mpp.KotlinCompilationFactory                 : loaded 2 times (x 70B)
Class org.jetbrains.kotlin.gradle.dsl.IosSourceSetConventionChecker$runChecks$1       : loaded 2 times (x 88B)
Class org.jetbrains.kotlin.gradle.plugin.mpp.AbstractKotlinCompilation                : loaded 2 times (x 191B)
Class org.jetbrains.kotlin.gradle.plugin.diagnostics.checkers.UnusedSourceSetsChecker : loaded 2 times (x 74B)
Class org.jetbrains.kotlin.gradle.utils.Future                                        : loaded 2 times (x 70B)
Class org.jetbrains.kotlin.gradle.plugin.statistics.KotlinBuildStatsConfiguration$Companion: loaded 2 times (x 71B)
Class com.google.common.cache.AbstractCache$StatsCounter                              : loaded 2 times (x 70B)
Class androidx.activity.lint.ActivityResultFragmentVersionDetector$Companion          : loaded 2 times (x 71B)
Class org.jetbrains.kotlin.descriptors.ValueClassRepresentation                       : loaded 2 times (x 74B)
Class com.google.common.collect.AbstractTable                                         : loaded 2 times (x 120B)
Class org.jetbrains.kotlin.load.kotlin.TypeSignatureMappingKt                         : loaded 2 times (x 71B)
Class org.jetbrains.kotlin.resolve.calls.inference.components.ConstraintContext       : loaded 2 times (x 72B)
Class org.jetbrains.kotlin.diagnostics.PositioningStrategies$VALUE_ARGUMENTS_LIST$1   : loaded 2 times (x 74B)
Class com.google.protobuf.AbstractMessage$Builder                                     : loaded 2 times (x 257B)
Class com.google.protobuf.ExtensionRegistryFactory                                    : loaded 2 times (x 71B)
Class com.google.protobuf.ProtocolMessageEnum                                         : loaded 2 times (x 70B)
Class org.codehaus.groovy.classgen.asm.BinaryExpressionHelper$1                       : loaded 2 times (x 128B)
Class org.apache.groovy.util.concurrent.concurrentlinkedhashmap.ConcurrentLinkedHashMap: loaded 2 times (x 148B)
Class org.jetbrains.kotlin.load.java.JavaClassFinder                                  : loaded 2 times (x 70B)
Class [Lorg.codehaus.groovy.ast.GenericsType;                                         : loaded 2 times (x 69B)
Class org.apache.groovy.parser.antlr4.GroovyParser$ClosureOrLambdaExpressionPrmrAltContext: loaded 2 times (x 158B)
Class [Lgroovyjarjarantlr4.v4.runtime.atn.Transition;                                 : loaded 2 times (x 69B)
Class org.apache.groovy.parser.antlr4.GroovyParser$ClosureContext                     : loaded 2 times (x 164B)
Class org.apache.groovy.parser.antlr4.GroovyParser$CommandExpressionContext           : loaded 2 times (x 160B)
Class kotlin.time.DurationUnitKt                                                      : loaded 2 times (x 71B)
Class groovy.lang.ExpandoMetaClassCreationHandle                                      : loaded 2 times (x 76B)
Class org.jetbrains.kotlin.resolve.calls.checkers.InfixCallChecker                    : loaded 2 times (x 74B)
Class org.jetbrains.kotlin.resolve.calls.checkers.InlineCheckerWrapper                : loaded 2 times (x 75B)
Class org.jetbrains.kotlin.resolve.checkers.DeprecatedSinceKotlinAnnotationChecker    : loaded 2 times (x 74B)
Class org.jetbrains.kotlin.resolve.checkers.LocalVariableTypeParametersChecker        : loaded 2 times (x 74B)
Class org.codehaus.groovy.runtime.metaclass.TransformMetaMethod                       : loaded 2 times (x 96B)
Class org.codehaus.groovy.runtime.StringGroovyMethods                                 : loaded 2 times (x 71B)
Class org.codehaus.groovy.ast.NodeMetaDataHandler                                     : loaded 2 times (x 70B)
Class org.codehaus.groovy.reflection.CachedClass$6                                    : loaded 2 times (x 82B)
Class org.codehaus.groovy.util.ReferenceManager$ThreadedReferenceManager              : loaded 2 times (x 77B)
Class groovyjarjarantlr4.v4.runtime.dfa.SingletonEdgeMap                              : loaded 2 times (x 98B)
Class org.apache.groovy.parser.antlr4.GroovyParser$MemberDeclarationContext           : loaded 2 times (x 160B)
Class org.jetbrains.kotlin.serialization.deserialization.ProtoContainer$Class         : loaded 2 times (x 74B)
Class org.jetbrains.kotlin.kdoc.lexer.KDocTokens$2                                    : loaded 2 times (x 84B)
Class org.apache.groovy.parser.antlr4.GroovyParser$TypeBoundContext                   : loaded 2 times (x 162B)
Class kotlin.ranges.IntProgressionIterator                                            : loaded 2 times (x 82B)
Class org.jetbrains.kotlin.metadata.builtins.BuiltInsBinaryVersion                    : loaded 2 times (x 74B)
Class org.jetbrains.kotlin.resolve.jvm.KotlinJavaPsiFacade$KotlinPsiElementFinderWrapperImpl: loaded 2 times (x 82B)
Class org.jetbrains.kotlin.load.kotlin.MetadataFinderFactory                          : loaded 2 times (x 70B)
Class org.apache.groovy.parser.antlr4.GroovyParser$TypeNamePairsContext               : loaded 2 times (x 162B)
Class groovyjarjarantlr4.v4.runtime.atn.SemanticContext$Predicate                     : loaded 2 times (x 73B)
Class groovy.transform.Trait                                                          : loaded 2 times (x 70B)
Class org.codehaus.groovy.runtime.powerassert.SourceTextNotAvailableException         : loaded 2 times (x 82B)
Class [Lorg.jetbrains.kotlin.psi.KtStringTemplateExpression;                          : loaded 2 times (x 69B)
Class org.jetbrains.kotlin.psi.KtTypeCodeFragmentType                                 : loaded 2 times (x 84B)
Class org.jetbrains.kotlin.psi.KtNamedFunction                                        : loaded 2 times (x 1347B)
Class org.jetbrains.kotlin.psi.KtNamedDeclaration                                     : loaded 2 times (x 70B)
Class kotlin.reflect.jvm.internal.RuntimeTypeMapper                                   : loaded 2 times (x 71B)
Class kotlin.coroutines.jvm.internal.DebugProbesKt                                    : loaded 2 times (x 71B)
Class kotlinx.coroutines.intrinsics.CancellableKt                                     : loaded 2 times (x 71B)
Class kotlin.coroutines.CoroutineContext                                              : loaded 2 times (x 70B)
Class com.android.tools.lint.model.DefaultLintModelDependency                         : loaded 2 times (x 86B)
Class com.android.tools.lint.model.DefaultLintModelLibrary                            : loaded 2 times (x 86B)
Class com.android.tools.lint.model.DefaultLintModelBuildFeatures                      : loaded 2 times (x 77B)
Class com.android.ide.common.rendering.api.ResourceNamespace$ToolsNamespace           : loaded 2 times (x 80B)
Class org.jetbrains.kotlin.incremental.DifferenceCalculatorForPackageFacade$Companion : loaded 2 times (x 71B)
Class org.jetbrains.kotlin.buildtools.internal.CompilationServiceImpl                 : loaded 2 times (x 81B)
Class com.google.common.reflect.Types$TypeVariableImpl                                : loaded 2 times (x 72B)
Class com.google.common.io.LineBuffer                                                 : loaded 2 times (x 75B)
Class org.jetbrains.kotlin.daemon.common.DaemonJVMOptions$mappers$2                   : loaded 2 times (x 137B)
Class org.jetbrains.kotlin.com.google.common.util.concurrent.AbstractFuture$UnsafeAtomicHelper: loaded 2 times (x 78B)
Class org.jetbrains.kotlin.gradle.plugin.attributes.KlibPackaging                     : loaded 2 times (x 70B)
Class org.jetbrains.kotlin.gradle.plugin.mpp.KotlinTargetSoftwareComponentImplKt      : loaded 2 times (x 71B)
Class org.jetbrains.kotlin.gradle.internal.abi.AbiFiltersSpecImpl                     : loaded 2 times (x 86B)
Class org.jetbrains.kotlin.gradle.targets.js.dsl.KotlinJsSubTargetContainerDsl        : loaded 2 times (x 70B)
Class org.jetbrains.kotlin.tooling.core.MutableExtrasImpl$Companion                   : loaded 2 times (x 71B)
Class org.jetbrains.kotlin.gradle.plugin.statistics.BuildFinishFlowProviderManager_Decorated: loaded 2 times (x 119B)
Class org.jetbrains.kotlin.gradle.internal.ClassLoadersCachingBuildService$Parameters : loaded 2 times (x 70B)
Class org.jetbrains.kotlin.gradle.plugin.KotlinGradleBuildServices$Companion$registerIfAbsent$1: loaded 2 times (x 75B)
Class org.jetbrains.kotlin.statistics.fileloggers.MetricsContainer                    : loaded 2 times (x 77B)
Class org.jetbrains.kotlin.gradle.plugin.internal.ProjectIsolationStartParameterAccessor: loaded 2 times (x 70B)
Class org.jetbrains.kotlin.gradle.utils.StoredProperty                                : loaded 2 times (x 70B)
Class org.gradle.internal.installation.GradleInstallation                             : loaded 2 times (x 75B)
Class com.google.protobuf.UnsafeUtil$JvmMemoryAccessor                                : loaded 2 times (x 91B)
Class org.jetbrains.kotlin.diagnostics.PositioningStrategies$ARRAY_ACCESS$1           : loaded 2 times (x 74B)
Class com.google.protobuf.CodedInputStream                                            : loaded 2 times (x 119B)
Class com.google.protobuf.MessageLite                                                 : loaded 2 times (x 70B)
Class org.codehaus.groovy.classgen.asm.CompileStack                                   : loaded 2 times (x 115B)
Class org.codehaus.groovy.classgen.asm.MethodPointerExpressionWriter                  : loaded 2 times (x 73B)
Class [Lorg.jetbrains.kotlin.resolve.jvm.NotFoundPackagesCachingStrategy$CacheType;   : loaded 2 times (x 69B)
Class org.apache.groovy.parser.antlr4.GroovyParser$TypeListContext                    : loaded 2 times (x 162B)
Class [Lgroovyjarjarantlr4.v4.runtime.atn.LexerAction;                                : loaded 2 times (x 69B)
Class org.codehaus.groovy.control.io.StringReaderSource                               : loaded 2 times (x 87B)
Class org.jetbrains.kotlin.types.TypeCheckerState                                     : loaded 2 times (x 76B)
Class org.jetbrains.kotlin.resolve.calls.inference.components.ResultTypeResolver      : loaded 2 times (x 72B)
Class org.jetbrains.kotlin.container.ContainerKt                                      : loaded 2 times (x 71B)
Class org.jetbrains.kotlin.resolve.AdditionalAnnotationChecker                        : loaded 2 times (x 70B)
Class org.jetbrains.kotlin.resolve.calls.checkers.ResultTypeWithNullableOperatorsChecker: loaded 2 times (x 74B)
Class groovy.lang.ExpandoMetaClass                                                    : loaded 2 times (x 227B)
Class org.codehaus.groovy.reflection.CachedClass$7                                    : loaded 2 times (x 82B)
Class groovy.lang.IntRange                                                            : loaded 2 times (x 247B)
Class org.codehaus.groovy.reflection.ClassInfo$GlobalClassSet                         : loaded 2 times (x 76B)
Class kotlin.collections.ReversedList                                                 : loaded 2 times (x 207B)
Class org.jetbrains.kotlin.diagnostics.PositioningStrategies$PROPERTY_INITIALIZER$1   : loaded 2 times (x 74B)
Class org.jetbrains.kotlin.psi.KtContainerNodeForControlStructureBody                 : loaded 2 times (x 376B)
Class org.jetbrains.kotlin.psi.KtDeclarationImpl                                      : loaded 2 times (x 645B)
Class [Lorg.jetbrains.kotlin.builtins.PrimitiveType;                                  : loaded 2 times (x 69B)
Class org.jetbrains.kotlin.config.LanguageFeature$State                               : loaded 2 times (x 82B)
Class org.jetbrains.kotlin.cli.jvm.modules.JavaModuleGraph$module$1                   : loaded 2 times (x 125B)
Class org.jetbrains.kotlin.psi.KtBlockStringTemplateEntry                             : loaded 2 times (x 447B)
Class org.jetbrains.kotlin.psi.stubs.KotlinClassLiteralExpressionStub                 : loaded 2 times (x 70B)
Class kotlin.reflect.jvm.internal.impl.builtins.PrimitiveType$$Lambda$0               : loaded 2 times (x 76B)
Class [Lcom.android.utils.StdLogger$Level;                                            : loaded 2 times (x 69B)
Class com.android.prefs.AndroidLocationsException                                     : loaded 2 times (x 82B)
Class org.jetbrains.kotlin.descriptors.EffectiveVisibility$PrivateInClass             : loaded 2 times (x 75B)
Class org.jetbrains.kotlin.load.java.SpecialGenericSignatures                         : loaded 2 times (x 71B)
Class org.jetbrains.kotlin.incremental.storage.InlineFunctionOrAccessorExternalizer   : loaded 2 times (x 76B)
Class org.jetbrains.kotlin.incremental.classpathDiff.impl.ClassFileWithContentsProvider: loaded 2 times (x 72B)
Class [Lorg.jetbrains.kotlin.types.TypeApproximatorConfiguration$IntersectionStrategy;: loaded 2 times (x 69B)
Class [Lcom.google.common.hash.Hashing$ChecksumType;                                  : loaded 2 times (x 69B)
Class org.jetbrains.kotlin.daemon.common.CompileService$TargetPlatform                : loaded 2 times (x 79B)
Class org.jetbrains.kotlin.gradle.logging.GradlePrintingMessageCollector$WhenMappings : loaded 2 times (x 71B)
Class org.jetbrains.kotlin.daemon.common.CompileService$CallResult$Dying              : loaded 2 times (x 72B)
Class org.jetbrains.kotlin.daemon.client.KotlinCompilerClient$DaemonSearchResult      : loaded 2 times (x 70B)
Class org.jetbrains.kotlin.daemon.common.CompileService                               : loaded 2 times (x 70B)
Class org.jetbrains.kotlin.daemon.common.DaemonJVMOptions$mappers$3                   : loaded 2 times (x 137B)
Class org.jetbrains.kotlin.gradle.tasks.KotlinCompile$createCompilerArguments$1       : loaded 2 times (x 79B)
Class [Lorg.jetbrains.kotlin.gradle.plugin.KotlinCompilerArgumentsProducer$ArgumentType;: loaded 2 times (x 69B)
Class org.jetbrains.kotlin.com.google.common.base.Ticker$1                            : loaded 2 times (x 72B)
Class com.google.common.collect.ForwardingCollection                                  : loaded 2 times (x 130B)
Class com.google.common.collect.LexicographicalOrdering                               : loaded 2 times (x 115B)
Class org.jetbrains.kotlin.gradle.dsl.KotlinJvmCompile$DefaultImpls                   : loaded 2 times (x 71B)
Class org.jetbrains.kotlin.gradle.plugin.mpp.compilationImpl.factory.KotlinCompilationImplFactory$create$1: loaded 2 times (x 75B)
Class org.jetbrains.kotlin.gradle.tasks.KotlinJavaToolchain                           : loaded 2 times (x 70B)
Class org.jetbrains.kotlin.gradle.plugin.statistics.FlowActionBuildFusService$Inject  : loaded 2 times (x 104B)
Class org.jetbrains.kotlin.statistics.metrics.BooleanMetrics$Companion                : loaded 2 times (x 71B)
Class org.jetbrains.kotlin.gradle.plugin.internal.CompatibilityConventionRegistrar    : loaded 2 times (x 70B)
Class org.jetbrains.kotlin.gradle.plugin.AndroidGradlePluginVersion                   : loaded 2 times (x 75B)
Class jdk.internal.jimage.decompressor.ResourceDecompressor$StringsProvider           : loaded 2 times (x 70B)
Class com.android.ide.common.rendering.api.StyleResourceValue                         : loaded 2 times (x 70B)
Class org.jetbrains.kotlin.load.java.typeEnhancement.SignatureEnhancementBuilder$ClassEnhancementBuilder: loaded 2 times (x 72B)
Class org.jetbrains.kotlin.utils.DFS$Visited                                          : loaded 2 times (x 70B)
Class org.jetbrains.kotlin.resolve.calls.inference.ConstraintSystemTransaction        : loaded 2 times (x 73B)
Class com.google.protobuf.AbstractMessageLite$Builder                                 : loaded 2 times (x 126B)
Class com.google.protobuf.MapFieldReflectionAccessor                                  : loaded 2 times (x 74B)
Class groovyjarjarasm.asm.MethodTooLargeException                                     : loaded 2 times (x 83B)
Class com.android.ide.common.resources.DataFile$FileType                              : loaded 2 times (x 79B)
Class org.jetbrains.kotlin.resolve.calls.results.SpecificityComparisonCallbacks       : loaded 2 times (x 70B)
Class [Lorg.codehaus.groovy.ast.expr.Expression;                                      : loaded 2 times (x 69B)
Class org.apache.groovy.parser.antlr4.internal.atnmanager.AtnManager                  : loaded 2 times (x 73B)
Class groovyjarjarantlr4.v4.runtime.misc.IntegerList                                  : loaded 2 times (x 72B)
Class groovyjarjarantlr4.v4.runtime.atn.SetTransition                                 : loaded 2 times (x 76B)
Class groovyjarjarantlr4.v4.runtime.atn.EpsilonTransition                             : loaded 2 times (x 76B)
Class org.apache.groovy.parser.antlr4.GroovyParser$ModifierContext                    : loaded 2 times (x 163B)
Class org.apache.groovy.parser.antlr4.GroovyParser$IfElseStatementContext             : loaded 2 times (x 164B)
Class groovyjarjarantlr4.v4.runtime.ANTLRErrorStrategy                                : loaded 2 times (x 70B)
Class groovyjarjarantlr4.v4.runtime.TokenSource                                       : loaded 2 times (x 70B)
Class org.codehaus.groovy.ast.expr.ConstructorCallExpression                          : loaded 2 times (x 141B)
Class org.jetbrains.kotlin.container.DefaultImplementation                            : loaded 2 times (x 70B)
Class org.jetbrains.kotlin.resolve.PlatformConfiguratorBaseKt                         : loaded 2 times (x 71B)
Class org.codehaus.groovy.reflection.CachedClass$8                                    : loaded 2 times (x 82B)
Class com.android.utils.XmlUtils                                                      : loaded 2 times (x 71B)
Class kotlin.collections.ReversedList$listIterator$1                                  : loaded 2 times (x 94B)
Class org.jetbrains.kotlin.parsing.KotlinParsing$1                                    : loaded 2 times (x 78B)
Class org.jetbrains.kotlin.psi.KtUnaryExpression                                      : loaded 2 times (x 502B)
Class org.jetbrains.kotlin.types.TypeApproximatorConfiguration$PublicDeclaration$SaveAnonymousTypes: loaded 2 times (x 87B)
Class org.jetbrains.kotlin.cli.jvm.modules.CliJavaModuleFinder                        : loaded 2 times (x 75B)
Class kotlin.reflect.jvm.internal.impl.builtins.PrimitiveType$$Lambda$1               : loaded 2 times (x 76B)
Class kotlinx.coroutines.JobSupportKt                                                 : loaded 2 times (x 71B)
Class kotlinx.coroutines.ExecutorCoroutineDispatcher$Key                              : loaded 2 times (x 72B)
Class kotlin.ranges.IntProgression                                                    : loaded 2 times (x 81B)
Class com.android.ide.common.gradle.Part                                              : loaded 2 times (x 77B)
Class org.jetbrains.kotlin.gradle.internal.ClassLoadersCachingBuildService$Companion$registerIfAbsent$1: loaded 2 times (x 75B)
Class Build_gradle$3$1                                                                : loaded 2 times (x 78B)
Class org.jetbrains.kotlin.daemon.common.CompileService$CallResult$Ok                 : loaded 2 times (x 72B)
Class org.jetbrains.kotlin.daemon.client.KotlinCompilerClient                         : loaded 2 times (x 71B)
Class org.jetbrains.kotlin.daemon.common.FileSystem                                   : loaded 2 times (x 71B)
Class org.jetbrains.kotlin.gradle.plugin.statistics.CompilerArgumentMetrics           : loaded 2 times (x 71B)
Class org.jetbrains.kotlin.incremental.FileUtilsKt                                    : loaded 2 times (x 71B)
Class org.jetbrains.kotlin.gradle.plugin.mpp.KotlinJvmCompilation                     : loaded 2 times (x 200B)
Class org.jetbrains.kotlin.gradle.plugin.KotlinCompilation$Companion                  : loaded 2 times (x 71B)
Class com.google.common.collect.Lists$RandomAccessReverseList                         : loaded 2 times (x 200B)
Class org.jetbrains.kotlin.konan.target.KonanTarget$WATCHOS_ARM64                     : loaded 2 times (x 78B)
Class org.jetbrains.kotlin.konan.target.KonanTarget$MACOS_ARM64                       : loaded 2 times (x 78B)
Class org.jetbrains.kotlin.gradle.plugin.diagnostics.checkers.OverriddenKotlinNativeHomeChecker: loaded 2 times (x 74B)
Class org.jetbrains.kotlin.gradle.artifacts.KotlinJvmJarArtifactKt$KotlinJvmJarArtifact$1: loaded 2 times (x 74B)
Class org.jetbrains.kotlin.gradle.targets.native.SetupEmbedAndSignAppleFrameworkTaskSideEffectKt: loaded 2 times (x 71B)
Class org.jetbrains.kotlin.gradle.plugin.KotlinProjectSetupActionKt$KotlinProjectSetupCoroutine$1: loaded 2 times (x 75B)
Class org.jetbrains.kotlin.gradle.dsl.ToolchainSupport$Companion                      : loaded 2 times (x 71B)
Class org.jetbrains.kotlin.gradle.plugin.KotlinSourceSet                              : loaded 2 times (x 70B)

---------------  S Y S T E M  ---------------

OS:
 Windows 11 , 64 bit Build 26100 (10.0.26100.8875)
OS uptime: 1 days 1:01 hours
Hyper-V role detected

CPU: total 16 (initial active 16) (8 cores per cpu, 2 threads per core) family 6 model 183 stepping 1 microcode 0x129, cx8, cmov, fxsr, ht, mmx, 3dnowpref, sse, sse2, sse3, ssse3, sse4.1, sse4.2, popcnt, lzcnt, tsc, tscinvbit, avx, avx2, aes, erms, clmul, bmi1, bmi2, adx, sha, fma, vzeroupper, clflush, clflushopt, clwb, hv, serialize, rdtscp, rdpid, fsrm, f16c, cet_ibt, cet_ss
Processor Information for processor 0
  Max Mhz: 2400, Current Mhz: 1520, Mhz Limit: 2400
Processor Information for processor 1
  Max Mhz: 2400, Current Mhz: 2400, Mhz Limit: 2400
Processor Information for processor 2
  Max Mhz: 2400, Current Mhz: 2400, Mhz Limit: 2400
Processor Information for processor 3
  Max Mhz: 2400, Current Mhz: 2400, Mhz Limit: 2400
Processor Information for processor 4
  Max Mhz: 2400, Current Mhz: 1520, Mhz Limit: 2400
Processor Information for processor 5
  Max Mhz: 2400, Current Mhz: 2400, Mhz Limit: 2400
Processor Information for processor 6
  Max Mhz: 2400, Current Mhz: 2400, Mhz Limit: 2400
Processor Information for processor 7
  Max Mhz: 2400, Current Mhz: 2400, Mhz Limit: 2400
Processor Information for processor 8
  Max Mhz: 2400, Current Mhz: 2400, Mhz Limit: 2400
Processor Information for processor 9
  Max Mhz: 2400, Current Mhz: 2400, Mhz Limit: 2400
Processor Information for processor 10
  Max Mhz: 2400, Current Mhz: 1520, Mhz Limit: 2400
Processor Information for processor 11
  Max Mhz: 2400, Current Mhz: 2400, Mhz Limit: 2400
Processor Information for processor 12
  Max Mhz: 2400, Current Mhz: 2400, Mhz Limit: 2400
Processor Information for processor 13
  Max Mhz: 2400, Current Mhz: 1466, Mhz Limit: 2400
Processor Information for processor 14
  Max Mhz: 2400, Current Mhz: 1466, Mhz Limit: 2400
Processor Information for processor 15
  Max Mhz: 2400, Current Mhz: 1466, Mhz Limit: 2400

Memory: 4k page, system-wide physical 16087M (642M free)
TotalPageFile size 36110M (AvailPageFile size 1778M)
current process WorkingSet (physical memory assigned to process): 2989M, peak: 3630M
current process commit charge ("private bytes"): 3842M, peak: 5851M

vm_info: OpenJDK 64-Bit Server VM (21.0.9+-14787801-b1163.94) for windows-amd64 JRE (21.0.9+-14787801-b1163.94), built on 2026-01-27T21:15:44Z by "builder" with MS VC++ 16.10 / 16.11 (VS2019)

END.
