#
# There is insufficient memory for the Java Runtime Environment to continue.
# Native memory allocation (mmap) failed to map 2021654528 bytes. Error detail: G1 virtual space
# Possible reasons:
#   The system is out of physical RAM or swap space
#   This process is running with CompressedOops enabled, and the Java Heap may be blocking the growth of the native heap
# Possible solutions:
#   Reduce memory load on the system
#   Increase physical memory or swap space
#   Check if swap backing store is full
#   Decrease Java heap size (-Xmx/-Xms)
#   Decrease number of Java threads
#   Decrease Java thread stack sizes (-Xss)
#   Set larger code cache with -XX:ReservedCodeCacheSize=
#   JVM is running with Zero Based Compressed Oops mode in which the Java heap is
#     placed in the first 32GB address space. The Java Heap base address is the
#     maximum limit for the native heap growth. Please use -XX:HeapBaseMinAddress
#     to set the Java Heap base and to place the Java Heap above 32GB virtual address.
# This output file may be truncated or incomplete.
#
#  Out of Memory Error (os_windows.cpp:3630), pid=45368, tid=29392
#
# JRE version: OpenJDK Runtime Environment Temurin-17.0.20+8 (17.0.20+8) (build 17.0.20+8)
# Java VM: OpenJDK 64-Bit Server VM Temurin-17.0.20+8 (17.0.20+8, mixed mode, sharing, tiered, compressed oops, compressed class ptrs, g1 gc, windows-amd64)
# No core dump will be written. Minidumps are not enabled by default on client versions of Windows
#

---------------  S U M M A R Y ------------

Command Line: --add-opens=java.base/java.lang=ALL-UNNAMED --add-opens=java.base/java.lang.invoke=ALL-UNNAMED --add-opens=java.base/java.util=ALL-UNNAMED --add-opens=java.prefs/java.util.prefs=ALL-UNNAMED --add-exports=jdk.compiler/com.sun.tools.javac.api=ALL-UNNAMED --add-exports=jdk.compiler/com.sun.tools.javac.util=ALL-UNNAMED --add-opens=java.base/java.util=ALL-UNNAMED --add-opens=java.prefs/java.util.prefs=ALL-UNNAMED --add-opens=java.base/java.nio.charset=ALL-UNNAMED --add-opens=java.base/java.net=ALL-UNNAMED --add-opens=java.base/java.util.concurrent.atomic=ALL-UNNAMED --add-opens=java.xml/javax.xml.namespace=ALL-UNNAMED -XX:MaxMetaspaceSize=4G -XX:ReservedCodeCacheSize=512m -XX:+HeapDumpOnOutOfMemoryError -Xmx8G -Dfile.encoding=UTF-8 -Duser.country=IN -Duser.language=en -Duser.variant -javaagent:C:\Users\VICTUS\.gradle\wrapper\dists\gradle-8.14-bin\38aieal9i53h9rfe7vjup95b9\gradle-8.14\lib\agents\gradle-instrumentation-agent-8.14.jar org.gradle.launcher.daemon.bootstrap.GradleDaemon 8.14

Host: Intel(R) Core(TM) i5-14450HX, 16 cores, 15G,  Windows 11 , 64 bit Build 26100 (10.0.26100.8875)
Time: Fri Aug  7 22:16:49 2026 India Standard Time elapsed time: 211.221422 seconds (0d 0h 3m 31s)

---------------  T H R E A D  ---------------

Current thread (0x00000224fe2dcf50):  VMThread "VM Thread" [stack: 0x000000c64cf00000,0x000000c64d000000] [id=29392]

Stack: [0x000000c64cf00000,0x000000c64d000000]
Native frames: (J=compiled Java code, j=interpreted, Vv=VM code, C=native code)
V  [jvm.dll+0x684d39]
V  [jvm.dll+0x83a565]
V  [jvm.dll+0x83bfde]
V  [jvm.dll+0x83c663]
V  [jvm.dll+0x2490cf]
V  [jvm.dll+0x681af9]
V  [jvm.dll+0x6768ba]
V  [jvm.dll+0x309467]
V  [jvm.dll+0x310a56]
V  [jvm.dll+0x360f3e]
V  [jvm.dll+0x36117d]
V  [jvm.dll+0x2e04ec]
V  [jvm.dll+0x2de8c2]
V  [jvm.dll+0x2de05c]
V  [jvm.dll+0x321081]
V  [jvm.dll+0x840e7d]
V  [jvm.dll+0x841bb3]
V  [jvm.dll+0x8420df]
V  [jvm.dll+0x8424c5]
V  [jvm.dll+0x84258e]
V  [jvm.dll+0x7eb17c]
V  [jvm.dll+0x683c07]
C  [ucrtbase.dll+0x2cd30]
C  [KERNEL32.DLL+0x2e957]
C  [ntdll.dll+0xaad6c]

VM_Operation (0x000000c65ddfc990): G1TryInitiateConcMark, mode: safepoint, requested by thread 0x000002254b273ec0


---------------  P R O C E S S  ---------------

Threads class SMR info:
_java_thread_list=0x0000022553667bd0, length=349, elements={
0x00000224c2b1e9b0, 0x00000224fe2e6b60, 0x00000224fe2e7630, 0x00000224fe2fe000,
0x00000224fe2fe8d0, 0x00000224fe2ff940, 0x00000224fe303eb0, 0x00000224fe306a80,
0x00000224fe309f50, 0x00000224fe30d010, 0x00000224ff2465a0, 0x00000224ff43d8e0,
0x0000022546044da0, 0x00000224ff6e7180, 0x000002254601dde0, 0x00000225457c1440,
0x00000224ff8e8de0, 0x0000022545b3d630, 0x0000022545b3ef80, 0x0000022545b3c700,
0x0000022545b3c1f0, 0x0000022545b3db40, 0x0000022545b3cc10, 0x0000022545b3d120,
0x0000022545b3e050, 0x0000022545b3ea70, 0x0000022545b3f490, 0x0000022545b3f9a0,
0x000002254675e000, 0x0000022546760370, 0x000002254675fe60, 0x000002254675cbc0,
0x0000022546760880, 0x0000022546760d90, 0x000002254675daf0, 0x0000022546762bf0,
0x0000022546763100, 0x00000225467617b0, 0x0000022546763610, 0x0000022546763b20,
0x0000022546764540, 0x0000022546761cc0, 0x00000225467621d0, 0x00000225467626e0,
0x0000022546764030, 0x00000224ffaa7800, 0x00000224ffaa72f0, 0x00000224ffaa59a0,
0x00000224ffaa8220, 0x00000224ffaa5490, 0x00000224ffaa7d10, 0x00000224ffaa9660,
0x00000224ffaa9150, 0x00000224ffaa6de0, 0x00000224ffaa8730, 0x00000224ffaa8c40,
0x00000224ffaa5eb0, 0x00000224ffaa9b70, 0x00000224ffaa63c0, 0x00000224ffaaa080,
0x00000224ffaa68d0, 0x00000224ffaac900, 0x00000224ffaaa590, 0x00000224ffaaaaa0,
0x00000224ffaaafb0, 0x00000224ffaac3f0, 0x00000224ffaab4c0, 0x00000224ffaab9d0,
0x00000224ffaabee0, 0x00000224ffaace10, 0x000002254605d340, 0x000002254605a5b0,
0x000002254605bf00, 0x000002254605b4e0, 0x000002254605d850, 0x000002254605dd60,
0x000002254605e270, 0x000002254605c410, 0x000002254605c920, 0x000002254605e780,
0x000002254605ce30, 0x00000225460600d0, 0x00000225460605e0, 0x0000022546061000,
0x0000022546061510, 0x0000022546061a20, 0x00000224ffc2d4c0, 0x00000224ffc2e900,
0x00000224ffc2e3f0, 0x00000224ffc2dee0, 0x00000224ffc2ee10, 0x00000224ffc31180,
0x00000224ffc2d9d0, 0x00000224ffc2fd40, 0x00000224ffc30760, 0x00000224ffc30c70,
0x00000224ffc325c0, 0x00000224ffc30250, 0x00000224ffc31690, 0x00000224ffc32ad0,
0x00000224ffc31ba0, 0x00000224ffc320b0, 0x00000224ffc2f320, 0x00000224ffc32fe0,
0x00000224ffc2f830, 0x00000224ffc334f0, 0x00000224ffc33a00, 0x00000224ffc33f10,
0x00000224ffc34420, 0x00000224ffc34930, 0x00000224ffc34e40, 0x0000022545ad94a0,
0x0000022545ad99b0, 0x0000022545ad9ec0, 0x0000022545adb300, 0x0000022545ad8f90,
0x0000022545ada8e0, 0x0000022545adadf0, 0x0000022545ad8060, 0x0000022545ada3d0,
0x0000022545adb810, 0x0000022545ad8570, 0x0000022545ad8a80, 0x000002254647b620,
0x0000022546478890, 0x000002254647c550, 0x000002254647b110, 0x00000225464792b0,
0x00000225464797c0, 0x0000022546478da0, 0x000002254647ca60, 0x000002254647c040,
0x000002254647bb30, 0x000002254647ac00, 0x000002254647d480, 0x000002254647a6f0,
0x000002254647cf70, 0x0000022546479cd0, 0x000002254647d990, 0x000002254647a1e0,
0x000002254647dea0, 0x000002254647e3b0, 0x000002254647e8c0, 0x000002254647fd00,
0x000002254647edd0, 0x000002254647f2e0, 0x0000022546480210, 0x000002254647f7f0,
0x000002254675ef30, 0x0000022548fb33a0, 0x0000022548fb2e90, 0x0000022548fb38b0,
0x0000022548fb1540, 0x0000022548fb3dc0, 0x0000022548fb42d0, 0x0000022548fb1030,
0x0000022548fb47e0, 0x0000022548fb4cf0, 0x0000022548fb5200, 0x0000022548fb2980,
0x0000022548fb1a50, 0x0000022548fb5710, 0x0000022548fb1f60, 0x0000022548fb5c20,
0x0000022548fb2470, 0x0000022548fb6130, 0x0000022548fb7570, 0x0000022548fb6b50,
0x0000022548fb7f90, 0x0000022548fb7a80, 0x0000022548fb89b0, 0x0000022548fb7060,
0x0000022548fb84a0, 0x000002254605aac0, 0x00000224ff801ed0, 0x00000224ff802e00,
0x00000224ff803d30, 0x00000224ff804240, 0x00000224ff8014b0, 0x00000224ff8023e0,
0x00000224ff8019c0, 0x00000224ff8028f0, 0x00000224ff803310, 0x00000224ff803820,
0x00000224ff804750, 0x00000224ff800fa0, 0x00000224ff805680, 0x00000224ff804c60,
0x00000224ff805b90, 0x000002254ada8fd0, 0x000002254ada9f00, 0x000002254adab850,
0x000002254ada80a0, 0x000002254ada99f0, 0x000002254ada8ac0, 0x000002254adaa410,
0x000002254adabd60, 0x000002254ada94e0, 0x000002254adac270, 0x000002254adacc90,
0x000002254adad1a0, 0x000002254adad6b0, 0x000002254adae0d0, 0x000002254adaf510,
0x000002254adaeaf0, 0x000002254adac780, 0x000002254adadbc0, 0x000002254adaf000,
0x000002254adae5e0, 0x000002254adafa20, 0x000002254675ea20, 0x000002254675f440,
0x00000225487e70d0, 0x00000225487e8510, 0x00000225487e9950, 0x00000225487e8f30,
0x00000225487e7af0, 0x00000225487e9440, 0x00000225487e61a0, 0x00000225487e9e60,
0x00000225487e8a20, 0x00000225487ea370, 0x00000225487ea880, 0x00000225487e8000,
0x00000225487e75e0, 0x00000225487eb2a0, 0x00000225487eef60, 0x00000225487ed610,
0x00000225487edb20, 0x00000225487ee540, 0x00000225487f0dc0, 0x00000225487f17e0,
0x00000225487f4570, 0x00000225487f12d0, 0x00000225487f3640, 0x00000225487f4f90,
0x00000225487f2200, 0x00000225487f4a80, 0x00000225487f3b50, 0x00000225487f59b0,
0x00000225487f2c20, 0x000002254605f6b0, 0x000002254b273ec0, 0x000002254b2734a0,
0x000002254b2743d0, 0x000002254b274df0, 0x000002254b275d20, 0x000002254b272570,
0x000002254b278ab0, 0x000002254b2799e0, 0x000002254b2794d0, 0x000002254b2785a0,
0x000002254b276740, 0x000002254b278fc0, 0x000002254b277160, 0x000002254b276230,
0x000002254b279ef0, 0x000002254b277670, 0x000002254b277b80, 0x000002254b27a400,
0x000002254b276c50, 0x000002254b278090, 0x000002254b27d6a0, 0x000002254b27c260,
0x000002254b27c770, 0x000002254b27e5d0, 0x000002254b27bd50, 0x000002254b27b330,
0x000002254b27b840, 0x000002254b27cc80, 0x000002254b27dbb0, 0x000002254b27ae20,
0x000002254b280430, 0x000002254b27eae0, 0x000002254b27ff20, 0x000002254b27eff0,
0x000002254adaa920, 0x000002255587fae0, 0x000002255587dc80, 0x000002255587f0c0,
0x0000022555881940, 0x0000022555882870, 0x0000022555881430, 0x0000022555883cb0,
0x0000022555881e50, 0x00000225558841c0, 0x0000022555883290, 0x0000022555880a10,
0x0000022555887970, 0x0000022555886530, 0x0000022555887e80, 0x0000022555888390,
0x0000022555884be0, 0x0000022555885600, 0x0000022555886a40, 0x0000022555886f50,
0x00000225558888a0, 0x00000225558850f0, 0x0000022553d281d0, 0x0000022553d286e0,
0x0000022553d29610, 0x0000022553d25e60, 0x0000022553d2af60, 0x0000022553d2b470,
0x0000022553d2a540, 0x0000022553d29b20, 0x0000022553d2cdc0, 0x0000022553d2aa50,
0x0000022553d2d7e0, 0x0000022553d2a030, 0x0000022553d2ec20, 0x0000022553d2b980,
0x0000022553d2d2d0, 0x0000022553d2f130, 0x0000022553d2c3a0, 0x0000022553d2f640,
0x0000022553d30060, 0x0000022553d29100, 0x0000022553d33300, 0x0000022553d34c50,
0x0000022554da52f0, 0x0000022555c35eb0, 0x0000022554ad4790, 0x000002254c4dbce0,
0x0000022558098480, 0x0000022557c5ec80, 0x0000022554ad51b0, 0x0000022555df9c70,
0x0000022555dfac60, 0x0000022552618790, 0x000002255734cc30, 0x0000022556aa7d20,
0x0000022553f62af0, 0x0000022560c67df0, 0x0000022553f63000, 0x0000022560b1abc0,
0x000002255809a2e0, 0x0000022560557900, 0x0000022557833a70, 0x0000022560c673d0,
0x00000225524ae090, 0x0000022560557e10, 0x0000022553f3a810, 0x0000022553f3ad20,
0x00000225566e6e10, 0x00000225566e7320, 0x000002254c4dd630, 0x0000022552f54a20,
0x0000022556aa9260
}

Java Threads: ( => current thread )
  0x00000224c2b1e9b0 JavaThread "main" [_thread_blocked, id=44104, stack(0x000000c64c900000,0x000000c64ca00000)]
  0x00000224fe2e6b60 JavaThread "Reference Handler" daemon [_thread_blocked, id=41128, stack(0x000000c64d000000,0x000000c64d100000)]
  0x00000224fe2e7630 JavaThread "Finalizer" daemon [_thread_blocked, id=31184, stack(0x000000c64d100000,0x000000c64d200000)]
  0x00000224fe2fe000 JavaThread "Signal Dispatcher" daemon [_thread_blocked, id=42568, stack(0x000000c64d200000,0x000000c64d300000)]
  0x00000224fe2fe8d0 JavaThread "Attach Listener" daemon [_thread_blocked, id=16120, stack(0x000000c64d300000,0x000000c64d400000)]
  0x00000224fe2ff940 JavaThread "Service Thread" daemon [_thread_blocked, id=36976, stack(0x000000c64d400000,0x000000c64d500000)]
  0x00000224fe303eb0 JavaThread "Monitor Deflation Thread" daemon [_thread_blocked, id=42760, stack(0x000000c64d500000,0x000000c64d600000)]
  0x00000224fe306a80 JavaThread "C2 CompilerThread0" daemon [_thread_blocked, id=19412, stack(0x000000c64d600000,0x000000c64d700000)]
  0x00000224fe309f50 JavaThread "C1 CompilerThread0" daemon [_thread_blocked, id=29148, stack(0x000000c64d700000,0x000000c64d800000)]
  0x00000224fe30d010 JavaThread "Sweeper thread" daemon [_thread_blocked, id=28484, stack(0x000000c64d800000,0x000000c64d900000)]
  0x00000224ff2465a0 JavaThread "Common-Cleaner" daemon [_thread_blocked, id=39324, stack(0x000000c64d900000,0x000000c64da00000)]
  0x00000224ff43d8e0 JavaThread "Notification Thread" daemon [_thread_blocked, id=32760, stack(0x000000c64de00000,0x000000c64df00000)]
  0x0000022546044da0 JavaThread "Daemon health stats" [_thread_blocked, id=42744, stack(0x000000c64e500000,0x000000c64e600000)]
  0x00000224ff6e7180 JavaThread "Incoming local TCP Connector on port 65196" [_thread_in_native, id=37824, stack(0x000000c64dd00000,0x000000c64de00000)]
  0x000002254601dde0 JavaThread "Daemon periodic checks" [_thread_blocked, id=24684, stack(0x000000c64e600000,0x000000c64e700000)]
  0x00000225457c1440 JavaThread "Daemon" [_thread_blocked, id=25708, stack(0x000000c64e700000,0x000000c64e800000)]
  0x00000224ff8e8de0 JavaThread "Handler for socket connection from /127.0.0.1:65196 to /127.0.0.1:65197" [_thread_in_native, id=23580, stack(0x000000c64e800000,0x000000c64e900000)]
  0x0000022545b3d630 JavaThread "Cancel handler" [_thread_blocked, id=32776, stack(0x000000c64e900000,0x000000c64ea00000)]
  0x0000022545b3ef80 JavaThread "Daemon worker" [_thread_blocked, id=30172, stack(0x000000c64ea00000,0x000000c64eb00000)]
  0x0000022545b3c700 JavaThread "Asynchronous log dispatcher for DefaultDaemonConnection: socket connection from /127.0.0.1:65196 to /127.0.0.1:65197" [_thread_blocked, id=6392, stack(0x000000c64eb00000,0x000000c64ec00000)]
  0x0000022545b3c1f0 JavaThread "Stdin handler" [_thread_blocked, id=40356, stack(0x000000c64ec00000,0x000000c64ed00000)]
  0x0000022545b3db40 JavaThread "Daemon client event forwarder" [_thread_blocked, id=31352, stack(0x000000c64ed00000,0x000000c64ee00000)]
  0x0000022545b3cc10 JavaThread "Cache worker for journal cache (C:\Users\VICTUS\.gradle\caches\journal-1)" [_thread_blocked, id=3464, stack(0x000000c64ee00000,0x000000c64ef00000)]
  0x0000022545b3d120 JavaThread "File lock request listener" [_thread_in_native, id=44664, stack(0x000000c64ef00000,0x000000c64f000000)]
  0x0000022545b3e050 JavaThread "Cache worker for file hash cache (C:\Users\VICTUS\.gradle\caches\8.14\fileHashes)" [_thread_blocked, id=33556, stack(0x000000c64f100000,0x000000c64f200000)]
  0x0000022545b3ea70 JavaThread "Cache worker for file hash cache (E:\KaamSetu_Phase4_Final\KaamSetu_Phase4C_ProfessionalInfo\android\.gradle\8.14\fileHashes)" [_thread_blocked, id=31880, stack(0x000000c64fa00000,0x000000c64fb00000)]
  0x0000022545b3f490 JavaThread "Cache worker for Build Output Cleanup Cache (E:\KaamSetu_Phase4_Final\KaamSetu_Phase4C_ProfessionalInfo\android\.gradle\buildOutputCleanup)" [_thread_blocked, id=25264, stack(0x000000c64fb00000,0x000000c64fc00000)]
  0x0000022545b3f9a0 JavaThread "File watcher server" daemon [_thread_blocked, id=11224, stack(0x000000c64fe00000,0x000000c64ff00000)]
  0x000002254675e000 JavaThread "File watcher consumer" daemon [_thread_blocked, id=23992, stack(0x000000c64ff00000,0x000000c650000000)]
  0x0000022546760370 JavaThread "Cache worker for checksums cache (E:\KaamSetu_Phase4_Final\KaamSetu_Phase4C_ProfessionalInfo\android\.gradle\8.14\checksums)" [_thread_blocked, id=6984, stack(0x000000c650200000,0x000000c650300000)]
  0x000002254675fe60 JavaThread "Cache worker for file content cache (C:\Users\VICTUS\.gradle\caches\8.14\fileContent)" [_thread_blocked, id=16688, stack(0x000000c650300000,0x000000c650400000)]
  0x000002254675cbc0 JavaThread "Cache worker for cache directory md-supplier (C:\Users\VICTUS\.gradle\caches\8.14\md-supplier)" [_thread_blocked, id=36500, stack(0x000000c650400000,0x000000c650500000)]
  0x0000022546760880 JavaThread "Cache worker for cache directory md-rule (C:\Users\VICTUS\.gradle\caches\8.14\md-rule)" [_thread_blocked, id=35120, stack(0x000000c650500000,0x000000c650600000)]
  0x0000022546760d90 JavaThread "Cache worker for Build Output Cleanup Cache (C:\dev\flutter\packages\flutter_tools\gradle\.gradle\buildOutputCleanup)" [_thread_blocked, id=5828, stack(0x000000c650600000,0x000000c650700000)]
  0x000002254675daf0 JavaThread "Unconstrained build operations" [_thread_blocked, id=4216, stack(0x000000c650000000,0x000000c650100000)]
  0x0000022546762bf0 JavaThread "Unconstrained build operations Thread 2" [_thread_blocked, id=17588, stack(0x000000c650100000,0x000000c650200000)]
  0x0000022546763100 JavaThread "Unconstrained build operations Thread 3" [_thread_blocked, id=30020, stack(0x000000c650800000,0x000000c650900000)]
  0x00000225467617b0 JavaThread "Unconstrained build operations Thread 4" [_thread_blocked, id=43760, stack(0x000000c650900000,0x000000c650a00000)]
  0x0000022546763610 JavaThread "Unconstrained build operations Thread 5" [_thread_blocked, id=8008, stack(0x000000c650a00000,0x000000c650b00000)]
  0x0000022546763b20 JavaThread "Unconstrained build operations Thread 6" [_thread_blocked, id=39576, stack(0x000000c650b00000,0x000000c650c00000)]
  0x0000022546764540 JavaThread "Unconstrained build operations Thread 7" [_thread_blocked, id=3040, stack(0x000000c650c00000,0x000000c650d00000)]
  0x0000022546761cc0 JavaThread "Unconstrained build operations Thread 8" [_thread_blocked, id=30692, stack(0x000000c650d00000,0x000000c650e00000)]
  0x00000225467621d0 JavaThread "Unconstrained build operations Thread 9" [_thread_blocked, id=26324, stack(0x000000c650e00000,0x000000c650f00000)]
  0x00000225467626e0 JavaThread "Unconstrained build operations Thread 10" [_thread_blocked, id=30520, stack(0x000000c650f00000,0x000000c651000000)]
  0x0000022546764030 JavaThread "Unconstrained build operations Thread 11" [_thread_blocked, id=21196, stack(0x000000c651000000,0x000000c651100000)]
  0x00000224ffaa7800 JavaThread "Unconstrained build operations Thread 12" [_thread_blocked, id=14928, stack(0x000000c651100000,0x000000c651200000)]
  0x00000224ffaa72f0 JavaThread "Unconstrained build operations Thread 13" [_thread_blocked, id=32292, stack(0x000000c651200000,0x000000c651300000)]
  0x00000224ffaa59a0 JavaThread "Unconstrained build operations Thread 14" [_thread_blocked, id=43072, stack(0x000000c651300000,0x000000c651400000)]
  0x00000224ffaa8220 JavaThread "Unconstrained build operations Thread 15" [_thread_blocked, id=17132, stack(0x000000c651400000,0x000000c651500000)]
  0x00000224ffaa5490 JavaThread "Unconstrained build operations Thread 16" [_thread_blocked, id=480, stack(0x000000c651500000,0x000000c651600000)]
  0x00000224ffaa7d10 JavaThread "Unconstrained build operations Thread 17" [_thread_blocked, id=10800, stack(0x000000c651600000,0x000000c651700000)]
  0x00000224ffaa9660 JavaThread "Unconstrained build operations Thread 18" [_thread_blocked, id=8760, stack(0x000000c651700000,0x000000c651800000)]
  0x00000224ffaa9150 JavaThread "Unconstrained build operations Thread 19" [_thread_blocked, id=26812, stack(0x000000c651800000,0x000000c651900000)]
  0x00000224ffaa6de0 JavaThread "Unconstrained build operations Thread 20" [_thread_blocked, id=17484, stack(0x000000c651900000,0x000000c651a00000)]
  0x00000224ffaa8730 JavaThread "Unconstrained build operations Thread 21" [_thread_blocked, id=26460, stack(0x000000c651a00000,0x000000c651b00000)]
  0x00000224ffaa8c40 JavaThread "Unconstrained build operations Thread 22" [_thread_blocked, id=21096, stack(0x000000c651b00000,0x000000c651c00000)]
  0x00000224ffaa5eb0 JavaThread "Unconstrained build operations Thread 23" [_thread_blocked, id=8096, stack(0x000000c651c00000,0x000000c651d00000)]
  0x00000224ffaa9b70 JavaThread "Unconstrained build operations Thread 24" [_thread_blocked, id=23412, stack(0x000000c651d00000,0x000000c651e00000)]
  0x00000224ffaa63c0 JavaThread "Unconstrained build operations Thread 25" [_thread_blocked, id=44436, stack(0x000000c651e00000,0x000000c651f00000)]
  0x00000224ffaaa080 JavaThread "Unconstrained build operations Thread 26" [_thread_blocked, id=6384, stack(0x000000c651f00000,0x000000c652000000)]
  0x00000224ffaa68d0 JavaThread "Unconstrained build operations Thread 27" [_thread_blocked, id=40432, stack(0x000000c652000000,0x000000c652100000)]
  0x00000224ffaac900 JavaThread "Unconstrained build operations Thread 28" [_thread_blocked, id=6348, stack(0x000000c652100000,0x000000c652200000)]
  0x00000224ffaaa590 JavaThread "Unconstrained build operations Thread 29" [_thread_blocked, id=12276, stack(0x000000c652200000,0x000000c652300000)]
  0x00000224ffaaaaa0 JavaThread "Unconstrained build operations Thread 30" [_thread_blocked, id=24488, stack(0x000000c652300000,0x000000c652400000)]
  0x00000224ffaaafb0 JavaThread "Unconstrained build operations Thread 31" [_thread_blocked, id=21116, stack(0x000000c652400000,0x000000c652500000)]
  0x00000224ffaac3f0 JavaThread "Unconstrained build operations Thread 32" [_thread_blocked, id=42836, stack(0x000000c652500000,0x000000c652600000)]
  0x00000224ffaab4c0 JavaThread "Unconstrained build operations Thread 33" [_thread_blocked, id=15648, stack(0x000000c652600000,0x000000c652700000)]
  0x00000224ffaab9d0 JavaThread "Unconstrained build operations Thread 34" [_thread_blocked, id=17420, stack(0x000000c652700000,0x000000c652800000)]
  0x00000224ffaabee0 JavaThread "Unconstrained build operations Thread 35" [_thread_blocked, id=2856, stack(0x000000c652800000,0x000000c652900000)]
  0x00000224ffaace10 JavaThread "Unconstrained build operations Thread 36" [_thread_blocked, id=13484, stack(0x000000c652900000,0x000000c652a00000)]
  0x000002254605d340 JavaThread "Unconstrained build operations Thread 37" [_thread_blocked, id=46068, stack(0x000000c652a00000,0x000000c652b00000)]
  0x000002254605a5b0 JavaThread "Unconstrained build operations Thread 38" [_thread_blocked, id=12824, stack(0x000000c652b00000,0x000000c652c00000)]
  0x000002254605bf00 JavaThread "Unconstrained build operations Thread 39" [_thread_blocked, id=31736, stack(0x000000c652c00000,0x000000c652d00000)]
  0x000002254605b4e0 JavaThread "Unconstrained build operations Thread 40" [_thread_blocked, id=45804, stack(0x000000c652d00000,0x000000c652e00000)]
  0x000002254605d850 JavaThread "Unconstrained build operations Thread 41" [_thread_blocked, id=22888, stack(0x000000c652e00000,0x000000c652f00000)]
  0x000002254605dd60 JavaThread "Unconstrained build operations Thread 42" [_thread_blocked, id=27080, stack(0x000000c652f00000,0x000000c653000000)]
  0x000002254605e270 JavaThread "Unconstrained build operations Thread 43" [_thread_blocked, id=34792, stack(0x000000c653000000,0x000000c653100000)]
  0x000002254605c410 JavaThread "Unconstrained build operations Thread 44" [_thread_blocked, id=26444, stack(0x000000c653100000,0x000000c653200000)]
  0x000002254605c920 JavaThread "Unconstrained build operations Thread 45" [_thread_blocked, id=44556, stack(0x000000c653200000,0x000000c653300000)]
  0x000002254605e780 JavaThread "Memory manager" [_thread_blocked, id=30660, stack(0x000000c653300000,0x000000c653400000)]
  0x000002254605ce30 JavaThread "build event listener" [_thread_blocked, id=12076, stack(0x000000c64f000000,0x000000c64f100000)]
  0x00000225460600d0 JavaThread "Execution worker" [_thread_blocked, id=26372, stack(0x000000c653700000,0x000000c653800000)]
  0x00000225460605e0 JavaThread "Execution worker Thread 2" [_thread_blocked, id=32496, stack(0x000000c653800000,0x000000c653900000)]
  0x0000022546061000 JavaThread "Execution worker Thread 3" [_thread_blocked, id=7828, stack(0x000000c653900000,0x000000c653a00000)]
  0x0000022546061510 JavaThread "Execution worker Thread 4" [_thread_blocked, id=23948, stack(0x000000c653a00000,0x000000c653b00000)]
  0x0000022546061a20 JavaThread "Execution worker Thread 5" [_thread_blocked, id=38072, stack(0x000000c653b00000,0x000000c653c00000)]
  0x00000224ffc2d4c0 JavaThread "Execution worker Thread 6" [_thread_blocked, id=45004, stack(0x000000c653c00000,0x000000c653d00000)]
  0x00000224ffc2e900 JavaThread "Execution worker Thread 7" [_thread_blocked, id=15332, stack(0x000000c653d00000,0x000000c653e00000)]
  0x00000224ffc2e3f0 JavaThread "Execution worker Thread 8" [_thread_blocked, id=45488, stack(0x000000c653e00000,0x000000c653f00000)]
  0x00000224ffc2dee0 JavaThread "Execution worker Thread 9" [_thread_blocked, id=14184, stack(0x000000c653f00000,0x000000c654000000)]
  0x00000224ffc2ee10 JavaThread "Execution worker Thread 10" [_thread_blocked, id=20012, stack(0x000000c654000000,0x000000c654100000)]
  0x00000224ffc31180 JavaThread "Execution worker Thread 11" [_thread_blocked, id=1904, stack(0x000000c654100000,0x000000c654200000)]
  0x00000224ffc2d9d0 JavaThread "Execution worker Thread 12" [_thread_blocked, id=12572, stack(0x000000c654200000,0x000000c654300000)]
  0x00000224ffc2fd40 JavaThread "Execution worker Thread 13" [_thread_blocked, id=45552, stack(0x000000c654300000,0x000000c654400000)]
  0x00000224ffc30760 JavaThread "Execution worker Thread 14" [_thread_blocked, id=35752, stack(0x000000c654400000,0x000000c654500000)]
  0x00000224ffc30c70 JavaThread "Execution worker Thread 15" [_thread_blocked, id=5392, stack(0x000000c654500000,0x000000c654600000)]
  0x00000224ffc325c0 JavaThread "Cache worker for execution history cache (C:\dev\flutter\packages\flutter_tools\gradle\.gradle\8.14\executionHistory)" [_thread_blocked, id=18136, stack(0x000000c654600000,0x000000c654700000)]
  0x00000224ffc30250 JavaThread "Unconstrained build operations Thread 46" [_thread_blocked, id=28900, stack(0x000000c653500000,0x000000c653600000)]
  0x00000224ffc31690 JavaThread "Unconstrained build operations Thread 47" [_thread_blocked, id=4692, stack(0x000000c654700000,0x000000c654800000)]
  0x00000224ffc32ad0 JavaThread "Unconstrained build operations Thread 48" [_thread_blocked, id=30760, stack(0x000000c654800000,0x000000c654900000)]
  0x00000224ffc31ba0 JavaThread "Unconstrained build operations Thread 49" [_thread_blocked, id=45932, stack(0x000000c654900000,0x000000c654a00000)]
  0x00000224ffc320b0 JavaThread "Unconstrained build operations Thread 50" [_thread_blocked, id=31604, stack(0x000000c654a00000,0x000000c654b00000)]
  0x00000224ffc2f320 JavaThread "Unconstrained build operations Thread 51" [_thread_blocked, id=17988, stack(0x000000c654b00000,0x000000c654c00000)]
  0x00000224ffc32fe0 JavaThread "Unconstrained build operations Thread 52" [_thread_blocked, id=31376, stack(0x000000c654c00000,0x000000c654d00000)]
  0x00000224ffc2f830 JavaThread "Unconstrained build operations Thread 53" [_thread_blocked, id=39360, stack(0x000000c654d00000,0x000000c654e00000)]
  0x00000224ffc334f0 JavaThread "Unconstrained build operations Thread 54" [_thread_blocked, id=44700, stack(0x000000c654e00000,0x000000c654f00000)]
  0x00000224ffc33a00 JavaThread "Unconstrained build operations Thread 55" [_thread_blocked, id=23456, stack(0x000000c654f00000,0x000000c655000000)]
  0x00000224ffc33f10 JavaThread "Unconstrained build operations Thread 56" [_thread_blocked, id=8376, stack(0x000000c655000000,0x000000c655100000)]
  0x00000224ffc34420 JavaThread "Unconstrained build operations Thread 57" [_thread_blocked, id=41528, stack(0x000000c655100000,0x000000c655200000)]
  0x00000224ffc34930 JavaThread "Unconstrained build operations Thread 58" [_thread_blocked, id=38632, stack(0x000000c655200000,0x000000c655300000)]
  0x00000224ffc34e40 JavaThread "Unconstrained build operations Thread 59" [_thread_blocked, id=42060, stack(0x000000c655300000,0x000000c655400000)]
  0x0000022545ad94a0 JavaThread "Unconstrained build operations Thread 60" [_thread_blocked, id=33244, stack(0x000000c655400000,0x000000c655500000)]
  0x0000022545ad99b0 JavaThread "Unconstrained build operations Thread 61" [_thread_blocked, id=44968, stack(0x000000c655500000,0x000000c655600000)]
  0x0000022545ad9ec0 JavaThread "Unconstrained build operations Thread 62" [_thread_blocked, id=43636, stack(0x000000c655600000,0x000000c655700000)]
  0x0000022545adb300 JavaThread "Unconstrained build operations Thread 63" [_thread_blocked, id=39536, stack(0x000000c655700000,0x000000c655800000)]
  0x0000022545ad8f90 JavaThread "Unconstrained build operations Thread 64" [_thread_blocked, id=23784, stack(0x000000c655800000,0x000000c655900000)]
  0x0000022545ada8e0 JavaThread "Unconstrained build operations Thread 65" [_thread_blocked, id=41588, stack(0x000000c655900000,0x000000c655a00000)]
  0x0000022545adadf0 JavaThread "Unconstrained build operations Thread 66" [_thread_blocked, id=30648, stack(0x000000c655a00000,0x000000c655b00000)]
  0x0000022545ad8060 JavaThread "Unconstrained build operations Thread 67" [_thread_blocked, id=18248, stack(0x000000c655b00000,0x000000c655c00000)]
  0x0000022545ada3d0 JavaThread "Unconstrained build operations Thread 68" [_thread_blocked, id=1676, stack(0x000000c655c00000,0x000000c655d00000)]
  0x0000022545adb810 JavaThread "Unconstrained build operations Thread 69" [_thread_blocked, id=41888, stack(0x000000c655d00000,0x000000c655e00000)]
  0x0000022545ad8570 JavaThread "Unconstrained build operations Thread 70" [_thread_blocked, id=8868, stack(0x000000c655e00000,0x000000c655f00000)]
  0x0000022545ad8a80 JavaThread "Unconstrained build operations Thread 71" [_thread_blocked, id=42956, stack(0x000000c655f00000,0x000000c656000000)]
  0x000002254647b620 JavaThread "Unconstrained build operations Thread 72" [_thread_blocked, id=38480, stack(0x000000c656000000,0x000000c656100000)]
  0x0000022546478890 JavaThread "Unconstrained build operations Thread 73" [_thread_blocked, id=3796, stack(0x000000c656100000,0x000000c656200000)]
  0x000002254647c550 JavaThread "Unconstrained build operations Thread 74" [_thread_blocked, id=31656, stack(0x000000c656200000,0x000000c656300000)]
  0x000002254647b110 JavaThread "Unconstrained build operations Thread 75" [_thread_blocked, id=31940, stack(0x000000c656300000,0x000000c656400000)]
  0x00000225464792b0 JavaThread "Unconstrained build operations Thread 76" [_thread_blocked, id=31036, stack(0x000000c656400000,0x000000c656500000)]
  0x00000225464797c0 JavaThread "Unconstrained build operations Thread 77" [_thread_blocked, id=45636, stack(0x000000c656500000,0x000000c656600000)]
  0x0000022546478da0 JavaThread "Unconstrained build operations Thread 78" [_thread_blocked, id=18920, stack(0x000000c656600000,0x000000c656700000)]
  0x000002254647ca60 JavaThread "Unconstrained build operations Thread 79" [_thread_blocked, id=2664, stack(0x000000c656700000,0x000000c656800000)]
  0x000002254647c040 JavaThread "Unconstrained build operations Thread 80" [_thread_blocked, id=14088, stack(0x000000c656800000,0x000000c656900000)]
  0x000002254647bb30 JavaThread "Unconstrained build operations Thread 81" [_thread_blocked, id=43020, stack(0x000000c656900000,0x000000c656a00000)]
  0x000002254647ac00 JavaThread "Unconstrained build operations Thread 82" [_thread_blocked, id=15200, stack(0x000000c656a00000,0x000000c656b00000)]
  0x000002254647d480 JavaThread "Unconstrained build operations Thread 83" [_thread_blocked, id=25540, stack(0x000000c656b00000,0x000000c656c00000)]
  0x000002254647a6f0 JavaThread "Unconstrained build operations Thread 84" [_thread_blocked, id=23400, stack(0x000000c656c00000,0x000000c656d00000)]
  0x000002254647cf70 JavaThread "Unconstrained build operations Thread 85" [_thread_blocked, id=34884, stack(0x000000c656d00000,0x000000c656e00000)]
  0x0000022546479cd0 JavaThread "Unconstrained build operations Thread 86" [_thread_blocked, id=6916, stack(0x000000c656e00000,0x000000c656f00000)]
  0x000002254647d990 JavaThread "Unconstrained build operations Thread 87" [_thread_blocked, id=26332, stack(0x000000c656f00000,0x000000c657000000)]
  0x000002254647a1e0 JavaThread "Unconstrained build operations Thread 88" [_thread_blocked, id=36516, stack(0x000000c657000000,0x000000c657100000)]
  0x000002254647dea0 JavaThread "Unconstrained build operations Thread 89" [_thread_blocked, id=30756, stack(0x000000c657100000,0x000000c657200000)]
  0x000002254647e3b0 JavaThread "Unconstrained build operations Thread 90" [_thread_blocked, id=32980, stack(0x000000c657200000,0x000000c657300000)]
  0x000002254647e8c0 JavaThread "Unconstrained build operations Thread 91" [_thread_blocked, id=36700, stack(0x000000c657300000,0x000000c657400000)]
  0x000002254647fd00 JavaThread "Unconstrained build operations Thread 92" [_thread_blocked, id=36496, stack(0x000000c64f200000,0x000000c64f300000)]
  0x000002254647edd0 JavaThread "Unconstrained build operations Thread 93" [_thread_blocked, id=24368, stack(0x000000c653400000,0x000000c653500000)]
  0x000002254647f2e0 JavaThread "Unconstrained build operations Thread 94" [_thread_blocked, id=26240, stack(0x000000c657400000,0x000000c657500000)]
  0x0000022546480210 JavaThread "Unconstrained build operations Thread 95" [_thread_blocked, id=8232, stack(0x000000c657500000,0x000000c657600000)]
  0x000002254647f7f0 JavaThread "Unconstrained build operations Thread 96" [_thread_blocked, id=4608, stack(0x000000c657600000,0x000000c657700000)]
  0x000002254675ef30 JavaThread "Unconstrained build operations Thread 97" [_thread_blocked, id=28560, stack(0x000000c657700000,0x000000c657800000)]
  0x0000022548fb33a0 JavaThread "Unconstrained build operations Thread 98" [_thread_blocked, id=27024, stack(0x000000c657800000,0x000000c657900000)]
  0x0000022548fb2e90 JavaThread "Unconstrained build operations Thread 99" [_thread_blocked, id=32356, stack(0x000000c657900000,0x000000c657a00000)]
  0x0000022548fb38b0 JavaThread "Unconstrained build operations Thread 100" [_thread_blocked, id=20404, stack(0x000000c657a00000,0x000000c657b00000)]
  0x0000022548fb1540 JavaThread "Unconstrained build operations Thread 101" [_thread_blocked, id=30896, stack(0x000000c657b00000,0x000000c657c00000)]
  0x0000022548fb3dc0 JavaThread "Unconstrained build operations Thread 102" [_thread_blocked, id=12176, stack(0x000000c657c00000,0x000000c657d00000)]
  0x0000022548fb42d0 JavaThread "Unconstrained build operations Thread 103" [_thread_blocked, id=43184, stack(0x000000c657d00000,0x000000c657e00000)]
  0x0000022548fb1030 JavaThread "Unconstrained build operations Thread 104" [_thread_blocked, id=23336, stack(0x000000c657e00000,0x000000c657f00000)]
  0x0000022548fb47e0 JavaThread "Unconstrained build operations Thread 105" [_thread_blocked, id=7228, stack(0x000000c657f00000,0x000000c658000000)]
  0x0000022548fb4cf0 JavaThread "Unconstrained build operations Thread 106" [_thread_blocked, id=45868, stack(0x000000c658000000,0x000000c658100000)]
  0x0000022548fb5200 JavaThread "Unconstrained build operations Thread 107" [_thread_blocked, id=40264, stack(0x000000c658200000,0x000000c658300000)]
  0x0000022548fb2980 JavaThread "Unconstrained build operations Thread 108" [_thread_blocked, id=34032, stack(0x000000c658300000,0x000000c658400000)]
  0x0000022548fb1a50 JavaThread "Unconstrained build operations Thread 109" [_thread_blocked, id=31296, stack(0x000000c658400000,0x000000c658500000)]
  0x0000022548fb5710 JavaThread "Unconstrained build operations Thread 110" [_thread_blocked, id=34624, stack(0x000000c658500000,0x000000c658600000)]
  0x0000022548fb1f60 JavaThread "Unconstrained build operations Thread 111" [_thread_blocked, id=28440, stack(0x000000c658600000,0x000000c658700000)]
  0x0000022548fb5c20 JavaThread "Unconstrained build operations Thread 112" [_thread_blocked, id=40776, stack(0x000000c658700000,0x000000c658800000)]
  0x0000022548fb2470 JavaThread "Unconstrained build operations Thread 113" [_thread_blocked, id=34820, stack(0x000000c658800000,0x000000c658900000)]
  0x0000022548fb6130 JavaThread "Unconstrained build operations Thread 114" [_thread_blocked, id=24244, stack(0x000000c658900000,0x000000c658a00000)]
  0x0000022548fb7570 JavaThread "Unconstrained build operations Thread 115" [_thread_blocked, id=29384, stack(0x000000c658a00000,0x000000c658b00000)]
  0x0000022548fb6b50 JavaThread "Unconstrained build operations Thread 116" [_thread_blocked, id=39960, stack(0x000000c658b00000,0x000000c658c00000)]
  0x0000022548fb7f90 JavaThread "Unconstrained build operations Thread 117" [_thread_blocked, id=29432, stack(0x000000c658c00000,0x000000c658d00000)]
  0x0000022548fb7a80 JavaThread "Unconstrained build operations Thread 118" [_thread_blocked, id=44828, stack(0x000000c658d00000,0x000000c658e00000)]
  0x0000022548fb89b0 JavaThread "Unconstrained build operations Thread 119" [_thread_blocked, id=16780, stack(0x000000c658e00000,0x000000c658f00000)]
  0x0000022548fb7060 JavaThread "Unconstrained build operations Thread 120" [_thread_blocked, id=12556, stack(0x000000c658f00000,0x000000c659000000)]
  0x0000022548fb84a0 JavaThread "Unconstrained build operations Thread 121" [_thread_blocked, id=22532, stack(0x000000c659000000,0x000000c659100000)]
  0x000002254605aac0 JavaThread "Unconstrained build operations Thread 122" [_thread_blocked, id=43916, stack(0x000000c659100000,0x000000c659200000)]
  0x00000224ff801ed0 JavaThread "Unconstrained build operations Thread 123" [_thread_blocked, id=7988, stack(0x000000c659200000,0x000000c659300000)]
  0x00000224ff802e00 JavaThread "Unconstrained build operations Thread 124" [_thread_blocked, id=42384, stack(0x000000c659300000,0x000000c659400000)]
  0x00000224ff803d30 JavaThread "Unconstrained build operations Thread 125" [_thread_blocked, id=31004, stack(0x000000c659400000,0x000000c659500000)]
  0x00000224ff804240 JavaThread "Unconstrained build operations Thread 126" [_thread_blocked, id=21436, stack(0x000000c659500000,0x000000c659600000)]
  0x00000224ff8014b0 JavaThread "Unconstrained build operations Thread 127" [_thread_blocked, id=31316, stack(0x000000c659600000,0x000000c659700000)]
  0x00000224ff8023e0 JavaThread "Unconstrained build operations Thread 128" [_thread_blocked, id=16884, stack(0x000000c659700000,0x000000c659800000)]
  0x00000224ff8019c0 JavaThread "Unconstrained build operations Thread 129" [_thread_blocked, id=37428, stack(0x000000c659800000,0x000000c659900000)]
  0x00000224ff8028f0 JavaThread "Unconstrained build operations Thread 130" [_thread_blocked, id=28816, stack(0x000000c659900000,0x000000c659a00000)]
  0x00000224ff803310 JavaThread "Unconstrained build operations Thread 131" [_thread_blocked, id=28532, stack(0x000000c659a00000,0x000000c659b00000)]
  0x00000224ff803820 JavaThread "Unconstrained build operations Thread 132" [_thread_blocked, id=8012, stack(0x000000c659b00000,0x000000c659c00000)]
  0x00000224ff804750 JavaThread "Unconstrained build operations Thread 133" [_thread_blocked, id=14404, stack(0x000000c659c00000,0x000000c659d00000)]
  0x00000224ff800fa0 JavaThread "Unconstrained build operations Thread 134" [_thread_blocked, id=41060, stack(0x000000c659d00000,0x000000c659e00000)]
  0x00000224ff805680 JavaThread "Unconstrained build operations Thread 135" [_thread_blocked, id=16956, stack(0x000000c659e00000,0x000000c659f00000)]
  0x00000224ff804c60 JavaThread "Unconstrained build operations Thread 136" [_thread_blocked, id=5584, stack(0x000000c659f00000,0x000000c65a000000)]
  0x00000224ff805b90 JavaThread "build event listener" [_thread_blocked, id=42712, stack(0x000000c64dc00000,0x000000c64dd00000)]
  0x000002254ada8fd0 JavaThread "jar transforms" [_thread_blocked, id=33180, stack(0x000000c65a300000,0x000000c65a400000)]
  0x000002254ada9f00 JavaThread "Unconstrained build operations Thread 137" [_thread_blocked, id=26940, stack(0x000000c65a400000,0x000000c65a500000)]
  0x000002254adab850 JavaThread "Unconstrained build operations Thread 138" [_thread_blocked, id=27724, stack(0x000000c65a500000,0x000000c65a600000)]
  0x000002254ada80a0 JavaThread "Unconstrained build operations Thread 139" [_thread_blocked, id=43956, stack(0x000000c65a600000,0x000000c65a700000)]
  0x000002254ada99f0 JavaThread "Unconstrained build operations Thread 140" [_thread_blocked, id=38356, stack(0x000000c65a700000,0x000000c65a800000)]
  0x000002254ada8ac0 JavaThread "Unconstrained build operations Thread 141" [_thread_blocked, id=36908, stack(0x000000c65a800000,0x000000c65a900000)]
  0x000002254adaa410 JavaThread "Unconstrained build operations Thread 142" [_thread_blocked, id=13480, stack(0x000000c65a900000,0x000000c65aa00000)]
  0x000002254adabd60 JavaThread "Unconstrained build operations Thread 143" [_thread_blocked, id=17652, stack(0x000000c65aa00000,0x000000c65ab00000)]
  0x000002254ada94e0 JavaThread "Unconstrained build operations Thread 144" [_thread_blocked, id=38328, stack(0x000000c65ab00000,0x000000c65ac00000)]
  0x000002254adac270 JavaThread "Unconstrained build operations Thread 145" [_thread_blocked, id=19040, stack(0x000000c65ac00000,0x000000c65ad00000)]
  0x000002254adacc90 JavaThread "Unconstrained build operations Thread 146" [_thread_blocked, id=45416, stack(0x000000c65ad00000,0x000000c65ae00000)]
  0x000002254adad1a0 JavaThread "Unconstrained build operations Thread 147" [_thread_blocked, id=28224, stack(0x000000c65ae00000,0x000000c65af00000)]
  0x000002254adad6b0 JavaThread "Unconstrained build operations Thread 148" [_thread_blocked, id=24636, stack(0x000000c65af00000,0x000000c65b000000)]
  0x000002254adae0d0 JavaThread "Unconstrained build operations Thread 149" [_thread_blocked, id=22008, stack(0x000000c65b000000,0x000000c65b100000)]
  0x000002254adaf510 JavaThread "Unconstrained build operations Thread 150" [_thread_blocked, id=44452, stack(0x000000c65b100000,0x000000c65b200000)]
  0x000002254adaeaf0 JavaThread "Unconstrained build operations Thread 151" [_thread_blocked, id=41788, stack(0x000000c65b200000,0x000000c65b300000)]
  0x000002254adac780 JavaThread "Unconstrained build operations Thread 152" [_thread_blocked, id=41020, stack(0x000000c65a200000,0x000000c65a300000)]
  0x000002254adadbc0 JavaThread "Unconstrained build operations Thread 153" [_thread_blocked, id=11588, stack(0x000000c65b300000,0x000000c65b400000)]
  0x000002254adaf000 JavaThread "Unconstrained build operations Thread 154" [_thread_blocked, id=4600, stack(0x000000c65b400000,0x000000c65b500000)]
  0x000002254adae5e0 JavaThread "Unconstrained build operations Thread 155" [_thread_blocked, id=20264, stack(0x000000c65b500000,0x000000c65b600000)]
  0x000002254adafa20 JavaThread "Unconstrained build operations Thread 156" [_thread_blocked, id=4968, stack(0x000000c65b600000,0x000000c65b700000)]
  0x000002254675ea20 JavaThread "Unconstrained build operations Thread 157" [_thread_blocked, id=25984, stack(0x000000c65b700000,0x000000c65b800000)]
  0x000002254675f440 JavaThread "Unconstrained build operations Thread 158" [_thread_blocked, id=20292, stack(0x000000c65b800000,0x000000c65b900000)]
  0x00000225487e70d0 JavaThread "Unconstrained build operations Thread 159" [_thread_blocked, id=11732, stack(0x000000c65b900000,0x000000c65ba00000)]
  0x00000225487e8510 JavaThread "Unconstrained build operations Thread 160" [_thread_blocked, id=8144, stack(0x000000c65ba00000,0x000000c65bb00000)]
  0x00000225487e9950 JavaThread "jar transforms Thread 2" [_thread_blocked, id=29428, stack(0x000000c64da00000,0x000000c64db00000)]
  0x00000225487e8f30 JavaThread "Problems report writer" [_thread_blocked, id=6688, stack(0x000000c64db00000,0x000000c64dc00000)]
  0x00000225487e7af0 JavaThread "jar transforms Thread 3" [_thread_blocked, id=39596, stack(0x000000c65a100000,0x000000c65a200000)]
  0x00000225487e9440 JavaThread "jar transforms Thread 4" [_thread_blocked, id=9560, stack(0x000000c65bb00000,0x000000c65bc00000)]
  0x00000225487e61a0 JavaThread "jar transforms Thread 5" [_thread_blocked, id=29624, stack(0x000000c64c700000,0x000000c64c800000)]
  0x00000225487e9e60 JavaThread "jar transforms Thread 6" [_thread_blocked, id=41944, stack(0x000000c64c800000,0x000000c64c900000)]
  0x00000225487e8a20 JavaThread "jar transforms Thread 7" [_thread_blocked, id=13396, stack(0x000000c65bf00000,0x000000c65c000000)]
  0x00000225487ea370 JavaThread "jar transforms Thread 8" [_thread_blocked, id=35328, stack(0x000000c65c000000,0x000000c65c100000)]
  0x00000225487ea880 JavaThread "jar transforms Thread 9" [_thread_blocked, id=32820, stack(0x000000c65bc00000,0x000000c65bd00000)]
  0x00000225487e8000 JavaThread "jar transforms Thread 10" [_thread_blocked, id=39852, stack(0x000000c65bd00000,0x000000c65be00000)]
  0x00000225487e75e0 JavaThread "jar transforms Thread 11" [_thread_blocked, id=37344, stack(0x000000c65c100000,0x000000c65c200000)]
  0x00000225487eb2a0 JavaThread "jar transforms Thread 12" [_thread_blocked, id=45692, stack(0x000000c65c200000,0x000000c65c300000)]
  0x00000225487eef60 JavaThread "jar transforms Thread 13" [_thread_blocked, id=2116, stack(0x000000c65c300000,0x000000c65c400000)]
  0x00000225487ed610 JavaThread "jar transforms Thread 14" [_thread_blocked, id=13696, stack(0x000000c65c400000,0x000000c65c500000)]
  0x00000225487edb20 JavaThread "jar transforms Thread 15" [_thread_blocked, id=13940, stack(0x000000c65c800000,0x000000c65c900000)]
  0x00000225487ee540 JavaThread "jar transforms Thread 16" [_thread_blocked, id=39248, stack(0x000000c65c900000,0x000000c65ca00000)]
  0x00000225487f0dc0 JavaThread "included builds Thread 2" [_thread_blocked, id=7936, stack(0x000000c65cd00000,0x000000c65ce00000)]
  0x00000225487f17e0 JavaThread "Cache worker for execution history cache (E:\KaamSetu_Phase4_Final\KaamSetu_Phase4C_ProfessionalInfo\android\.gradle\8.14\executionHistory)" [_thread_blocked, id=44860, stack(0x000000c65ce00000,0x000000c65cf00000)]
  0x00000225487f4570 JavaThread "Exec process" [_thread_blocked, id=21648, stack(0x000000c65cb00000,0x000000c65cc00000)]
  0x00000225487f12d0 JavaThread "Exec process Thread 2" [_thread_blocked, id=42700, stack(0x000000c65cc00000,0x000000c65cd00000)]
  0x00000225487f3640 JavaThread "Exec process Thread 3" [_thread_blocked, id=43096, stack(0x000000c65be00000,0x000000c65bf00000)]
  0x00000225487f4f90 JavaThread "WorkerExecutor Queue Thread 3" [_thread_blocked, id=30996, stack(0x000000c65a000000,0x000000c65a100000)]
  0x00000225487f2200 JavaThread "WorkerExecutor Queue Thread 4" [_thread_blocked, id=13108, stack(0x000000c65ca00000,0x000000c65cb00000)]
  0x00000225487f4a80 JavaThread "WorkerExecutor Queue Thread 6" [_thread_blocked, id=46008, stack(0x000000c65d200000,0x000000c65d300000)]
  0x00000225487f3b50 JavaThread "WorkerExecutor Queue Thread 7" [_thread_blocked, id=22004, stack(0x000000c65d500000,0x000000c65d600000)]
  0x00000225487f59b0 JavaThread "WorkerExecutor Queue Thread 9" [_thread_blocked, id=30404, stack(0x000000c65d700000,0x000000c65d800000)]
  0x00000225487f2c20 JavaThread "WorkerExecutor Queue Thread 10" [_thread_blocked, id=33712, stack(0x000000c65d800000,0x000000c65d900000)]
  0x000002254605f6b0 JavaThread "WorkerExecutor Queue Thread 11" [_thread_blocked, id=16856, stack(0x000000c65d900000,0x000000c65da00000)]
  0x000002254b273ec0 JavaThread "WorkerExecutor Queue Thread 15" [_thread_blocked, id=44180, stack(0x000000c65dd00000,0x000000c65de00000)]
  0x000002254b2734a0 JavaThread "WorkerExecutor Queue Thread 16" [_thread_blocked, id=44680, stack(0x000000c65de00000,0x000000c65df00000)]
  0x000002254b2743d0 JavaThread "WorkerExecutor Queue Thread 17" [_thread_blocked, id=27436, stack(0x000000c65df00000,0x000000c65e000000)]
  0x000002254b274df0 JavaThread "Cache worker for Java compile cache (C:\Users\VICTUS\.gradle\caches\8.14\javaCompile)" [_thread_blocked, id=41436, stack(0x000000c65d100000,0x000000c65d200000)]
  0x000002254b275d20 JavaThread "Build operations" [_thread_blocked, id=42688, stack(0x000000c65e500000,0x000000c65e600000)]
  0x000002254b272570 JavaThread "Build operations Thread 2" [_thread_blocked, id=37104, stack(0x000000c65e600000,0x000000c65e700000)]
  0x000002254b278ab0 JavaThread "Build operations Thread 3" [_thread_blocked, id=18592, stack(0x000000c65e700000,0x000000c65e800000)]
  0x000002254b2799e0 JavaThread "Build operations Thread 4" [_thread_blocked, id=15228, stack(0x000000c65e800000,0x000000c65e900000)]
  0x000002254b2794d0 JavaThread "Build operations Thread 5" [_thread_blocked, id=16216, stack(0x000000c65e900000,0x000000c65ea00000)]
  0x000002254b2785a0 JavaThread "Build operations Thread 6" [_thread_blocked, id=15924, stack(0x000000c65ea00000,0x000000c65eb00000)]
  0x000002254b276740 JavaThread "Build operations Thread 7" [_thread_blocked, id=29072, stack(0x000000c65eb00000,0x000000c65ec00000)]
  0x000002254b278fc0 JavaThread "Build operations Thread 8" [_thread_blocked, id=13796, stack(0x000000c65ec00000,0x000000c65ed00000)]
  0x000002254b277160 JavaThread "Build operations Thread 9" [_thread_blocked, id=42752, stack(0x000000c65ed00000,0x000000c65ee00000)]
  0x000002254b276230 JavaThread "Build operations Thread 10" [_thread_blocked, id=21956, stack(0x000000c65ee00000,0x000000c65ef00000)]
  0x000002254b279ef0 JavaThread "Build operations Thread 11" [_thread_blocked, id=40932, stack(0x000000c65ef00000,0x000000c65f000000)]
  0x000002254b277670 JavaThread "Build operations Thread 12" [_thread_blocked, id=24704, stack(0x000000c65f000000,0x000000c65f100000)]
  0x000002254b277b80 JavaThread "Build operations Thread 13" [_thread_blocked, id=44336, stack(0x000000c65f100000,0x000000c65f200000)]
  0x000002254b27a400 JavaThread "Build operations Thread 14" [_thread_blocked, id=16940, stack(0x000000c65f200000,0x000000c65f300000)]
  0x000002254b276c50 JavaThread "Build operations Thread 15" [_thread_blocked, id=2760, stack(0x000000c65f300000,0x000000c65f400000)]
  0x000002254b278090 JavaThread "Exec process Thread 4" [_thread_blocked, id=12292, stack(0x000000c65f500000,0x000000c65f600000)]
  0x000002254b27d6a0 JavaThread "Exec process Thread 5" [_thread_blocked, id=33988, stack(0x000000c65f600000,0x000000c65f700000)]
  0x000002254b27c260 JavaThread "Exec process Thread 6" [_thread_blocked, id=35264, stack(0x000000c65f700000,0x000000c65f800000)]
  0x000002254b27c770 JavaThread "Exec process Thread 7" [_thread_blocked, id=41340, stack(0x000000c65f800000,0x000000c65f900000)]
  0x000002254b27e5d0 JavaThread "Exec process Thread 8" [_thread_blocked, id=37512, stack(0x000000c65f900000,0x000000c65fa00000)]
  0x000002254b27bd50 JavaThread "Exec process Thread 9" [_thread_blocked, id=25856, stack(0x000000c65fa00000,0x000000c65fb00000)]
  0x000002254b27b330 JavaThread "Exec process Thread 10" [_thread_blocked, id=30264, stack(0x000000c65fb00000,0x000000c65fc00000)]
  0x000002254b27b840 JavaThread "Exec process Thread 11" [_thread_blocked, id=41864, stack(0x000000c65fc00000,0x000000c65fd00000)]
  0x000002254b27cc80 JavaThread "Exec process Thread 12" [_thread_blocked, id=4620, stack(0x000000c65fd00000,0x000000c65fe00000)]
  0x000002254b27dbb0 JavaThread "Exec process Thread 13" [_thread_blocked, id=39800, stack(0x000000c65fe00000,0x000000c65ff00000)]
  0x000002254b27ae20 JavaThread "Exec process Thread 14" [_thread_blocked, id=16396, stack(0x000000c65ff00000,0x000000c660000000)]
  0x000002254b280430 JavaThread "Exec process Thread 15" [_thread_blocked, id=29932, stack(0x000000c660000000,0x000000c660100000)]
  0x000002254b27eae0 JavaThread "Exec process Thread 16" [_thread_blocked, id=14252, stack(0x000000c660100000,0x000000c660200000)]
  0x000002254b27ff20 JavaThread "Build operations Thread 16" [_thread_blocked, id=26756, stack(0x000000c660200000,0x000000c660300000)]
  0x000002254b27eff0 JavaThread "RMI Scheduler(0)" daemon [_thread_blocked, id=26256, stack(0x000000c65db00000,0x000000c65dc00000)]
  0x000002254adaa920 JavaThread "RMI GC Daemon" daemon [_thread_blocked, id=16504, stack(0x000000c65e400000,0x000000c65e500000)]
  0x000002255587fae0 JavaThread "RMI TCP Accept-0" daemon [_thread_in_native, id=26108, stack(0x000000c660300000,0x000000c660400000)]
  0x000002255587dc80 JavaThread "RMI Reaper" [_thread_blocked, id=39348, stack(0x000000c660400000,0x000000c660500000)]
  0x000002255587f0c0 JavaThread "RMI TCP Connection(idle)" daemon [_thread_blocked, id=41088, stack(0x000000c660500000,0x000000c660600000)]
  0x0000022555881940 JavaThread "RMI TCP Connection(3)-127.0.0.1" daemon [_thread_in_native, id=42420, stack(0x000000c660700000,0x000000c660800000)]
  0x0000022555882870 JavaThread "pool-3-thread-1" [_thread_blocked, id=18500, stack(0x000000c65e000000,0x000000c65e100000)]
  0x0000022555881430 JavaThread "stderr" [_thread_in_native, id=19616, stack(0x000000c65e100000,0x000000c65e200000)]
  0x0000022555883cb0 JavaThread "stdout" [_thread_in_native, id=33304, stack(0x000000c65e200000,0x000000c65e300000)]
  0x0000022555881e50 JavaThread "stderr" [_thread_in_native, id=43452, stack(0x000000c660900000,0x000000c660a00000)]
  0x00000225558841c0 JavaThread "stdout" [_thread_in_native, id=24448, stack(0x000000c660a00000,0x000000c660b00000)]
  0x0000022555883290 JavaThread "stderr" [_thread_in_native, id=45428, stack(0x000000c660b00000,0x000000c660c00000)]
  0x0000022555880a10 JavaThread "stdout" [_thread_in_native, id=45888, stack(0x000000c660c00000,0x000000c660d00000)]
  0x0000022555887970 JavaThread "stderr" [_thread_in_native, id=10444, stack(0x000000c660d00000,0x000000c660e00000)]
  0x0000022555886530 JavaThread "stdout" [_thread_in_native, id=38916, stack(0x000000c660e00000,0x000000c660f00000)]
  0x0000022555887e80 JavaThread "stderr" [_thread_in_native, id=25284, stack(0x000000c660f00000,0x000000c661000000)]
  0x0000022555888390 JavaThread "stdout" [_thread_in_native, id=28088, stack(0x000000c661000000,0x000000c661100000)]
  0x0000022555884be0 JavaThread "stderr" [_thread_in_native, id=42908, stack(0x000000c661100000,0x000000c661200000)]
  0x0000022555885600 JavaThread "stdout" [_thread_in_native, id=45948, stack(0x000000c661200000,0x000000c661300000)]
  0x0000022555886a40 JavaThread "stderr" [_thread_in_native, id=20960, stack(0x000000c661300000,0x000000c661400000)]
  0x0000022555886f50 JavaThread "stdout" [_thread_in_native, id=41768, stack(0x000000c661400000,0x000000c661500000)]
  0x00000225558888a0 JavaThread "stderr" [_thread_in_native, id=31468, stack(0x000000c661500000,0x000000c661600000)]
  0x00000225558850f0 JavaThread "stdout" [_thread_in_native, id=32016, stack(0x000000c661600000,0x000000c661700000)]
  0x0000022553d281d0 JavaThread "Java2D Disposer" daemon [_thread_blocked, id=42620, stack(0x000000c65d600000,0x000000c65d700000)]
  0x0000022553d286e0 JavaThread "AWT-Windows" daemon [_thread_in_native, id=41948, stack(0x000000c661800000,0x000000c661900000)]
  0x0000022553d29610 JavaThread "DefaultDispatcher-worker-1" daemon [_thread_blocked, id=43308, stack(0x000000c661a00000,0x000000c661b00000)]
  0x0000022553d25e60 JavaThread "DefaultDispatcher-worker-2" daemon [_thread_blocked, id=40968, stack(0x000000c661b00000,0x000000c661c00000)]
  0x0000022553d2af60 JavaThread "DefaultDispatcher-worker-7" daemon [_thread_blocked, id=44216, stack(0x000000c661c00000,0x000000c661d00000)]
  0x0000022553d2b470 JavaThread "DefaultDispatcher-worker-9" daemon [_thread_blocked, id=20020, stack(0x000000c661d00000,0x000000c661e00000)]
  0x0000022553d2a540 JavaThread "DefaultDispatcher-worker-5" daemon [_thread_blocked, id=24784, stack(0x000000c661e00000,0x000000c661f00000)]
  0x0000022553d29b20 JavaThread "DefaultDispatcher-worker-6" daemon [_thread_blocked, id=24164, stack(0x000000c661f00000,0x000000c662000000)]
  0x0000022553d2cdc0 JavaThread "DefaultDispatcher-worker-3" daemon [_thread_blocked, id=17296, stack(0x000000c662000000,0x000000c662100000)]
  0x0000022553d2aa50 JavaThread "DefaultDispatcher-worker-8" daemon [_thread_blocked, id=27816, stack(0x000000c662100000,0x000000c662200000)]
  0x0000022553d2d7e0 JavaThread "DefaultDispatcher-worker-4" daemon [_thread_blocked, id=37192, stack(0x000000c662200000,0x000000c662300000)]
  0x0000022553d2a030 JavaThread "DefaultDispatcher-worker-10" daemon [_thread_blocked, id=17876, stack(0x000000c662300000,0x000000c662400000)]
  0x0000022553d2ec20 JavaThread "DefaultDispatcher-worker-11" daemon [_thread_blocked, id=2544, stack(0x000000c662400000,0x000000c662500000)]
  0x0000022553d2b980 JavaThread "DefaultDispatcher-worker-16" daemon [_thread_blocked, id=30372, stack(0x000000c662500000,0x000000c662600000)]
  0x0000022553d2d2d0 JavaThread "DefaultDispatcher-worker-13" daemon [_thread_blocked, id=41496, stack(0x000000c662600000,0x000000c662700000)]
  0x0000022553d2f130 JavaThread "DefaultDispatcher-worker-14" daemon [_thread_blocked, id=38684, stack(0x000000c662700000,0x000000c662800000)]
  0x0000022553d2c3a0 JavaThread "DefaultDispatcher-worker-15" daemon [_thread_blocked, id=2192, stack(0x000000c662800000,0x000000c662900000)]
  0x0000022553d2f640 JavaThread "DefaultDispatcher-worker-12" daemon [_thread_blocked, id=32632, stack(0x000000c662900000,0x000000c662a00000)]
  0x0000022553d30060 JavaThread "WorkerExecutor Queue Thread 20" [_thread_blocked, id=35640, stack(0x000000c661900000,0x000000c661a00000)]
  0x0000022553d29100 JavaThread "ForkJoinPool.commonPool-worker-1" daemon [_thread_blocked, id=36736, stack(0x000000c662b00000,0x000000c662c00000)]
  0x0000022553d33300 JavaThread "Periodic tasks thread" daemon [_thread_blocked, id=6328, stack(0x000000c653600000,0x000000c653700000)]
  0x0000022553d34c50 JavaThread "ApplicationImpl pooled thread 1" [_thread_blocked, id=45372, stack(0x000000c662c00000,0x000000c662d00000)]
  0x0000022554da52f0 JavaThread "WorkerExecutor Queue Thread 21" [_thread_blocked, id=42260, stack(0x000000c662d00000,0x000000c662e00000)]
  0x0000022555c35eb0 JavaThread "WorkerExecutor Queue Thread 23" [_thread_blocked, id=30156, stack(0x000000c65e300000,0x000000c65e400000)]
  0x0000022554ad4790 JavaThread "ForkJoinPool.commonPool-worker-2" daemon [_thread_blocked, id=44088, stack(0x000000c660600000,0x000000c660700000)]
  0x000002254c4dbce0 JavaThread "WorkerExecutor Queue Thread 24" [_thread_blocked, id=17280, stack(0x000000c662f00000,0x000000c663000000)]
  0x0000022558098480 JavaThread "ForkJoinPool.commonPool-worker-3" daemon [_thread_blocked, id=29852, stack(0x000000c663000000,0x000000c663100000)]
  0x0000022557c5ec80 JavaThread "ForkJoinPool.commonPool-worker-4" daemon [_thread_blocked, id=24752, stack(0x000000c64c600000,0x000000c64c700000)]
  0x0000022554ad51b0 JavaThread "WorkerExecutor Queue Thread 25" [_thread_blocked, id=45556, stack(0x000000c663100000,0x000000c663200000)]
  0x0000022555df9c70 JavaThread "C2 CompilerThread1" daemon [_thread_blocked, id=2740, stack(0x000000c65c500000,0x000000c65c600000)]
  0x0000022555dfac60 JavaThread "C2 CompilerThread2" daemon [_thread_in_native, id=40904, stack(0x000000c65d000000,0x000000c65d100000)]
  0x0000022552618790 JavaThread "WorkerExecutor Queue Thread 26" [_thread_blocked, id=32420, stack(0x000000c65d300000,0x000000c65d400000)]
  0x000002255734cc30 JavaThread "C1 CompilerThread1" daemon [_thread_blocked, id=17948, stack(0x000000c65d400000,0x000000c65d500000)]
  0x0000022556aa7d20 JavaThread "C1 CompilerThread2" daemon [_thread_blocked, id=40028, stack(0x000000c65da00000,0x000000c65db00000)]
  0x0000022553f62af0 JavaThread "ForkJoinPool-1-worker-1" daemon [_thread_blocked, id=45328, stack(0x000000c65dc00000,0x000000c65dd00000)]
  0x0000022560c67df0 JavaThread "ForkJoinPool-1-worker-2" daemon [_thread_blocked, id=42308, stack(0x000000c660800000,0x000000c660900000)]
  0x0000022553f63000 JavaThread "ForkJoinPool-1-worker-3" daemon [_thread_blocked, id=36456, stack(0x000000c661700000,0x000000c661800000)]
  0x0000022560b1abc0 JavaThread "ForkJoinPool-1-worker-4" daemon [_thread_blocked, id=30868, stack(0x000000c662a00000,0x000000c662b00000)]
  0x000002255809a2e0 JavaThread "ForkJoinPool-1-worker-5" daemon [_thread_blocked, id=12160, stack(0x000000c663500000,0x000000c663600000)]
  0x0000022560557900 JavaThread "ForkJoinPool-1-worker-6" daemon [_thread_blocked, id=41692, stack(0x000000c663600000,0x000000c663700000)]
  0x0000022557833a70 JavaThread "ForkJoinPool-1-worker-7" daemon [_thread_blocked, id=44060, stack(0x000000c663700000,0x000000c663800000)]
  0x0000022560c673d0 JavaThread "ForkJoinPool-1-worker-8" daemon [_thread_blocked, id=43116, stack(0x000000c663800000,0x000000c663900000)]
  0x00000225524ae090 JavaThread "ForkJoinPool-1-worker-9" daemon [_thread_blocked, id=648, stack(0x000000c663900000,0x000000c663a00000)]
  0x0000022560557e10 JavaThread "ForkJoinPool-1-worker-10" daemon [_thread_blocked, id=41440, stack(0x000000c663a00000,0x000000c663b00000)]
  0x0000022553f3a810 JavaThread "ForkJoinPool-1-worker-11" daemon [_thread_blocked, id=4784, stack(0x000000c663b00000,0x000000c663c00000)]
  0x0000022553f3ad20 JavaThread "ForkJoinPool-1-worker-12" daemon [_thread_blocked, id=44984, stack(0x000000c663c00000,0x000000c663d00000)]
  0x00000225566e6e10 JavaThread "ForkJoinPool-1-worker-13" daemon [_thread_blocked, id=36140, stack(0x000000c663d00000,0x000000c663e00000)]
  0x00000225566e7320 JavaThread "ForkJoinPool-1-worker-14" daemon [_thread_blocked, id=37540, stack(0x000000c663e00000,0x000000c663f00000)]
  0x000002254c4dd630 JavaThread "ForkJoinPool-1-worker-15" daemon [_thread_blocked, id=26280, stack(0x000000c663f00000,0x000000c664000000)]
  0x0000022552f54a20 JavaThread "ForkJoinPool-1-worker-16" daemon [_thread_blocked, id=30556, stack(0x000000c664000000,0x000000c664100000)]
  0x0000022556aa9260 JavaThread "C1 CompilerThread3" daemon [_thread_blocked, id=24672, stack(0x000000c664100000,0x000000c664200000)]

Other Threads:
=>0x00000224fe2dcf50 VMThread "VM Thread" [stack: 0x000000c64cf00000,0x000000c64d000000] [id=29392]
  0x00000224ff43ddc0 WatcherThread [stack: 0x000000c64df00000,0x000000c64e000000] [id=24396]
  0x00000224c2bce9a0 GCTaskThread "GC Thread#0" [stack: 0x000000c64ca00000,0x000000c64cb00000] [id=19740]
  0x00000224ff4894b0 GCTaskThread "GC Thread#1" [stack: 0x000000c64e000000,0x000000c64e100000] [id=2948]
  0x00000224ff470e50 GCTaskThread "GC Thread#2" [stack: 0x000000c64e100000,0x000000c64e200000] [id=35828]
  0x00000224ff6e8c70 GCTaskThread "GC Thread#3" [stack: 0x000000c64e200000,0x000000c64e300000] [id=28192]
  0x00000224ff6e9340 GCTaskThread "GC Thread#4" [stack: 0x000000c64e300000,0x000000c64e400000] [id=41432]
  0x00000224ff513790 GCTaskThread "GC Thread#5" [stack: 0x000000c64e400000,0x000000c64e500000] [id=25584]
  0x0000022546769fb0 GCTaskThread "GC Thread#6" [stack: 0x000000c64f300000,0x000000c64f400000] [id=6864]
  0x0000022548409d10 GCTaskThread "GC Thread#7" [stack: 0x000000c64f400000,0x000000c64f500000] [id=18536]
  0x0000022548409750 GCTaskThread "GC Thread#8" [stack: 0x000000c64f500000,0x000000c64f600000] [id=25736]
  0x000002254828d2e0 GCTaskThread "GC Thread#9" [stack: 0x000000c64f600000,0x000000c64f700000] [id=36692]
  0x0000022548ddc000 GCTaskThread "GC Thread#10" [stack: 0x000000c64f700000,0x000000c64f800000] [id=43844]
  0x000002254837d420 GCTaskThread "GC Thread#11" [stack: 0x000000c64f800000,0x000000c64f900000] [id=2244]
  0x000002254678d160 GCTaskThread "GC Thread#12" [stack: 0x000000c64f900000,0x000000c64fa00000] [id=16620]
  0x00000224fe1522e0 ConcurrentGCThread "G1 Main Marker" [stack: 0x000000c64cb00000,0x000000c64cc00000] [id=37604]
  0x00000224fe153f80 ConcurrentGCThread "G1 Conc#0" [stack: 0x000000c64cc00000,0x000000c64cd00000] [id=29664]
  0x00000225467ab5a0 ConcurrentGCThread "G1 Conc#1" [stack: 0x000000c64fc00000,0x000000c64fd00000] [id=3404]
  0x0000022546b673c0 ConcurrentGCThread "G1 Conc#2" [stack: 0x000000c64fd00000,0x000000c64fe00000] [id=7068]
  0x00000224fe212c10 ConcurrentGCThread "G1 Refine#0" [stack: 0x000000c64cd00000,0x000000c64ce00000] [id=43552]
  0x000002254beadde0 ConcurrentGCThread "G1 Refine#1" [stack: 0x000000c65cf00000,0x000000c65d000000] [id=15516]
  0x0000022547b9fd70 ConcurrentGCThread "G1 Refine#2" [stack: 0x000000c662e00000,0x000000c662f00000] [id=19124]
  0x000002255177a060 ConcurrentGCThread "G1 Refine#3" [stack: 0x000000c663200000,0x000000c663300000] [id=35860]
  0x000002254792c7d0 ConcurrentGCThread "G1 Refine#4" [stack: 0x000000c663300000,0x000000c663400000] [id=9516]
  0x000002254beacf30 ConcurrentGCThread "G1 Refine#5" [stack: 0x000000c663400000,0x000000c663500000] [id=27124]
  0x000002255899b920 ConcurrentGCThread "G1 Refine#6" [stack: 0x000000c664200000,0x000000c664300000] [id=45512]
  0x000002254a5ba210 ConcurrentGCThread "G1 Refine#7" [stack: 0x000000c664300000,0x000000c664400000] [id=19244]
  0x000002254bcc2400 ConcurrentGCThread "G1 Refine#8" [stack: 0x000000c664400000,0x000000c664500000] [id=18656]
  0x000002255236c080 ConcurrentGCThread "G1 Refine#9" [stack: 0x000000c664500000,0x000000c664600000] [id=14500]
  0x000002255673a220 ConcurrentGCThread "G1 Refine#10" [stack: 0x000000c664600000,0x000000c664700000] [id=37592]
  0x000002254beae6b0 ConcurrentGCThread "G1 Refine#11" [stack: 0x000000c658100000,0x000000c658200000] [id=18936]
  0x00000225494cbb60 ConcurrentGCThread "G1 Refine#12" [stack: 0x000000c664700000,0x000000c664800000] [id=31080]
  0x00000224fe215410 ConcurrentGCThread "G1 Service" [stack: 0x000000c64ce00000,0x000000c64cf00000] [id=38884]

Threads with active compile tasks:
C2 CompilerThread0  211254 58179   !   4       com.android.tools.r8.graph.m4::a (213 bytes)
C2 CompilerThread1  211254 58206       4       com.android.tools.r8.internal.qu0::<init> (25 bytes)
C2 CompilerThread2  211254 58207 %     4       com.android.tools.r8.internal.de::a @ 3456 (4509 bytes)

VM state: at safepoint (normal execution)

VM Mutex/Monitor currently owned by a thread:  ([mutex/lock_event])
[0x00000224c2b1af50] Threads_lock - owner thread: 0x00000224fe2dcf50
[0x00000224c2b1b460] Heap_lock - owner thread: 0x000002254b273ec0

Heap address: 0x0000000600000000, size: 8192 MB, Compressed Oops mode: Zero based, Oop shift amount: 3

CDS archive(s) mapped at: [0x0000022500000000-0x0000022500bb0000-0x0000022500bb0000), size 12255232, SharedBaseAddress: 0x0000022500000000, ArchiveRelocationMode: 1.
Compressed class space mapped at: 0x0000022501000000-0x0000022541000000, reserved size: 1073741824
Narrow klass base: 0x0000022500000000, Narrow klass shift: 0, Narrow klass range: 0x100000000

GC Precious Log:
 CPUs: 16 total, 16 available
 Memory: 16087M
 Large Page Support: Disabled
 NUMA Support: Disabled
 Compressed Oops: Enabled (Zero based)
 Heap Region Size: 4M
 Heap Min Capacity: 8M
 Heap Initial Capacity: 252M
 Heap Max Capacity: 8G
 Pre-touch: Disabled
 Parallel Workers: 13
 Concurrent Workers: 3
 Concurrent Refinement Workers: 13
 Periodic GC: Disabled

Heap:
 garbage-first heap   total 1249280K, used 776708K [0x0000000600000000, 0x0000000800000000)
  region size 4096K, 10 young (40960K), 10 survivors (40960K)
 Metaspace       used 276670K, committed 279104K, reserved 1310720K
  class space    used 35019K, committed 36160K, reserved 1048576K

Heap Regions: E=young(eden), S=young(survivor), O=old, HS=humongous(starts), HC=humongous(continues), CS=collection set, F=free, OA=open archive, CA=closed archive, TAMS=top-at-mark-start (previous, next)
|   0|0x0000000600000000, 0x0000000600400000, 0x0000000600400000|100%|HS|  |TAMS 0x0000000600400000, 0x0000000600400000| Complete 
|   1|0x0000000600400000, 0x0000000600800000, 0x0000000600800000|100%| O|  |TAMS 0x0000000600800000, 0x0000000600800000| Untracked 
|   2|0x0000000600800000, 0x0000000600c00000, 0x0000000600c00000|100%| O|  |TAMS 0x0000000600c00000, 0x0000000600c00000| Untracked 
|   3|0x0000000600c00000, 0x0000000601000000, 0x0000000601000000|100%| O|  |TAMS 0x0000000601000000, 0x0000000601000000| Untracked 
|   4|0x0000000601000000, 0x0000000601400000, 0x0000000601400000|100%| O|  |TAMS 0x0000000601400000, 0x0000000601400000| Untracked 
|   5|0x0000000601400000, 0x0000000601800000, 0x0000000601800000|100%| O|  |TAMS 0x0000000601800000, 0x0000000601800000| Untracked 
|   6|0x0000000601800000, 0x0000000601c00000, 0x0000000601c00000|100%| O|  |TAMS 0x0000000601c00000, 0x0000000601c00000| Untracked 
|   7|0x0000000601c00000, 0x0000000602000000, 0x0000000602000000|100%| O|  |TAMS 0x0000000602000000, 0x0000000602000000| Untracked 
|   8|0x0000000602000000, 0x0000000602400000, 0x0000000602400000|100%| O|  |TAMS 0x0000000602400000, 0x0000000602400000| Untracked 
|   9|0x0000000602400000, 0x0000000602800000, 0x0000000602800000|100%| O|  |TAMS 0x0000000602800000, 0x0000000602800000| Untracked 
|  10|0x0000000602800000, 0x0000000602c00000, 0x0000000602c00000|100%| O|  |TAMS 0x0000000602c00000, 0x0000000602c00000| Untracked 
|  11|0x0000000602c00000, 0x0000000603000000, 0x0000000603000000|100%| O|  |TAMS 0x0000000603000000, 0x0000000603000000| Untracked 
|  12|0x0000000603000000, 0x0000000603400000, 0x0000000603400000|100%| O|  |TAMS 0x0000000603400000, 0x0000000603400000| Untracked 
|  13|0x0000000603400000, 0x0000000603800000, 0x0000000603800000|100%| O|  |TAMS 0x0000000603800000, 0x0000000603800000| Untracked 
|  14|0x0000000603800000, 0x0000000603c00000, 0x0000000603c00000|100%| O|  |TAMS 0x0000000603c00000, 0x0000000603c00000| Untracked 
|  15|0x0000000603c00000, 0x0000000604000000, 0x0000000604000000|100%| O|  |TAMS 0x0000000604000000, 0x0000000604000000| Untracked 
|  16|0x0000000604000000, 0x0000000604400000, 0x0000000604400000|100%| O|  |TAMS 0x0000000604400000, 0x0000000604400000| Untracked 
|  17|0x0000000604400000, 0x0000000604800000, 0x0000000604800000|100%| O|  |TAMS 0x0000000604800000, 0x0000000604800000| Untracked 
|  18|0x0000000604800000, 0x0000000604c00000, 0x0000000604c00000|100%| O|  |TAMS 0x0000000604c00000, 0x0000000604c00000| Untracked 
|  19|0x0000000604c00000, 0x0000000605000000, 0x0000000605000000|100%| O|  |TAMS 0x0000000605000000, 0x0000000605000000| Untracked 
|  20|0x0000000605000000, 0x0000000605400000, 0x0000000605400000|100%| O|  |TAMS 0x0000000605400000, 0x0000000605400000| Untracked 
|  21|0x0000000605400000, 0x0000000605800000, 0x0000000605800000|100%| O|  |TAMS 0x0000000605800000, 0x0000000605800000| Untracked 
|  22|0x0000000605800000, 0x0000000605c00000, 0x0000000605c00000|100%| O|  |TAMS 0x0000000605c00000, 0x0000000605c00000| Untracked 
|  23|0x0000000605c00000, 0x0000000606000000, 0x0000000606000000|100%| O|  |TAMS 0x0000000606000000, 0x0000000606000000| Untracked 
|  24|0x0000000606000000, 0x0000000606400000, 0x0000000606400000|100%| O|  |TAMS 0x0000000606400000, 0x0000000606400000| Untracked 
|  25|0x0000000606400000, 0x0000000606800000, 0x0000000606800000|100%| O|  |TAMS 0x0000000606800000, 0x0000000606800000| Untracked 
|  26|0x0000000606800000, 0x0000000606c00000, 0x0000000606c00000|100%| O|  |TAMS 0x0000000606c00000, 0x0000000606c00000| Untracked 
|  27|0x0000000606c00000, 0x0000000607000000, 0x0000000607000000|100%| O|  |TAMS 0x0000000607000000, 0x0000000607000000| Untracked 
|  28|0x0000000607000000, 0x0000000607400000, 0x0000000607400000|100%| O|  |TAMS 0x0000000607400000, 0x0000000607400000| Untracked 
|  29|0x0000000607400000, 0x0000000607800000, 0x0000000607800000|100%| O|  |TAMS 0x0000000607800000, 0x0000000607800000| Untracked 
|  30|0x0000000607800000, 0x0000000607c00000, 0x0000000607c00000|100%| O|  |TAMS 0x0000000607c00000, 0x0000000607c00000| Untracked 
|  31|0x0000000607c00000, 0x0000000608000000, 0x0000000608000000|100%| O|  |TAMS 0x0000000608000000, 0x0000000608000000| Untracked 
|  32|0x0000000608000000, 0x0000000608400000, 0x0000000608400000|100%| O|  |TAMS 0x0000000608400000, 0x0000000608400000| Untracked 
|  33|0x0000000608400000, 0x0000000608800000, 0x0000000608800000|100%| O|  |TAMS 0x0000000608800000, 0x0000000608800000| Untracked 
|  34|0x0000000608800000, 0x0000000608c00000, 0x0000000608c00000|100%| O|  |TAMS 0x0000000608c00000, 0x0000000608c00000| Untracked 
|  35|0x0000000608c00000, 0x0000000609000000, 0x0000000609000000|100%| O|  |TAMS 0x0000000609000000, 0x0000000609000000| Untracked 
|  36|0x0000000609000000, 0x0000000609400000, 0x0000000609400000|100%| O|  |TAMS 0x0000000609400000, 0x0000000609400000| Untracked 
|  37|0x0000000609400000, 0x0000000609800000, 0x0000000609800000|100%| O|  |TAMS 0x0000000609800000, 0x0000000609800000| Untracked 
|  38|0x0000000609800000, 0x0000000609c00000, 0x0000000609c00000|100%| O|  |TAMS 0x0000000609c00000, 0x0000000609c00000| Untracked 
|  39|0x0000000609c00000, 0x000000060a000000, 0x000000060a000000|100%| O|  |TAMS 0x000000060a000000, 0x000000060a000000| Untracked 
|  40|0x000000060a000000, 0x000000060a400000, 0x000000060a400000|100%| O|  |TAMS 0x000000060a400000, 0x000000060a400000| Untracked 
|  41|0x000000060a400000, 0x000000060a800000, 0x000000060a800000|100%| O|  |TAMS 0x000000060a800000, 0x000000060a800000| Untracked 
|  42|0x000000060a800000, 0x000000060ac00000, 0x000000060ac00000|100%| O|  |TAMS 0x000000060ac00000, 0x000000060ac00000| Untracked 
|  43|0x000000060ac00000, 0x000000060b000000, 0x000000060b000000|100%| O|  |TAMS 0x000000060b000000, 0x000000060b000000| Untracked 
|  44|0x000000060b000000, 0x000000060b400000, 0x000000060b400000|100%| O|  |TAMS 0x000000060b400000, 0x000000060b400000| Untracked 
|  45|0x000000060b400000, 0x000000060b800000, 0x000000060b800000|100%| O|  |TAMS 0x000000060b800000, 0x000000060b800000| Untracked 
|  46|0x000000060b800000, 0x000000060bc00000, 0x000000060bc00000|100%| O|  |TAMS 0x000000060bc00000, 0x000000060bc00000| Untracked 
|  47|0x000000060bc00000, 0x000000060c000000, 0x000000060c000000|100%| O|  |TAMS 0x000000060c000000, 0x000000060c000000| Untracked 
|  48|0x000000060c000000, 0x000000060c400000, 0x000000060c400000|100%| O|  |TAMS 0x000000060c400000, 0x000000060c400000| Untracked 
|  49|0x000000060c400000, 0x000000060c800000, 0x000000060c800000|100%| O|  |TAMS 0x000000060c800000, 0x000000060c800000| Untracked 
|  50|0x000000060c800000, 0x000000060cc00000, 0x000000060cc00000|100%| O|  |TAMS 0x000000060cc00000, 0x000000060cc00000| Untracked 
|  51|0x000000060cc00000, 0x000000060d000000, 0x000000060d000000|100%| O|  |TAMS 0x000000060d000000, 0x000000060d000000| Untracked 
|  52|0x000000060d000000, 0x000000060d400000, 0x000000060d400000|100%| O|  |TAMS 0x000000060d400000, 0x000000060d400000| Untracked 
|  53|0x000000060d400000, 0x000000060d800000, 0x000000060d800000|100%| O|  |TAMS 0x000000060d800000, 0x000000060d800000| Untracked 
|  54|0x000000060d800000, 0x000000060dc00000, 0x000000060dc00000|100%| O|  |TAMS 0x000000060dc00000, 0x000000060dc00000| Untracked 
|  55|0x000000060dc00000, 0x000000060e000000, 0x000000060e000000|100%| O|  |TAMS 0x000000060dc00000, 0x000000060e000000| Untracked 
|  56|0x000000060e000000, 0x000000060e400000, 0x000000060e400000|100%| O|  |TAMS 0x000000060e400000, 0x000000060e400000| Untracked 
|  57|0x000000060e400000, 0x000000060e800000, 0x000000060e800000|100%|HS|  |TAMS 0x000000060e800000, 0x000000060e800000| Complete 
|  58|0x000000060e800000, 0x000000060ec00000, 0x000000060ec00000|100%|HS|  |TAMS 0x000000060ec00000, 0x000000060ec00000| Complete 
|  59|0x000000060ec00000, 0x000000060f000000, 0x000000060f000000|100%| O|  |TAMS 0x000000060f000000, 0x000000060f000000| Untracked 
|  60|0x000000060f000000, 0x000000060f400000, 0x000000060f400000|100%| O|  |TAMS 0x000000060f400000, 0x000000060f400000| Untracked 
|  61|0x000000060f400000, 0x000000060f800000, 0x000000060f800000|100%| O|  |TAMS 0x000000060f800000, 0x000000060f800000| Untracked 
|  62|0x000000060f800000, 0x000000060fc00000, 0x000000060fc00000|100%| O|  |TAMS 0x000000060fc00000, 0x000000060fc00000| Untracked 
|  63|0x000000060fc00000, 0x0000000610000000, 0x0000000610000000|100%| O|  |TAMS 0x0000000610000000, 0x0000000610000000| Untracked 
|  64|0x0000000610000000, 0x0000000610400000, 0x0000000610400000|100%| O|  |TAMS 0x0000000610400000, 0x0000000610400000| Untracked 
|  65|0x0000000610400000, 0x0000000610800000, 0x0000000610800000|100%| O|  |TAMS 0x0000000610800000, 0x0000000610800000| Untracked 
|  66|0x0000000610800000, 0x0000000610c00000, 0x0000000610c00000|100%| O|  |TAMS 0x0000000610c00000, 0x0000000610c00000| Untracked 
|  67|0x0000000610c00000, 0x0000000611000000, 0x0000000611000000|100%| O|  |TAMS 0x0000000610c00000, 0x0000000611000000| Untracked 
|  68|0x0000000611000000, 0x0000000611400000, 0x0000000611400000|100%| O|  |TAMS 0x0000000611400000, 0x0000000611400000| Untracked 
|  69|0x0000000611400000, 0x0000000611800000, 0x0000000611800000|100%| O|  |TAMS 0x0000000611800000, 0x0000000611800000| Untracked 
|  70|0x0000000611800000, 0x0000000611c00000, 0x0000000611c00000|100%| O|  |TAMS 0x0000000611c00000, 0x0000000611c00000| Untracked 
|  71|0x0000000611c00000, 0x0000000612000000, 0x0000000612000000|100%| O|  |TAMS 0x0000000612000000, 0x0000000612000000| Untracked 
|  72|0x0000000612000000, 0x0000000612400000, 0x0000000612400000|100%| O|  |TAMS 0x0000000612000000, 0x0000000612400000| Untracked 
|  73|0x0000000612400000, 0x0000000612800000, 0x0000000612800000|100%| O|  |TAMS 0x0000000612400000, 0x0000000612800000| Untracked 
|  74|0x0000000612800000, 0x0000000612c00000, 0x0000000612c00000|100%| O|  |TAMS 0x0000000612800000, 0x0000000612c00000| Untracked 
|  75|0x0000000612c00000, 0x0000000613000000, 0x0000000613000000|100%| O|  |TAMS 0x0000000613000000, 0x0000000613000000| Untracked 
|  76|0x0000000613000000, 0x0000000613400000, 0x0000000613400000|100%| O|  |TAMS 0x0000000613000000, 0x0000000613400000| Untracked 
|  77|0x0000000613400000, 0x0000000613800000, 0x0000000613800000|100%| O|  |TAMS 0x0000000613800000, 0x0000000613800000| Untracked 
|  78|0x0000000613800000, 0x0000000613c00000, 0x0000000613c00000|100%| O|  |TAMS 0x0000000613c00000, 0x0000000613c00000| Untracked 
|  79|0x0000000613c00000, 0x0000000614000000, 0x0000000614000000|100%| O|  |TAMS 0x0000000613c00000, 0x0000000614000000| Untracked 
|  80|0x0000000614000000, 0x0000000614400000, 0x0000000614400000|100%| O|  |TAMS 0x0000000614000000, 0x0000000614400000| Untracked 
|  81|0x0000000614400000, 0x0000000614800000, 0x0000000614800000|100%| O|  |TAMS 0x0000000614400000, 0x0000000614800000| Untracked 
|  82|0x0000000614800000, 0x0000000614c00000, 0x0000000614c00000|100%| O|  |TAMS 0x0000000614800000, 0x0000000614c00000| Untracked 
|  83|0x0000000614c00000, 0x0000000615000000, 0x0000000615000000|100%| O|  |TAMS 0x0000000614c00000, 0x0000000615000000| Untracked 
|  84|0x0000000615000000, 0x0000000615400000, 0x0000000615400000|100%| O|  |TAMS 0x0000000615000000, 0x0000000615400000| Untracked 
|  85|0x0000000615400000, 0x0000000615800000, 0x0000000615800000|100%| O|  |TAMS 0x0000000615400000, 0x0000000615800000| Untracked 
|  86|0x0000000615800000, 0x0000000615c00000, 0x0000000615c00000|100%| O|  |TAMS 0x0000000615c00000, 0x0000000615c00000| Untracked 
|  87|0x0000000615c00000, 0x0000000616000000, 0x0000000616000000|100%| O|  |TAMS 0x0000000616000000, 0x0000000616000000| Untracked 
|  88|0x0000000616000000, 0x0000000616400000, 0x0000000616400000|100%| O|  |TAMS 0x0000000616000000, 0x0000000616400000| Untracked 
|  89|0x0000000616400000, 0x0000000616800000, 0x0000000616800000|100%| O|  |TAMS 0x0000000616400000, 0x0000000616800000| Untracked 
|  90|0x0000000616800000, 0x0000000616c00000, 0x0000000616c00000|100%| O|  |TAMS 0x0000000616c00000, 0x0000000616c00000| Untracked 
|  91|0x0000000616c00000, 0x0000000617000000, 0x0000000617000000|100%| O|  |TAMS 0x0000000617000000, 0x0000000617000000| Untracked 
|  92|0x0000000617000000, 0x0000000617400000, 0x0000000617400000|100%| O|  |TAMS 0x0000000617000000, 0x0000000617400000| Untracked 
|  93|0x0000000617400000, 0x0000000617800000, 0x0000000617800000|100%| O|  |TAMS 0x0000000617400000, 0x0000000617800000| Untracked 
|  94|0x0000000617800000, 0x0000000617c00000, 0x0000000617c00000|100%| O|  |TAMS 0x0000000617800000, 0x0000000617c00000| Untracked 
|  95|0x0000000617c00000, 0x0000000618000000, 0x0000000618000000|100%| O|  |TAMS 0x0000000617c00000, 0x0000000618000000| Untracked 
|  96|0x0000000618000000, 0x0000000618400000, 0x0000000618400000|100%| O|  |TAMS 0x0000000618000000, 0x0000000618400000| Untracked 
|  97|0x0000000618400000, 0x0000000618800000, 0x0000000618800000|100%| O|  |TAMS 0x0000000618400000, 0x0000000618800000| Untracked 
|  98|0x0000000618800000, 0x0000000618c00000, 0x0000000618c00000|100%| O|  |TAMS 0x0000000618800000, 0x0000000618c00000| Untracked 
|  99|0x0000000618c00000, 0x0000000619000000, 0x0000000619000000|100%| O|  |TAMS 0x0000000618c00000, 0x0000000619000000| Untracked 
| 100|0x0000000619000000, 0x0000000619400000, 0x0000000619400000|100%| O|  |TAMS 0x0000000619400000, 0x0000000619400000| Untracked 
| 101|0x0000000619400000, 0x0000000619800000, 0x0000000619800000|100%| O|  |TAMS 0x0000000619800000, 0x0000000619800000| Untracked 
| 102|0x0000000619800000, 0x0000000619c00000, 0x0000000619c00000|100%| O|  |TAMS 0x0000000619c00000, 0x0000000619c00000| Untracked 
| 103|0x0000000619c00000, 0x000000061a000000, 0x000000061a000000|100%| O|  |TAMS 0x000000061a000000, 0x000000061a000000| Untracked 
| 104|0x000000061a000000, 0x000000061a400000, 0x000000061a400000|100%| O|  |TAMS 0x000000061a000000, 0x000000061a400000| Untracked 
| 105|0x000000061a400000, 0x000000061a800000, 0x000000061a800000|100%| O|  |TAMS 0x000000061a400000, 0x000000061a800000| Untracked 
| 106|0x000000061a800000, 0x000000061ac00000, 0x000000061ac00000|100%| O|  |TAMS 0x000000061a800000, 0x000000061ac00000| Untracked 
| 107|0x000000061ac00000, 0x000000061b000000, 0x000000061b000000|100%| O|  |TAMS 0x000000061b000000, 0x000000061b000000| Untracked 
| 108|0x000000061b000000, 0x000000061b400000, 0x000000061b400000|100%| O|  |TAMS 0x000000061b000000, 0x000000061b400000| Untracked 
| 109|0x000000061b400000, 0x000000061b800000, 0x000000061b800000|100%| O|  |TAMS 0x000000061b400000, 0x000000061b800000| Untracked 
| 110|0x000000061b800000, 0x000000061bc00000, 0x000000061bc00000|100%| O|  |TAMS 0x000000061b800000, 0x000000061bc00000| Untracked 
| 111|0x000000061bc00000, 0x000000061c000000, 0x000000061c000000|100%| O|  |TAMS 0x000000061bc00000, 0x000000061c000000| Untracked 
| 112|0x000000061c000000, 0x000000061c400000, 0x000000061c400000|100%| O|  |TAMS 0x000000061c400000, 0x000000061c400000| Untracked 
| 113|0x000000061c400000, 0x000000061c800000, 0x000000061c800000|100%| O|  |TAMS 0x000000061c400000, 0x000000061c800000| Untracked 
| 114|0x000000061c800000, 0x000000061cc00000, 0x000000061cc00000|100%| O|  |TAMS 0x000000061c800000, 0x000000061cc00000| Untracked 
| 115|0x000000061cc00000, 0x000000061d000000, 0x000000061d000000|100%| O|  |TAMS 0x000000061cc00000, 0x000000061d000000| Untracked 
| 116|0x000000061d000000, 0x000000061d400000, 0x000000061d400000|100%| O|  |TAMS 0x000000061d400000, 0x000000061d400000| Untracked 
| 117|0x000000061d400000, 0x000000061d800000, 0x000000061d800000|100%| O|  |TAMS 0x000000061d800000, 0x000000061d800000| Untracked 
| 118|0x000000061d800000, 0x000000061dc00000, 0x000000061dc00000|100%| O|  |TAMS 0x000000061dc00000, 0x000000061dc00000| Untracked 
| 119|0x000000061dc00000, 0x000000061e000000, 0x000000061e000000|100%| O|  |TAMS 0x000000061dc00000, 0x000000061e000000| Untracked 
| 120|0x000000061e000000, 0x000000061e400000, 0x000000061e400000|100%| O|  |TAMS 0x000000061e400000, 0x000000061e400000| Untracked 
| 121|0x000000061e400000, 0x000000061e800000, 0x000000061e800000|100%| O|  |TAMS 0x000000061e800000, 0x000000061e800000| Untracked 
| 122|0x000000061e800000, 0x000000061ec00000, 0x000000061ec00000|100%| O|  |TAMS 0x000000061ec00000, 0x000000061ec00000| Untracked 
| 123|0x000000061ec00000, 0x000000061f000000, 0x000000061f000000|100%| O|  |TAMS 0x000000061f000000, 0x000000061f000000| Untracked 
| 124|0x000000061f000000, 0x000000061f400000, 0x000000061f400000|100%| O|  |TAMS 0x000000061f400000, 0x000000061f400000| Untracked 
| 125|0x000000061f400000, 0x000000061f800000, 0x000000061f800000|100%| O|  |TAMS 0x000000061f800000, 0x000000061f800000| Untracked 
| 126|0x000000061f800000, 0x000000061fc00000, 0x000000061fc00000|100%| O|  |TAMS 0x000000061fc00000, 0x000000061fc00000| Untracked 
| 127|0x000000061fc00000, 0x0000000620000000, 0x0000000620000000|100%| O|  |TAMS 0x000000061fc00000, 0x0000000620000000| Untracked 
| 128|0x0000000620000000, 0x0000000620400000, 0x0000000620400000|100%| O|  |TAMS 0x0000000620400000, 0x0000000620400000| Untracked 
| 129|0x0000000620400000, 0x0000000620800000, 0x0000000620800000|100%| O|  |TAMS 0x0000000620800000, 0x0000000620800000| Untracked 
| 130|0x0000000620800000, 0x0000000620c00000, 0x0000000620c00000|100%| O|  |TAMS 0x0000000620c00000, 0x0000000620c00000| Untracked 
| 131|0x0000000620c00000, 0x0000000621000000, 0x0000000621000000|100%| O|  |TAMS 0x0000000621000000, 0x0000000621000000| Untracked 
| 132|0x0000000621000000, 0x0000000621400000, 0x0000000621400000|100%| O|  |TAMS 0x0000000621400000, 0x0000000621400000| Untracked 
| 133|0x0000000621400000, 0x0000000621800000, 0x0000000621800000|100%| O|  |TAMS 0x0000000621800000, 0x0000000621800000| Untracked 
| 134|0x0000000621800000, 0x0000000621c00000, 0x0000000621c00000|100%| O|  |TAMS 0x0000000621c00000, 0x0000000621c00000| Untracked 
| 135|0x0000000621c00000, 0x0000000622000000, 0x0000000622000000|100%| O|  |TAMS 0x0000000622000000, 0x0000000622000000| Untracked 
| 136|0x0000000622000000, 0x0000000622400000, 0x0000000622400000|100%| O|  |TAMS 0x0000000622400000, 0x0000000622400000| Untracked 
| 137|0x0000000622400000, 0x0000000622800000, 0x0000000622800000|100%| O|  |TAMS 0x0000000622800000, 0x0000000622800000| Untracked 
| 138|0x0000000622800000, 0x0000000622c00000, 0x0000000622c00000|100%| O|  |TAMS 0x0000000622c00000, 0x0000000622c00000| Untracked 
| 139|0x0000000622c00000, 0x0000000623000000, 0x0000000623000000|100%| O|  |TAMS 0x0000000623000000, 0x0000000623000000| Untracked 
| 140|0x0000000623000000, 0x0000000623400000, 0x0000000623400000|100%| O|  |TAMS 0x0000000623400000, 0x0000000623400000| Untracked 
| 141|0x0000000623400000, 0x0000000623800000, 0x0000000623800000|100%| O|  |TAMS 0x0000000623800000, 0x0000000623800000| Untracked 
| 142|0x0000000623800000, 0x0000000623c00000, 0x0000000623c00000|100%| O|  |TAMS 0x0000000623c00000, 0x0000000623c00000| Untracked 
| 143|0x0000000623c00000, 0x0000000624000000, 0x0000000624000000|100%| O|  |TAMS 0x0000000624000000, 0x0000000624000000| Untracked 
| 144|0x0000000624000000, 0x0000000624400000, 0x0000000624400000|100%| O|  |TAMS 0x0000000624400000, 0x0000000624400000| Untracked 
| 145|0x0000000624400000, 0x0000000624800000, 0x0000000624800000|100%| O|  |TAMS 0x0000000624800000, 0x0000000624800000| Untracked 
| 146|0x0000000624800000, 0x0000000624c00000, 0x0000000624c00000|100%| O|  |TAMS 0x0000000624c00000, 0x0000000624c00000| Untracked 
| 147|0x0000000624c00000, 0x0000000625000000, 0x0000000625000000|100%| O|  |TAMS 0x0000000624c00000, 0x0000000625000000| Untracked 
| 148|0x0000000625000000, 0x0000000625400000, 0x0000000625400000|100%| O|  |TAMS 0x0000000625000000, 0x0000000625400000| Untracked 
| 149|0x0000000625400000, 0x0000000625800000, 0x0000000625800000|100%| O|  |TAMS 0x0000000625400000, 0x0000000625800000| Untracked 
| 150|0x0000000625800000, 0x0000000625c00000, 0x0000000625c00000|100%| O|  |TAMS 0x0000000625800000, 0x0000000625c00000| Untracked 
| 151|0x0000000625c00000, 0x0000000626000000, 0x0000000626000000|100%| O|  |TAMS 0x0000000625c00000, 0x0000000626000000| Untracked 
| 152|0x0000000626000000, 0x0000000626400000, 0x0000000626400000|100%| O|  |TAMS 0x0000000626000000, 0x0000000626400000| Untracked 
| 153|0x0000000626400000, 0x0000000626800000, 0x0000000626800000|100%| O|  |TAMS 0x0000000626400000, 0x0000000626800000| Untracked 
| 154|0x0000000626800000, 0x0000000626c00000, 0x0000000626c00000|100%| O|  |TAMS 0x0000000626800000, 0x0000000626c00000| Untracked 
| 155|0x0000000626c00000, 0x0000000627000000, 0x0000000627000000|100%| O|  |TAMS 0x0000000626c00000, 0x0000000627000000| Untracked 
| 156|0x0000000627000000, 0x0000000627400000, 0x0000000627400000|100%| O|  |TAMS 0x0000000627000000, 0x0000000627400000| Untracked 
| 157|0x0000000627400000, 0x0000000627800000, 0x0000000627800000|100%| O|  |TAMS 0x0000000627400000, 0x0000000627800000| Untracked 
| 158|0x0000000627800000, 0x0000000627c00000, 0x0000000627c00000|100%| O|  |TAMS 0x0000000627800000, 0x0000000627c00000| Untracked 
| 159|0x0000000627c00000, 0x0000000628000000, 0x0000000628000000|100%| O|  |TAMS 0x0000000627c00000, 0x0000000628000000| Untracked 
| 160|0x0000000628000000, 0x0000000628400000, 0x0000000628400000|100%| O|  |TAMS 0x0000000628000000, 0x0000000628400000| Untracked 
| 161|0x0000000628400000, 0x0000000628800000, 0x0000000628800000|100%| O|  |TAMS 0x0000000628400000, 0x0000000628800000| Untracked 
| 162|0x0000000628800000, 0x0000000628c00000, 0x0000000628c00000|100%| O|  |TAMS 0x0000000628800000, 0x0000000628c00000| Untracked 
| 163|0x0000000628c00000, 0x0000000629000000, 0x0000000629000000|100%| O|  |TAMS 0x0000000628c00000, 0x0000000629000000| Untracked 
| 164|0x0000000629000000, 0x0000000629400000, 0x0000000629400000|100%| O|  |TAMS 0x0000000629000000, 0x00000006291e5200| Untracked 
| 165|0x0000000629400000, 0x0000000629800000, 0x0000000629800000|100%| O|  |TAMS 0x0000000629400000, 0x0000000629400000| Untracked 
| 166|0x0000000629800000, 0x0000000629c00000, 0x0000000629c00000|100%| O|  |TAMS 0x0000000629800000, 0x0000000629800000| Untracked 
| 167|0x0000000629c00000, 0x000000062a000000, 0x000000062a000000|100%| O|  |TAMS 0x0000000629c00000, 0x0000000629c00000| Untracked 
| 168|0x000000062a000000, 0x000000062a400000, 0x000000062a400000|100%| O|  |TAMS 0x000000062a000000, 0x000000062a000000| Untracked 
| 169|0x000000062a400000, 0x000000062a800000, 0x000000062a800000|100%| O|  |TAMS 0x000000062a400000, 0x000000062a400000| Untracked 
| 170|0x000000062a800000, 0x000000062ac00000, 0x000000062ac00000|100%| O|  |TAMS 0x000000062a800000, 0x000000062a800000| Untracked 
| 171|0x000000062ac00000, 0x000000062b000000, 0x000000062b000000|100%| O|  |TAMS 0x000000062ac00000, 0x000000062ac00000| Untracked 
| 172|0x000000062b000000, 0x000000062b400000, 0x000000062b400000|100%| O|  |TAMS 0x000000062b000000, 0x000000062b000000| Untracked 
| 173|0x000000062b400000, 0x000000062b800000, 0x000000062b800000|100%| O|  |TAMS 0x000000062b400000, 0x000000062b400000| Untracked 
| 174|0x000000062b800000, 0x000000062bc00000, 0x000000062bc00000|100%| O|  |TAMS 0x000000062b800000, 0x000000062b800000| Untracked 
| 175|0x000000062bc00000, 0x000000062c000000, 0x000000062c000000|100%| O|  |TAMS 0x000000062bc00000, 0x000000062bc00000| Untracked 
| 176|0x000000062c000000, 0x000000062c400000, 0x000000062c400000|100%| O|  |TAMS 0x000000062c000000, 0x000000062c000000| Untracked 
| 177|0x000000062c400000, 0x000000062c800000, 0x000000062c800000|100%| O|  |TAMS 0x000000062c400000, 0x000000062c400000| Untracked 
| 178|0x000000062c800000, 0x000000062cc00000, 0x000000062cc00000|100%| O|  |TAMS 0x000000062c800000, 0x000000062c800000| Untracked 
| 179|0x000000062cc00000, 0x000000062ce81200, 0x000000062d000000| 62%| O|  |TAMS 0x000000062cc00000, 0x000000062cc00000| Untracked 
| 180|0x000000062d000000, 0x000000062d000000, 0x000000062d400000|  0%| F|  |TAMS 0x000000062d000000, 0x000000062d000000| Untracked 
| 181|0x000000062d400000, 0x000000062d400000, 0x000000062d800000|  0%| F|  |TAMS 0x000000062d400000, 0x000000062d400000| Untracked 
| 182|0x000000062d800000, 0x000000062d800000, 0x000000062dc00000|  0%| F|  |TAMS 0x000000062d800000, 0x000000062d800000| Untracked 
| 183|0x000000062dc00000, 0x000000062dc00000, 0x000000062e000000|  0%| F|  |TAMS 0x000000062dc00000, 0x000000062dc00000| Untracked 
| 184|0x000000062e000000, 0x000000062e000000, 0x000000062e400000|  0%| F|  |TAMS 0x000000062e000000, 0x000000062e000000| Untracked 
| 185|0x000000062e400000, 0x000000062e400000, 0x000000062e800000|  0%| F|  |TAMS 0x000000062e400000, 0x000000062e400000| Untracked 
| 186|0x000000062e800000, 0x000000062e800000, 0x000000062ec00000|  0%| F|  |TAMS 0x000000062e800000, 0x000000062e800000| Untracked 
| 187|0x000000062ec00000, 0x000000062ec00000, 0x000000062f000000|  0%| F|  |TAMS 0x000000062ec00000, 0x000000062ec00000| Untracked 
| 188|0x000000062f000000, 0x000000062f000000, 0x000000062f400000|  0%| F|  |TAMS 0x000000062f000000, 0x000000062f000000| Untracked 
| 189|0x000000062f400000, 0x000000062f400000, 0x000000062f800000|  0%| F|  |TAMS 0x000000062f400000, 0x000000062f400000| Untracked 
| 190|0x000000062f800000, 0x000000062f800000, 0x000000062fc00000|  0%| F|  |TAMS 0x000000062f800000, 0x000000062f800000| Untracked 
| 191|0x000000062fc00000, 0x000000062fc00000, 0x0000000630000000|  0%| F|  |TAMS 0x000000062fc00000, 0x000000062fc00000| Untracked 
| 192|0x0000000630000000, 0x0000000630000000, 0x0000000630400000|  0%| F|  |TAMS 0x0000000630000000, 0x0000000630000000| Untracked 
| 193|0x0000000630400000, 0x0000000630400000, 0x0000000630800000|  0%| F|  |TAMS 0x0000000630400000, 0x0000000630400000| Untracked 
| 194|0x0000000630800000, 0x0000000630800000, 0x0000000630c00000|  0%| F|  |TAMS 0x0000000630800000, 0x0000000630800000| Untracked 
| 195|0x0000000630c00000, 0x0000000630c00000, 0x0000000631000000|  0%| F|  |TAMS 0x0000000630c00000, 0x0000000630c00000| Untracked 
| 196|0x0000000631000000, 0x0000000631000000, 0x0000000631400000|  0%| F|  |TAMS 0x0000000631000000, 0x0000000631000000| Untracked 
| 197|0x0000000631400000, 0x0000000631400000, 0x0000000631800000|  0%| F|  |TAMS 0x0000000631400000, 0x0000000631400000| Untracked 
| 198|0x0000000631800000, 0x0000000631800000, 0x0000000631c00000|  0%| F|  |TAMS 0x0000000631800000, 0x0000000631800000| Untracked 
| 199|0x0000000631c00000, 0x0000000631c00000, 0x0000000632000000|  0%| F|  |TAMS 0x0000000631c00000, 0x0000000631c00000| Untracked 
| 200|0x0000000632000000, 0x0000000632000000, 0x0000000632400000|  0%| F|  |TAMS 0x0000000632000000, 0x0000000632000000| Untracked 
| 201|0x0000000632400000, 0x0000000632400000, 0x0000000632800000|  0%| F|  |TAMS 0x0000000632400000, 0x0000000632400000| Untracked 
| 202|0x0000000632800000, 0x0000000632800000, 0x0000000632c00000|  0%| F|  |TAMS 0x0000000632800000, 0x0000000632800000| Untracked 
| 203|0x0000000632c00000, 0x0000000632c00000, 0x0000000633000000|  0%| F|  |TAMS 0x0000000632c00000, 0x0000000632c00000| Untracked 
| 204|0x0000000633000000, 0x0000000633000000, 0x0000000633400000|  0%| F|  |TAMS 0x0000000633000000, 0x0000000633000000| Untracked 
| 205|0x0000000633400000, 0x0000000633400000, 0x0000000633800000|  0%| F|  |TAMS 0x0000000633400000, 0x0000000633400000| Untracked 
| 206|0x0000000633800000, 0x0000000633800000, 0x0000000633c00000|  0%| F|  |TAMS 0x0000000633800000, 0x0000000633800000| Untracked 
| 207|0x0000000633c00000, 0x0000000633c00000, 0x0000000634000000|  0%| F|  |TAMS 0x0000000633c00000, 0x0000000633c00000| Untracked 
| 208|0x0000000634000000, 0x0000000634000000, 0x0000000634400000|  0%| F|  |TAMS 0x0000000634000000, 0x0000000634000000| Untracked 
| 209|0x0000000634400000, 0x0000000634400000, 0x0000000634800000|  0%| F|  |TAMS 0x0000000634400000, 0x0000000634400000| Untracked 
| 210|0x0000000634800000, 0x0000000634800000, 0x0000000634c00000|  0%| F|  |TAMS 0x0000000634800000, 0x0000000634800000| Untracked 
| 211|0x0000000634c00000, 0x0000000634c00000, 0x0000000635000000|  0%| F|  |TAMS 0x0000000634c00000, 0x0000000634c00000| Untracked 
| 212|0x0000000635000000, 0x0000000635000000, 0x0000000635400000|  0%| F|  |TAMS 0x0000000635000000, 0x0000000635000000| Untracked 
| 213|0x0000000635400000, 0x0000000635400000, 0x0000000635800000|  0%| F|  |TAMS 0x0000000635400000, 0x0000000635400000| Untracked 
| 214|0x0000000635800000, 0x0000000635800000, 0x0000000635c00000|  0%| F|  |TAMS 0x0000000635800000, 0x0000000635800000| Untracked 
| 215|0x0000000635c00000, 0x0000000635c00000, 0x0000000636000000|  0%| F|  |TAMS 0x0000000635c00000, 0x0000000635c00000| Untracked 
| 216|0x0000000636000000, 0x0000000636000000, 0x0000000636400000|  0%| F|  |TAMS 0x0000000636000000, 0x0000000636000000| Untracked 
| 217|0x0000000636400000, 0x0000000636400000, 0x0000000636800000|  0%| F|  |TAMS 0x0000000636400000, 0x0000000636400000| Untracked 
| 218|0x0000000636800000, 0x0000000636800000, 0x0000000636c00000|  0%| F|  |TAMS 0x0000000636800000, 0x0000000636800000| Untracked 
| 219|0x0000000636c00000, 0x0000000636c00000, 0x0000000637000000|  0%| F|  |TAMS 0x0000000636c00000, 0x0000000636c00000| Untracked 
| 220|0x0000000637000000, 0x0000000637000000, 0x0000000637400000|  0%| F|  |TAMS 0x0000000637000000, 0x0000000637000000| Untracked 
| 221|0x0000000637400000, 0x0000000637400000, 0x0000000637800000|  0%| F|  |TAMS 0x0000000637400000, 0x0000000637400000| Untracked 
| 222|0x0000000637800000, 0x0000000637800000, 0x0000000637c00000|  0%| F|  |TAMS 0x0000000637800000, 0x0000000637800000| Untracked 
| 223|0x0000000637c00000, 0x0000000637c00000, 0x0000000638000000|  0%| F|  |TAMS 0x0000000637c00000, 0x0000000637c00000| Untracked 
| 224|0x0000000638000000, 0x0000000638000000, 0x0000000638400000|  0%| F|  |TAMS 0x0000000638000000, 0x0000000638000000| Untracked 
| 225|0x0000000638400000, 0x0000000638400000, 0x0000000638800000|  0%| F|  |TAMS 0x0000000638400000, 0x0000000638400000| Untracked 
| 226|0x0000000638800000, 0x0000000638800000, 0x0000000638c00000|  0%| F|  |TAMS 0x0000000638800000, 0x0000000638800000| Untracked 
| 227|0x0000000638c00000, 0x0000000638c00000, 0x0000000639000000|  0%| F|  |TAMS 0x0000000638c00000, 0x0000000638c00000| Untracked 
| 228|0x0000000639000000, 0x0000000639000000, 0x0000000639400000|  0%| F|  |TAMS 0x0000000639000000, 0x0000000639000000| Untracked 
| 229|0x0000000639400000, 0x0000000639400000, 0x0000000639800000|  0%| F|  |TAMS 0x0000000639400000, 0x0000000639400000| Untracked 
| 230|0x0000000639800000, 0x0000000639800000, 0x0000000639c00000|  0%| F|  |TAMS 0x0000000639800000, 0x0000000639800000| Untracked 
| 231|0x0000000639c00000, 0x0000000639c00000, 0x000000063a000000|  0%| F|  |TAMS 0x0000000639c00000, 0x0000000639c00000| Untracked 
| 232|0x000000063a000000, 0x000000063a000000, 0x000000063a400000|  0%| F|  |TAMS 0x000000063a000000, 0x000000063a000000| Untracked 
| 233|0x000000063a400000, 0x000000063a400000, 0x000000063a800000|  0%| F|  |TAMS 0x000000063a400000, 0x000000063a400000| Untracked 
| 234|0x000000063a800000, 0x000000063a800000, 0x000000063ac00000|  0%| F|  |TAMS 0x000000063a800000, 0x000000063a800000| Untracked 
| 235|0x000000063ac00000, 0x000000063ac00000, 0x000000063b000000|  0%| F|  |TAMS 0x000000063ac00000, 0x000000063ac00000| Untracked 
| 236|0x000000063b000000, 0x000000063b000000, 0x000000063b400000|  0%| F|  |TAMS 0x000000063b000000, 0x000000063b000000| Untracked 
| 237|0x000000063b400000, 0x000000063b400000, 0x000000063b800000|  0%| F|  |TAMS 0x000000063b400000, 0x000000063b400000| Untracked 
| 238|0x000000063b800000, 0x000000063b800000, 0x000000063bc00000|  0%| F|  |TAMS 0x000000063b800000, 0x000000063b800000| Untracked 
| 239|0x000000063bc00000, 0x000000063bc00000, 0x000000063c000000|  0%| F|  |TAMS 0x000000063bc00000, 0x000000063bc00000| Untracked 
| 240|0x000000063c000000, 0x000000063c000000, 0x000000063c400000|  0%| F|  |TAMS 0x000000063c000000, 0x000000063c000000| Untracked 
| 241|0x000000063c400000, 0x000000063c400000, 0x000000063c800000|  0%| F|  |TAMS 0x000000063c400000, 0x000000063c400000| Untracked 
| 242|0x000000063c800000, 0x000000063cc00000, 0x000000063cc00000|100%| S|CS|TAMS 0x000000063c800000, 0x000000063c800000| Complete 
| 243|0x000000063cc00000, 0x000000063d000000, 0x000000063d000000|100%| S|CS|TAMS 0x000000063cc00000, 0x000000063cc00000| Complete 
| 244|0x000000063d000000, 0x000000063d400000, 0x000000063d400000|100%| S|CS|TAMS 0x000000063d000000, 0x000000063d000000| Complete 
| 245|0x000000063d400000, 0x000000063d800000, 0x000000063d800000|100%| S|CS|TAMS 0x000000063d400000, 0x000000063d400000| Complete 
| 246|0x000000063d800000, 0x000000063dc00000, 0x000000063dc00000|100%| S|CS|TAMS 0x000000063d800000, 0x000000063d800000| Complete 
| 247|0x000000063dc00000, 0x000000063e000000, 0x000000063e000000|100%| S|CS|TAMS 0x000000063dc00000, 0x000000063dc00000| Complete 
| 248|0x000000063e000000, 0x000000063e400000, 0x000000063e400000|100%| S|CS|TAMS 0x000000063e000000, 0x000000063e000000| Complete 
| 249|0x000000063e400000, 0x000000063e800000, 0x000000063e800000|100%| S|CS|TAMS 0x000000063e400000, 0x000000063e400000| Complete 
| 250|0x000000063e800000, 0x000000063ec00000, 0x000000063ec00000|100%| S|CS|TAMS 0x000000063e800000, 0x000000063e800000| Complete 
| 251|0x000000063ec00000, 0x000000063f000000, 0x000000063f000000|100%| S|CS|TAMS 0x000000063ec00000, 0x000000063ec00000| Complete 
| 252|0x000000063f000000, 0x000000063f000000, 0x000000063f400000|  0%| F|  |TAMS 0x000000063f000000, 0x000000063f000000| Untracked 
| 253|0x000000063f400000, 0x000000063f400000, 0x000000063f800000|  0%| F|  |TAMS 0x000000063f400000, 0x000000063f400000| Untracked 
| 254|0x000000063f800000, 0x000000063f800000, 0x000000063fc00000|  0%| F|  |TAMS 0x000000063f800000, 0x000000063f800000| Untracked 
| 255|0x000000063fc00000, 0x000000063fc00000, 0x0000000640000000|  0%| F|  |TAMS 0x000000063fc00000, 0x000000063fc00000| Untracked 
| 256|0x0000000640000000, 0x0000000640000000, 0x0000000640400000|  0%| F|  |TAMS 0x0000000640000000, 0x0000000640000000| Untracked 
| 257|0x0000000640400000, 0x0000000640400000, 0x0000000640800000|  0%| F|  |TAMS 0x0000000640400000, 0x0000000640400000| Untracked 
| 258|0x0000000640800000, 0x0000000640800000, 0x0000000640c00000|  0%| F|  |TAMS 0x0000000640800000, 0x0000000640800000| Untracked 
| 259|0x0000000640c00000, 0x0000000640c00000, 0x0000000641000000|  0%| F|  |TAMS 0x0000000640c00000, 0x0000000640c00000| Untracked 
| 260|0x0000000641000000, 0x0000000641000000, 0x0000000641400000|  0%| F|  |TAMS 0x0000000641000000, 0x0000000641000000| Untracked 
| 261|0x0000000641400000, 0x0000000641400000, 0x0000000641800000|  0%| F|  |TAMS 0x0000000641400000, 0x0000000641400000| Untracked 
| 262|0x0000000641800000, 0x0000000641800000, 0x0000000641c00000|  0%| F|  |TAMS 0x0000000641800000, 0x0000000641800000| Untracked 
| 263|0x0000000641c00000, 0x0000000641c00000, 0x0000000642000000|  0%| F|  |TAMS 0x0000000641c00000, 0x0000000641c00000| Untracked 
| 264|0x0000000642000000, 0x0000000642000000, 0x0000000642400000|  0%| F|  |TAMS 0x0000000642000000, 0x0000000642000000| Untracked 
| 265|0x0000000642400000, 0x0000000642400000, 0x0000000642800000|  0%| F|  |TAMS 0x0000000642400000, 0x0000000642400000| Untracked 
| 266|0x0000000642800000, 0x0000000642800000, 0x0000000642c00000|  0%| F|  |TAMS 0x0000000642800000, 0x0000000642800000| Untracked 
| 267|0x0000000642c00000, 0x0000000642c00000, 0x0000000643000000|  0%| F|  |TAMS 0x0000000642c00000, 0x0000000642c00000| Untracked 
| 268|0x0000000643000000, 0x0000000643000000, 0x0000000643400000|  0%| F|  |TAMS 0x0000000643000000, 0x0000000643000000| Untracked 
| 269|0x0000000643400000, 0x0000000643400000, 0x0000000643800000|  0%| F|  |TAMS 0x0000000643400000, 0x0000000643400000| Untracked 
| 270|0x0000000643800000, 0x0000000643800000, 0x0000000643c00000|  0%| F|  |TAMS 0x0000000643800000, 0x0000000643800000| Untracked 
| 271|0x0000000643c00000, 0x0000000643c00000, 0x0000000644000000|  0%| F|  |TAMS 0x0000000643c00000, 0x0000000643c00000| Untracked 
| 272|0x0000000644000000, 0x0000000644000000, 0x0000000644400000|  0%| F|  |TAMS 0x0000000644000000, 0x0000000644000000| Untracked 
| 273|0x0000000644400000, 0x0000000644400000, 0x0000000644800000|  0%| F|  |TAMS 0x0000000644400000, 0x0000000644400000| Untracked 
| 274|0x0000000644800000, 0x0000000644800000, 0x0000000644c00000|  0%| F|  |TAMS 0x0000000644800000, 0x0000000644800000| Untracked 
| 275|0x0000000644c00000, 0x0000000644c00000, 0x0000000645000000|  0%| F|  |TAMS 0x0000000644c00000, 0x0000000644c00000| Untracked 
| 276|0x0000000645000000, 0x0000000645000000, 0x0000000645400000|  0%| F|  |TAMS 0x0000000645000000, 0x0000000645000000| Untracked 
| 277|0x0000000645400000, 0x0000000645400000, 0x0000000645800000|  0%| F|  |TAMS 0x0000000645400000, 0x0000000645400000| Untracked 
| 278|0x0000000645800000, 0x0000000645800000, 0x0000000645c00000|  0%| F|  |TAMS 0x0000000645800000, 0x0000000645800000| Untracked 
| 279|0x0000000645c00000, 0x0000000645c00000, 0x0000000646000000|  0%| F|  |TAMS 0x0000000645c00000, 0x0000000645c00000| Untracked 
| 280|0x0000000646000000, 0x0000000646000000, 0x0000000646400000|  0%| F|  |TAMS 0x0000000646000000, 0x0000000646000000| Untracked 
| 281|0x0000000646400000, 0x0000000646400000, 0x0000000646800000|  0%| F|  |TAMS 0x0000000646400000, 0x0000000646400000| Untracked 
| 282|0x0000000646800000, 0x0000000646800000, 0x0000000646c00000|  0%| F|  |TAMS 0x0000000646800000, 0x0000000646800000| Untracked 
| 283|0x0000000646c00000, 0x0000000646c00000, 0x0000000647000000|  0%| F|  |TAMS 0x0000000646c00000, 0x0000000646c00000| Untracked 
| 284|0x0000000647000000, 0x0000000647000000, 0x0000000647400000|  0%| F|  |TAMS 0x0000000647000000, 0x0000000647000000| Untracked 
| 285|0x0000000647400000, 0x0000000647400000, 0x0000000647800000|  0%| F|  |TAMS 0x0000000647400000, 0x0000000647400000| Untracked 
| 286|0x0000000647800000, 0x0000000647800000, 0x0000000647c00000|  0%| F|  |TAMS 0x0000000647800000, 0x0000000647800000| Untracked 
| 287|0x0000000647c00000, 0x0000000647c00000, 0x0000000648000000|  0%| F|  |TAMS 0x0000000647c00000, 0x0000000647c00000| Untracked 
| 288|0x0000000648000000, 0x0000000648000000, 0x0000000648400000|  0%| F|  |TAMS 0x0000000648000000, 0x0000000648000000| Untracked 
| 289|0x0000000648400000, 0x0000000648400000, 0x0000000648800000|  0%| F|  |TAMS 0x0000000648400000, 0x0000000648400000| Untracked 
| 290|0x0000000648800000, 0x0000000648800000, 0x0000000648c00000|  0%| F|  |TAMS 0x0000000648800000, 0x0000000648800000| Untracked 
| 291|0x0000000648c00000, 0x0000000648c00000, 0x0000000649000000|  0%| F|  |TAMS 0x0000000648c00000, 0x0000000648c00000| Untracked 
| 292|0x0000000649000000, 0x0000000649000000, 0x0000000649400000|  0%| F|  |TAMS 0x0000000649000000, 0x0000000649000000| Untracked 
| 293|0x0000000649400000, 0x0000000649400000, 0x0000000649800000|  0%| F|  |TAMS 0x0000000649400000, 0x0000000649400000| Untracked 
| 294|0x0000000649800000, 0x0000000649800000, 0x0000000649c00000|  0%| F|  |TAMS 0x0000000649800000, 0x0000000649800000| Untracked 
| 295|0x0000000649c00000, 0x0000000649c00000, 0x000000064a000000|  0%| F|  |TAMS 0x0000000649c00000, 0x0000000649c00000| Untracked 
| 296|0x000000064a000000, 0x000000064a000000, 0x000000064a400000|  0%| F|  |TAMS 0x000000064a000000, 0x000000064a000000| Untracked 
| 297|0x000000064a400000, 0x000000064a400000, 0x000000064a800000|  0%| F|  |TAMS 0x000000064a400000, 0x000000064a400000| Untracked 
| 298|0x000000064a800000, 0x000000064a800000, 0x000000064ac00000|  0%| F|  |TAMS 0x000000064a800000, 0x000000064a800000| Untracked 
| 299|0x000000064ac00000, 0x000000064ac00000, 0x000000064b000000|  0%| F|  |TAMS 0x000000064ac00000, 0x000000064ac00000| Untracked 
| 300|0x000000064b000000, 0x000000064b000000, 0x000000064b400000|  0%| F|  |TAMS 0x000000064b000000, 0x000000064b000000| Untracked 
| 301|0x000000064b400000, 0x000000064b400000, 0x000000064b800000|  0%| F|  |TAMS 0x000000064b400000, 0x000000064b400000| Untracked 
| 302|0x000000064b800000, 0x000000064b800000, 0x000000064bc00000|  0%| F|  |TAMS 0x000000064b800000, 0x000000064b800000| Untracked 
| 303|0x000000064bc00000, 0x000000064bc00000, 0x000000064c000000|  0%| F|  |TAMS 0x000000064bc00000, 0x000000064bc00000| Untracked 
| 304|0x000000064c000000, 0x000000064c000000, 0x000000064c400000|  0%| F|  |TAMS 0x000000064c000000, 0x000000064c000000| Untracked 

Card table byte_map: [0x00000224ec140000,0x00000224ed140000] _byte_map_base: 0x00000224e9140000

Marking Bits (Prev, Next): (CMBitMap*) 0x00000224fe1419b0, (CMBitMap*) 0x00000224fe1419f0
 Prev Bits: [0x00000224ee140000, 0x00000224f6140000)
 Next Bits: [0x00000224f6140000, 0x00000224fe140000)

Polling page: 0x00000224c09b0000

Metaspace:

Usage:
  Non-class:    235.99 MB used.
      Class:     34.20 MB used.
       Both:    270.19 MB used.

Virtual space:
  Non-class space:      256.00 MB reserved,     237.25 MB ( 93%) committed,  4 nodes.
      Class space:        1.00 GB reserved,      35.31 MB (  3%) committed,  1 nodes.
             Both:        1.25 GB reserved,     272.56 MB ( 21%) committed. 

Chunk freelists:
   Non-Class:  2.05 MB
       Class:  12.72 MB
        Both:  14.77 MB

MaxMetaspaceSize: 4.00 GB
CompressedClassSpaceSize: 1.00 GB
Initial GC threshold: 21.00 MB
Current GC threshold: 446.19 MB
CDS: on
MetaspaceReclaimPolicy: balanced
 - commit_granule_bytes: 65536.
 - commit_granule_words: 8192.
 - virtual_space_node_default_size: 8388608.
 - enlarge_chunks_in_place: 1.
 - new_chunks_are_fully_committed: 0.
 - uncommit_free_chunks: 1.
 - use_allocation_guard: 0.
 - handle_deallocations: 1.


Internal statistics:

num_allocs_failed_limit: 9.
num_arena_births: 4170.
num_arena_deaths: 362.
num_vsnodes_births: 5.
num_vsnodes_deaths: 0.
num_space_committed: 4374.
num_space_uncommitted: 19.
num_chunks_returned_to_freelist: 764.
num_chunks_taken_from_freelist: 16507.
num_chunk_merges: 268.
num_chunk_splits: 10823.
num_chunks_enlarged: 7154.
num_inconsistent_stats: 0.

CodeHeap 'non-profiled nmethods': size=258432Kb used=31454Kb max_used=31454Kb free=226977Kb
 bounds [0x00000224daa40000, 0x00000224dc900000, 0x00000224ea6a0000]
CodeHeap 'profiled nmethods': size=258368Kb used=97277Kb max_used=97893Kb free=161090Kb
 bounds [0x00000224ca6a0000, 0x00000224d0660000, 0x00000224da2f0000]
CodeHeap 'non-nmethods': size=7488Kb used=4508Kb max_used=4613Kb free=2979Kb
 bounds [0x00000224da2f0000, 0x00000224da780000, 0x00000224daa40000]
 total_blobs=45071 nmethods=43659 adapters=1317
 compilation: enabled
              stopped_count=0, restarted_count=0
 full_count=0

Compilation events (20 events):
Event: 211.162 Thread 0x00000224fe306a80 58084       4       com.android.tools.r8.internal.rC::b (35 bytes)
Event: 211.162 Thread 0x0000022555df9c70 58102       4       com.android.tools.r8.internal.Rb$$Lambda$7034/0x00000225033027d0::applyAsInt (8 bytes)
Event: 211.163 Thread 0x0000022555df9c70 nmethod 58102 0x00000224dc33ce90 code [0x00000224dc33d020, 0x00000224dc33d0d8]
Event: 211.163 Thread 0x0000022555df9c70 58103       4       com.android.tools.r8.internal.yf::a (50 bytes)
Event: 211.165 Thread 0x0000022555df9c70 nmethod 58103 0x00000224dbd1a610 code [0x00000224dbd1a7c0, 0x00000224dbd1a9d8]
Event: 211.165 Thread 0x0000022555df9c70 58069       4       com.android.tools.r8.internal.Yw::a (24 bytes)
Event: 211.168 Thread 0x00000224fe306a80 nmethod 58084 0x00000224dc8f4290 code [0x00000224dc8f4440, 0x00000224dc8f4aa8]
Event: 211.168 Thread 0x0000022555df9c70 nmethod 58069 0x00000224dc8f4d10 code [0x00000224dc8f4ec0, 0x00000224dc8f5118]
Event: 211.168 Thread 0x0000022555df9c70 58203       4       com.android.tools.r8.graph.n4::a (279 bytes)
Event: 211.168 Thread 0x00000224fe306a80 58205       4       com.android.tools.r8.graph.o4$$Lambda$7210/0x0000022503341490::apply (19 bytes)
Event: 211.169 Thread 0x00000224fe306a80 nmethod 58205 0x00000224dc8f5390 code [0x00000224dc8f5520, 0x00000224dc8f56f8]
Event: 211.169 Thread 0x00000224fe306a80 58204       4       com.android.tools.r8.graph.o4::a (232 bytes)
Event: 211.174 Thread 0x00000224fe306a80 nmethod 58204 0x00000224dc8f5890 code [0x00000224dc8f5a40, 0x00000224dc8f5e88]
Event: 211.174 Thread 0x00000224fe306a80 58179   !   4       com.android.tools.r8.graph.m4::a (213 bytes)
Event: 211.176 Thread 0x0000022555df9c70 nmethod 58203 0x00000224dc8f6090 code [0x00000224dc8f62e0, 0x00000224dc8f6bb0]
Event: 211.176 Thread 0x0000022555df9c70 58180       4       com.android.tools.r8.graph.h4::<init> (46 bytes)
Event: 211.177 Thread 0x0000022555df9c70 nmethod 58180 0x00000224dc8f7190 code [0x00000224dc8f7300, 0x00000224dc8f7618]
Event: 211.177 Thread 0x0000022555df9c70 58209       4       com.android.tools.r8.graph.o4$$Lambda$7207/0x0000022503340230::apply (19 bytes)
Event: 211.179 Thread 0x0000022555df9c70 nmethod 58209 0x00000224dc8f7690 code [0x00000224dc8f7820, 0x00000224dc8f79f8]
Event: 211.179 Thread 0x0000022555df9c70 58206       4       com.android.tools.r8.internal.qu0::<init> (25 bytes)

GC Heap History (20 events):
Event: 200.069 GC heap after
{Heap after GC invocations=101 (full 0):
 garbage-first heap   total 1040384K, used 562294K [0x0000000600000000, 0x0000000800000000)
  region size 4096K, 10 young (40960K), 10 survivors (40960K)
 Metaspace       used 268519K, committed 271040K, reserved 1310720K
  class space    used 34161K, committed 35264K, reserved 1048576K
}
Event: 201.116 GC heap before
{Heap before GC invocations=102 (full 0):
 garbage-first heap   total 1040384K, used 816246K [0x0000000600000000, 0x0000000800000000)
  region size 4096K, 76 young (311296K), 10 survivors (40960K)
 Metaspace       used 268104K, committed 271296K, reserved 1310720K
  class space    used 34031K, committed 35392K, reserved 1048576K
}
Event: 201.135 GC heap after
{Heap after GC invocations=103 (full 0):
 garbage-first heap   total 1040384K, used 588868K [0x0000000600000000, 0x0000000800000000)
  region size 4096K, 10 young (40960K), 10 survivors (40960K)
 Metaspace       used 268104K, committed 271296K, reserved 1310720K
  class space    used 34031K, committed 35392K, reserved 1048576K
}
Event: 201.174 GC heap before
{Heap before GC invocations=103 (full 0):
 garbage-first heap   total 1040384K, used 592964K [0x0000000600000000, 0x0000000800000000)
  region size 4096K, 12 young (49152K), 10 survivors (40960K)
 Metaspace       used 268117K, committed 271296K, reserved 1310720K
  class space    used 34031K, committed 35392K, reserved 1048576K
}
Event: 201.190 GC heap after
{Heap after GC invocations=104 (full 0):
 garbage-first heap   total 1040384K, used 505535K [0x0000000600000000, 0x0000000800000000)
  region size 4096K, 2 young (8192K), 2 survivors (8192K)
 Metaspace       used 268117K, committed 271296K, reserved 1310720K
  class space    used 34031K, committed 35392K, reserved 1048576K
}
Event: 201.555 GC heap before
{Heap before GC invocations=104 (full 0):
 garbage-first heap   total 1040384K, used 542399K [0x0000000600000000, 0x0000000800000000)
  region size 4096K, 12 young (49152K), 2 survivors (8192K)
 Metaspace       used 268370K, committed 271296K, reserved 1310720K
  class space    used 34031K, committed 35392K, reserved 1048576K
}
Event: 201.580 GC heap after
{Heap after GC invocations=105 (full 0):
 garbage-first heap   total 1249280K, used 494360K [0x0000000600000000, 0x0000000800000000)
  region size 4096K, 2 young (8192K), 2 survivors (8192K)
 Metaspace       used 268370K, committed 271296K, reserved 1310720K
  class space    used 34031K, committed 35392K, reserved 1048576K
}
Event: 202.553 GC heap before
{Heap before GC invocations=105 (full 0):
 garbage-first heap   total 1249280K, used 953112K [0x0000000600000000, 0x0000000800000000)
  region size 4096K, 115 young (471040K), 2 survivors (8192K)
 Metaspace       used 269113K, committed 271744K, reserved 1310720K
  class space    used 34050K, committed 35392K, reserved 1048576K
}
Event: 202.562 GC heap after
{Heap after GC invocations=106 (full 0):
 garbage-first heap   total 1249280K, used 515342K [0x0000000600000000, 0x0000000800000000)
  region size 4096K, 8 young (32768K), 8 survivors (32768K)
 Metaspace       used 269113K, committed 271744K, reserved 1310720K
  class space    used 34050K, committed 35392K, reserved 1048576K
}
Event: 204.831 GC heap before
{Heap before GC invocations=106 (full 0):
 garbage-first heap   total 1249280K, used 969998K [0x0000000600000000, 0x0000000800000000)
  region size 4096K, 120 young (491520K), 8 survivors (32768K)
 Metaspace       used 270327K, committed 272832K, reserved 1310720K
  class space    used 34108K, committed 35392K, reserved 1048576K
}
Event: 204.844 GC heap after
{Heap after GC invocations=107 (full 0):
 garbage-first heap   total 1249280K, used 545237K [0x0000000600000000, 0x0000000800000000)
  region size 4096K, 15 young (61440K), 15 survivors (61440K)
 Metaspace       used 270327K, committed 272832K, reserved 1310720K
  class space    used 34108K, committed 35392K, reserved 1048576K
}
Event: 208.488 GC heap before
{Heap before GC invocations=107 (full 0):
 garbage-first heap   total 1249280K, used 979413K [0x0000000600000000, 0x0000000800000000)
  region size 4096K, 122 young (499712K), 15 survivors (61440K)
 Metaspace       used 271648K, committed 274048K, reserved 1310720K
  class space    used 34261K, committed 35392K, reserved 1048576K
}
Event: 208.510 GC heap after
{Heap after GC invocations=108 (full 0):
 garbage-first heap   total 1249280K, used 587676K [0x0000000600000000, 0x0000000800000000)
  region size 4096K, 13 young (53248K), 13 survivors (53248K)
 Metaspace       used 271648K, committed 274048K, reserved 1310720K
  class space    used 34261K, committed 35392K, reserved 1048576K
}
Event: 209.912 GC heap before
{Heap before GC invocations=109 (full 0):
 garbage-first heap   total 1249280K, used 989084K [0x0000000600000000, 0x0000000800000000)
  region size 4096K, 112 young (458752K), 13 survivors (53248K)
 Metaspace       used 276584K, committed 279040K, reserved 1310720K
  class space    used 35011K, committed 36160K, reserved 1048576K
}
Event: 209.938 GC heap after
{Heap after GC invocations=110 (full 0):
 garbage-first heap   total 1249280K, used 643036K [0x0000000600000000, 0x0000000800000000)
  region size 4096K, 14 young (57344K), 14 survivors (57344K)
 Metaspace       used 276584K, committed 279040K, reserved 1310720K
  class space    used 35011K, committed 36160K, reserved 1048576K
}
Event: 209.945 GC heap before
{Heap before GC invocations=110 (full 0):
 garbage-first heap   total 1249280K, used 647132K [0x0000000600000000, 0x0000000800000000)
  region size 4096K, 15 young (61440K), 14 survivors (57344K)
 Metaspace       used 276584K, committed 279040K, reserved 1310720K
  class space    used 35011K, committed 36160K, reserved 1048576K
}
Event: 209.968 GC heap after
{Heap after GC invocations=111 (full 0):
 garbage-first heap   total 1249280K, used 642375K [0x0000000600000000, 0x0000000800000000)
  region size 4096K, 2 young (8192K), 2 survivors (8192K)
 Metaspace       used 276584K, committed 279040K, reserved 1310720K
  class space    used 35011K, committed 36160K, reserved 1048576K
}
Event: 210.626 GC heap before
{Heap before GC invocations=111 (full 0):
 garbage-first heap   total 1249280K, used 990535K [0x0000000600000000, 0x0000000800000000)
  region size 4096K, 87 young (356352K), 2 survivors (8192K)
 Metaspace       used 276649K, committed 279040K, reserved 1310720K
  class space    used 35019K, committed 36160K, reserved 1048576K
}
Event: 210.657 GC heap after
{Heap after GC invocations=112 (full 0):
 garbage-first heap   total 1249280K, used 718740K [0x0000000600000000, 0x0000000800000000)
  region size 4096K, 11 young (45056K), 11 survivors (45056K)
 Metaspace       used 276649K, committed 279040K, reserved 1310720K
  class space    used 35019K, committed 36160K, reserved 1048576K
}
Event: 211.179 GC heap before
{Heap before GC invocations=112 (full 0):
 garbage-first heap   total 1249280K, used 931732K [0x0000000600000000, 0x0000000800000000)
  region size 4096K, 64 young (262144K), 11 survivors (45056K)
 Metaspace       used 276670K, committed 279104K, reserved 1310720K
  class space    used 35019K, committed 36160K, reserved 1048576K
}

Dll operation events (17 events):
Event: 0.016 Loaded shared library C:\Program Files\Eclipse Adoptium\jdk-17.0.20.8-hotspot\bin\java.dll
Event: 0.037 Loaded shared library C:\Program Files\Eclipse Adoptium\jdk-17.0.20.8-hotspot\bin\jsvml.dll
Event: 0.094 Loaded shared library C:\Program Files\Eclipse Adoptium\jdk-17.0.20.8-hotspot\bin\zip.dll
Event: 0.096 Loaded shared library C:\Program Files\Eclipse Adoptium\jdk-17.0.20.8-hotspot\bin\instrument.dll
Event: 0.105 Loaded shared library C:\Program Files\Eclipse Adoptium\jdk-17.0.20.8-hotspot\bin\net.dll
Event: 0.109 Loaded shared library C:\Program Files\Eclipse Adoptium\jdk-17.0.20.8-hotspot\bin\nio.dll
Event: 0.111 Loaded shared library C:\Program Files\Eclipse Adoptium\jdk-17.0.20.8-hotspot\bin\zip.dll
Event: 0.312 Loaded shared library C:\Program Files\Eclipse Adoptium\jdk-17.0.20.8-hotspot\bin\jimage.dll
Event: 0.444 Loaded shared library C:\Program Files\Eclipse Adoptium\jdk-17.0.20.8-hotspot\bin\verify.dll
Event: 0.554 Loaded shared library C:\Users\VICTUS\.gradle\native\1def1411415f61bf3af743bc5b6707747c0891f09f0c88961ee8f79bc544acac\windows-amd64\native-platform.dll
Event: 0.580 Loaded shared library C:\Users\VICTUS\.gradle\native\0.2.7\x86_64-windows-gnu\gradle-fileevents.dll
Event: 6.043 Loaded shared library C:\Program Files\Eclipse Adoptium\jdk-17.0.20.8-hotspot\bin\management.dll
Event: 6.049 Loaded shared library C:\Program Files\Eclipse Adoptium\jdk-17.0.20.8-hotspot\bin\management_ext.dll
Event: 6.317 Loaded shared library C:\Program Files\Eclipse Adoptium\jdk-17.0.20.8-hotspot\bin\extnet.dll
Event: 6.556 Loaded shared library C:\Program Files\Eclipse Adoptium\jdk-17.0.20.8-hotspot\bin\sunmscapi.dll
Event: 162.893 Loaded shared library C:\Program Files\Eclipse Adoptium\jdk-17.0.20.8-hotspot\bin\rmi.dll
Event: 178.255 Loaded shared library C:\Program Files\Eclipse Adoptium\jdk-17.0.20.8-hotspot\bin\awt.dll

Deoptimization events (20 events):
Event: 211.046 Thread 0x000002254b273ec0 DEOPT PACKING pc=0x00000224d0654771 sp=0x000000c65ddfd1a0
Event: 211.047 Thread 0x000002254b273ec0 DEOPT UNPACKING pc=0x00000224da347143 sp=0x000000c65ddfca88 mode 0
Event: 211.066 Thread 0x000002254b273ec0 DEOPT PACKING pc=0x00000224cd94dd67 sp=0x000000c65ddfc7c0
Event: 211.066 Thread 0x000002254b273ec0 DEOPT UNPACKING pc=0x00000224da347143 sp=0x000000c65ddfbd00 mode 0
Event: 211.076 Thread 0x000002254b273ec0 DEOPT PACKING pc=0x00000224d065443a sp=0x000000c65ddfd1a0
Event: 211.076 Thread 0x000002254b273ec0 DEOPT UNPACKING pc=0x00000224da347143 sp=0x000000c65ddfca88 mode 0
Event: 211.100 Thread 0x000002254b273ec0 DEOPT PACKING pc=0x00000224d0654612 sp=0x000000c65ddfd1a0
Event: 211.100 Thread 0x000002254b273ec0 DEOPT UNPACKING pc=0x00000224da347143 sp=0x000000c65ddfca88 mode 0
Event: 211.102 Thread 0x000002254b273ec0 Uncommon trap: trap_request=0xffffff45 fr.pc=0x00000224dc8ceae4 relative=0x0000000000005444
Event: 211.102 Thread 0x000002254b273ec0 Uncommon trap: reason=unstable_if action=reinterpret pc=0x00000224dc8ceae4 method=com.android.tools.r8.internal.ld0.a(Lcom/android/tools/r8/graph/u1;Lcom/android/tools/r8/graph/M2;)Z @ 5 c2
Event: 211.102 Thread 0x000002254b273ec0 DEOPT PACKING pc=0x00000224dc8ceae4 sp=0x000000c65ddfd0c0
Event: 211.102 Thread 0x000002254b273ec0 DEOPT UNPACKING pc=0x00000224da3469a3 sp=0x000000c65ddfd058 mode 2
Event: 211.102 Thread 0x000002254b273ec0 Uncommon trap: trap_request=0xffffff45 fr.pc=0x00000224db260768 relative=0x0000000000000048
Event: 211.102 Thread 0x000002254b273ec0 Uncommon trap: reason=unstable_if action=reinterpret pc=0x00000224db260768 method=com.android.tools.r8.internal.ld0.a(Lcom/android/tools/r8/graph/u1;Lcom/android/tools/r8/graph/M2;)Z @ 5 c2
Event: 211.102 Thread 0x000002254b273ec0 DEOPT PACKING pc=0x00000224db260768 sp=0x000000c65ddfd0b0
Event: 211.102 Thread 0x000002254b273ec0 DEOPT UNPACKING pc=0x00000224da3469a3 sp=0x000000c65ddfd048 mode 2
Event: 211.133 Thread 0x000002254b273ec0 DEOPT PACKING pc=0x00000224d06541d1 sp=0x000000c65ddfd1a0
Event: 211.133 Thread 0x000002254b273ec0 DEOPT UNPACKING pc=0x00000224da347143 sp=0x000000c65ddfca88 mode 0
Event: 211.161 Thread 0x000002254b273ec0 DEOPT PACKING pc=0x00000224d065443a sp=0x000000c65ddfd1a0
Event: 211.161 Thread 0x000002254b273ec0 DEOPT UNPACKING pc=0x00000224da347143 sp=0x000000c65ddfca88 mode 0

Classes loaded (20 events):
Event: 192.857 Loading class java/util/stream/ReferencePipeline$15$1
Event: 192.857 Loading class java/util/stream/ReferencePipeline$15$1 done
Event: 192.877 Loading class sun/nio/cs/US_ASCII$Encoder
Event: 192.877 Loading class sun/nio/cs/US_ASCII$Encoder done
Event: 192.903 Loading class java/util/TreeMap$AscendingSubMap
Event: 192.904 Loading class java/util/TreeMap$AscendingSubMap done
Event: 192.904 Loading class java/util/TreeMap$NavigableSubMap$SubMapKeyIterator
Event: 192.905 Loading class java/util/TreeMap$NavigableSubMap$SubMapKeyIterator done
Event: 200.113 Loading class java/nio/file/FileTreeIterator
Event: 200.114 Loading class java/nio/file/FileTreeIterator done
Event: 200.256 Loading class sun/nio/cs/US_ASCII$Decoder
Event: 200.257 Loading class sun/nio/cs/US_ASCII$Decoder done
Event: 208.075 Loading class com/sun/org/apache/xerces/internal/dom/DeferredElementNSImpl
Event: 208.076 Loading class com/sun/org/apache/xerces/internal/dom/DeferredElementNSImpl done
Event: 208.085 Loading class com/sun/org/apache/xerces/internal/dom/DeferredAttrNSImpl
Event: 208.085 Loading class com/sun/org/apache/xerces/internal/dom/DeferredAttrNSImpl done
Event: 209.375 Loading class java/util/concurrent/ForkJoinTask$AdaptedCallable
Event: 209.376 Loading class java/util/concurrent/ForkJoinTask$AdaptedCallable done
Event: 209.385 Loading class java/util/concurrent/ForkJoinPool$DefaultForkJoinWorkerThreadFactory$1
Event: 209.385 Loading class java/util/concurrent/ForkJoinPool$DefaultForkJoinWorkerThreadFactory$1 done

Classes unloaded (20 events):
Event: 208.742 Thread 0x00000224fe2dcf50 Unloading class 0x0000022503270000 'jdk/internal/jimage/ImageHeader'
Event: 208.742 Thread 0x00000224fe2dcf50 Unloading class 0x000002250326bbd8 'jdk/internal/jimage/BasicImageReader$2'
Event: 208.742 Thread 0x00000224fe2dcf50 Unloading class 0x000002250326b9a8 'jdk/internal/jimage/BasicImageReader$1'
Event: 208.742 Thread 0x00000224fe2dcf50 Unloading class 0x000002250326b740 'jdk/internal/jimage/ImageReader$Resource'
Event: 208.742 Thread 0x00000224fe2dcf50 Unloading class 0x000002250326b4d8 'jdk/internal/jimage/ImageReader$LinkNode'
Event: 208.742 Thread 0x00000224fe2dcf50 Unloading class 0x000002250326b270 'jdk/internal/jimage/ImageReader$Directory'
Event: 208.742 Thread 0x00000224fe2dcf50 Unloading class 0x000002250326b008 'jdk/internal/jimage/ImageReader$Node'
Event: 208.742 Thread 0x00000224fe2dcf50 Unloading class 0x000002250326ae10 'jdk/internal/jimage/ImageStrings'
Event: 208.742 Thread 0x00000224fe2dcf50 Unloading class 0x000002250326ab50 'jdk/internal/jimage/ImageReader$SharedImageReader'
Event: 208.742 Thread 0x00000224fe2dcf50 Unloading class 0x000002250326a890 'jdk/internal/jimage/BasicImageReader'
Event: 208.742 Thread 0x00000224fe2dcf50 Unloading class 0x000002250326a670 'jdk/internal/jimage/ImageReader'
Event: 208.742 Thread 0x00000224fe2dcf50 Unloading class 0x000002250326a448 'jdk/internal/jrtfs/SystemImage$2'
Event: 208.742 Thread 0x00000224fe2dcf50 Unloading class 0x000002250326a230 'jdk/internal/jrtfs/SystemImage$$Lambda$6819+0x000002250326a230'
Event: 208.742 Thread 0x00000224fe2dcf50 Unloading class 0x000002250326a000 'jdk/internal/jrtfs/ExplodedImage'
Event: 208.742 Thread 0x00000224fe2dcf50 Unloading class 0x0000022503269dc8 'jdk/internal/jrtfs/SystemImage$1'
Event: 208.742 Thread 0x00000224fe2dcf50 Unloading class 0x0000022503269bb0 'jdk/internal/jrtfs/SystemImage'
Event: 208.742 Thread 0x00000224fe2dcf50 Unloading class 0x0000022503269950 'jdk/internal/jrtfs/JrtFileStore'
Event: 208.742 Thread 0x00000224fe2dcf50 Unloading class 0x00000225032695d8 'jdk/internal/jrtfs/JrtPath'
Event: 208.742 Thread 0x00000224fe2dcf50 Unloading class 0x00000225032692e0 'jdk/internal/jrtfs/JrtFileSystem'
Event: 208.742 Thread 0x00000224fe2dcf50 Unloading class 0x0000022503269000 'jdk/internal/jrtfs/JrtFileSystemProvider'

Classes redefined (0 events):
No events

Internal exceptions (20 events):
Event: 209.476 Thread 0x0000022557833a70 Exception <a 'java/lang/NoSuchMethodError'{0x000000063da4c8d8}: 'long java.lang.invoke.DirectMethodHandle$Holder.invokeStatic(java.lang.Object, java.lang.Object)'> (0x000000063da4c8d8) 
thrown [s\src\hotspot\share\interpreter\linkResolver.cpp, line 759]
Event: 209.476 Thread 0x00000225566e7320 Exception <a 'java/lang/NoSuchMethodError'{0x000000063d12ff60}: 'long java.lang.invoke.DirectMethodHandle$Holder.invokeStaticInit(java.lang.Object, java.lang.Object)'> (0x000000063d12ff60) 
thrown [s\src\hotspot\share\interpreter\linkResolver.cpp, line 759]
Event: 209.476 Thread 0x0000022553f3ad20 Exception <a 'java/lang/NoSuchMethodError'{0x000000063d030b08}: 'long java.lang.invoke.DirectMethodHandle$Holder.invokeStaticInit(java.lang.Object, java.lang.Object)'> (0x000000063d030b08) 
thrown [s\src\hotspot\share\interpreter\linkResolver.cpp, line 759]
Event: 209.477 Thread 0x00000225566e6e10 Exception <a 'java/lang/NoSuchMethodError'{0x000000063da9ac18}: 'long java.lang.invoke.DirectMethodHandle$Holder.invokeStaticInit(java.lang.Object, java.lang.Object)'> (0x000000063da9ac18) 
thrown [s\src\hotspot\share\interpreter\linkResolver.cpp, line 759]
Event: 209.477 Thread 0x0000022560557e10 Exception <a 'java/lang/NoSuchMethodError'{0x000000063dbf26e0}: 'long java.lang.invoke.DirectMethodHandle$Holder.invokeStaticInit(java.lang.Object, java.lang.Object)'> (0x000000063dbf26e0) 
thrown [s\src\hotspot\share\interpreter\linkResolver.cpp, line 759]
Event: 209.477 Thread 0x0000022553f63000 Exception <a 'java/lang/NoSuchMethodError'{0x000000063dadbae8}: 'long java.lang.invoke.DirectMethodHandle$Holder.invokeStaticInit(java.lang.Object, java.lang.Object)'> (0x000000063dadbae8) 
thrown [s\src\hotspot\share\interpreter\linkResolver.cpp, line 759]
Event: 209.477 Thread 0x000002255809a2e0 Exception <a 'java/lang/NoSuchMethodError'{0x000000063da10a98}: 'long java.lang.invoke.DirectMethodHandle$Holder.invokeStaticInit(java.lang.Object, java.lang.Object)'> (0x000000063da10a98) 
thrown [s\src\hotspot\share\interpreter\linkResolver.cpp, line 759]
Event: 209.477 Thread 0x00000225524ae090 Exception <a 'java/lang/NoSuchMethodError'{0x000000063db3d3d8}: 'long java.lang.invoke.DirectMethodHandle$Holder.invokeStaticInit(java.lang.Object, java.lang.Object)'> (0x000000063db3d3d8) 
thrown [s\src\hotspot\share\interpreter\linkResolver.cpp, line 759]
Event: 209.477 Thread 0x0000022560557900 Exception <a 'java/lang/NoSuchMethodError'{0x000000063d13e890}: 'long java.lang.invoke.DirectMethodHandle$Holder.invokeStaticInit(java.lang.Object, java.lang.Object)'> (0x000000063d13e890) 
thrown [s\src\hotspot\share\interpreter\linkResolver.cpp, line 759]
Event: 209.477 Thread 0x0000022560c673d0 Exception <a 'java/lang/NoSuchMethodError'{0x000000063db63218}: 'long java.lang.invoke.DirectMethodHandle$Holder.invokeStaticInit(java.lang.Object, java.lang.Object)'> (0x000000063db63218) 
thrown [s\src\hotspot\share\interpreter\linkResolver.cpp, line 759]
Event: 209.477 Thread 0x0000022552f54a20 Exception <a 'java/lang/NoSuchMethodError'{0x000000063d490da8}: 'long java.lang.invoke.DirectMethodHandle$Holder.invokeStaticInit(java.lang.Object, java.lang.Object)'> (0x000000063d490da8) 
thrown [s\src\hotspot\share\interpreter\linkResolver.cpp, line 759]
Event: 209.477 Thread 0x000002254c4dd630 Exception <a 'java/lang/NoSuchMethodError'{0x000000063da30450}: 'long java.lang.invoke.DirectMethodHandle$Holder.invokeStaticInit(java.lang.Object, java.lang.Object)'> (0x000000063da30450) 
thrown [s\src\hotspot\share\interpreter\linkResolver.cpp, line 759]
Event: 209.477 Thread 0x0000022553f3a810 Exception <a 'java/lang/NoSuchMethodError'{0x000000063d4e7480}: 'long java.lang.invoke.DirectMethodHandle$Holder.invokeStaticInit(java.lang.Object, java.lang.Object)'> (0x000000063d4e7480) 
thrown [s\src\hotspot\share\interpreter\linkResolver.cpp, line 759]
Event: 209.477 Thread 0x0000022560b1abc0 Exception <a 'java/lang/NoSuchMethodError'{0x000000063d15e940}: 'long java.lang.invoke.DirectMethodHandle$Holder.invokeStaticInit(java.lang.Object, java.lang.Object)'> (0x000000063d15e940) 
thrown [s\src\hotspot\share\interpreter\linkResolver.cpp, line 759]
Event: 209.477 Thread 0x0000022553f62af0 Exception <a 'java/lang/NoSuchMethodError'{0x000000063dafc910}: 'long java.lang.invoke.DirectMethodHandle$Holder.invokeStaticInit(java.lang.Object, java.lang.Object)'> (0x000000063dafc910) 
thrown [s\src\hotspot\share\interpreter\linkResolver.cpp, line 759]
Event: 209.477 Thread 0x0000022560c67df0 Exception <a 'java/lang/NoSuchMethodError'{0x000000063db1c078}: 'long java.lang.invoke.DirectMethodHandle$Holder.invokeStaticInit(java.lang.Object, java.lang.Object)'> (0x000000063db1c078) 
thrown [s\src\hotspot\share\interpreter\linkResolver.cpp, line 759]
Event: 209.477 Thread 0x0000022557833a70 Exception <a 'java/lang/NoSuchMethodError'{0x000000063da4feb0}: 'long java.lang.invoke.DirectMethodHandle$Holder.invokeStaticInit(java.lang.Object, java.lang.Object)'> (0x000000063da4feb0) 
thrown [s\src\hotspot\share\interpreter\linkResolver.cpp, line 759]
Event: 209.492 Thread 0x0000022553f63000 Implicit null exception at 0x00000224db9ba8ac to 0x00000224db9bb4a4
Event: 209.492 Thread 0x0000022553f3a810 Implicit null exception at 0x00000224db9ba8ac to 0x00000224db9bb4a4
Event: 209.561 Thread 0x0000022553f63000 Exception <a 'java/lang/NoSuchMethodError'{0x000000063c44adf8}: 'void java.lang.invoke.DirectMethodHandle$Holder.invokeStatic(java.lang.Object, java.lang.Object, java.lang.Object, int, java.lang.Object, java.lang.Object, java.lang.Object, java.lang.Object)'> (0x000000063c44adf8) 
thrown [s\src\hotspot\share\interpreter\linkResolver.cpp, line 759]

VM Operations (20 events):
Event: 209.380 Executing VM operation: HandshakeAllThreads done
Event: 209.384 Executing VM operation: HandshakeAllThreads
Event: 209.385 Executing VM operation: HandshakeAllThreads done
Event: 209.580 Executing VM operation: HandshakeAllThreads
Event: 209.586 Executing VM operation: HandshakeAllThreads done
Event: 209.648 Executing VM operation: ICBufferFull
Event: 209.648 Executing VM operation: ICBufferFull done
Event: 209.869 Executing VM operation: HandshakeAllThreads
Event: 209.870 Executing VM operation: HandshakeAllThreads done
Event: 209.912 Executing VM operation: G1CollectForAllocation
Event: 209.938 Executing VM operation: G1CollectForAllocation done
Event: 209.945 Executing VM operation: G1CollectForAllocation
Event: 209.968 Executing VM operation: G1CollectForAllocation done
Event: 210.615 Executing VM operation: HandshakeAllThreads
Event: 210.615 Executing VM operation: HandshakeAllThreads done
Event: 210.626 Executing VM operation: G1CollectForAllocation
Event: 210.657 Executing VM operation: G1CollectForAllocation done
Event: 210.676 Executing VM operation: HandshakeAllThreads
Event: 210.676 Executing VM operation: HandshakeAllThreads done
Event: 211.179 Executing VM operation: G1TryInitiateConcMark

Memory protections (0 events):
No events

Nmethod flushes (20 events):
Event: 210.749 Thread 0x00000224fe30d010 flushing  nmethod 0x00000224d04ed090
Event: 210.749 Thread 0x00000224fe30d010 flushing  nmethod 0x00000224d04ed690
Event: 210.749 Thread 0x00000224fe30d010 flushing  nmethod 0x00000224d04edd10
Event: 210.749 Thread 0x00000224fe30d010 flushing  nmethod 0x00000224d04ef610
Event: 210.749 Thread 0x00000224fe30d010 flushing  nmethod 0x00000224d04f0510
Event: 210.749 Thread 0x00000224fe30d010 flushing  nmethod 0x00000224d04f0c90
Event: 210.749 Thread 0x00000224fe30d010 flushing  nmethod 0x00000224d04f1910
Event: 210.749 Thread 0x00000224fe30d010 flushing  nmethod 0x00000224d04f1e10
Event: 210.749 Thread 0x00000224fe30d010 flushing  nmethod 0x00000224d04f2790
Event: 210.749 Thread 0x00000224fe30d010 flushing  nmethod 0x00000224d04f3010
Event: 210.749 Thread 0x00000224fe30d010 flushing  nmethod 0x00000224d04fce10
Event: 210.749 Thread 0x00000224fe30d010 flushing  nmethod 0x00000224d04fd490
Event: 210.749 Thread 0x00000224fe30d010 flushing  nmethod 0x00000224d04fd990
Event: 210.749 Thread 0x00000224fe30d010 flushing  nmethod 0x00000224d04ff310
Event: 210.749 Thread 0x00000224fe30d010 flushing  nmethod 0x00000224d04ff990
Event: 210.749 Thread 0x00000224fe30d010 flushing  nmethod 0x00000224d0500590
Event: 210.749 Thread 0x00000224fe30d010 flushing  nmethod 0x00000224d0501010
Event: 210.749 Thread 0x00000224fe30d010 flushing  nmethod 0x00000224d0515510
Event: 210.749 Thread 0x00000224fe30d010 flushing  nmethod 0x00000224d051d690
Event: 210.749 Thread 0x00000224fe30d010 flushing  nmethod 0x00000224d0549d10

Events (20 events):
Event: 208.472 Thread 0x000002255734cc30 Thread added: 0x0000022556aa7d20
Event: 208.821 Thread 0x0000022553f63000 Thread exited: 0x0000022553f63000
Event: 209.385 Thread 0x000002254b273ec0 Thread added: 0x0000022553f62af0
Event: 209.386 Thread 0x0000022553f62af0 Thread added: 0x0000022560c67df0
Event: 209.386 Thread 0x000002254b273ec0 Thread added: 0x0000022553f63000
Event: 209.387 Thread 0x0000022560c67df0 Thread added: 0x0000022560b1abc0
Event: 209.387 Thread 0x0000022553f63000 Thread added: 0x000002255809a2e0
Event: 209.387 Thread 0x000002254b273ec0 Thread added: 0x0000022560557900
Event: 209.388 Thread 0x0000022560b1abc0 Thread added: 0x0000022557833a70
Event: 209.388 Thread 0x000002255809a2e0 Thread added: 0x0000022560c673d0
Event: 209.389 Thread 0x0000022560557900 Thread added: 0x00000225524ae090
Event: 209.389 Thread 0x000002254b273ec0 Thread added: 0x0000022560557e10
Event: 209.390 Thread 0x0000022557833a70 Thread added: 0x0000022553f3a810
Event: 209.390 Thread 0x0000022560c673d0 Thread added: 0x0000022553f3ad20
Event: 209.390 Thread 0x00000225524ae090 Thread added: 0x00000225566e6e10
Event: 209.390 Thread 0x0000022560557e10 Thread added: 0x00000225566e7320
Event: 209.391 Thread 0x0000022553f3a810 Thread added: 0x000002254c4dd630
Event: 209.391 Thread 0x0000022553f3ad20 Thread added: 0x0000022552f54a20
Event: 209.494 Thread 0x000002255734cc30 Thread added: 0x0000022556aa9260
Event: 210.886 Thread 0x0000022553f63a20 Thread exited: 0x0000022553f63a20


Dynamic libraries:
0x00007ff645d20000 - 0x00007ff645d2e000 	C:\Program Files\Eclipse Adoptium\jdk-17.0.20.8-hotspot\bin\java.exe
0x00007ff9ec1a0000 - 0x00007ff9ec406000 	C:\windows\SYSTEM32\ntdll.dll
0x00007ff9eb2b0000 - 0x00007ff9eb379000 	C:\windows\System32\KERNEL32.DLL
0x00007ff9e95e0000 - 0x00007ff9e99de000 	C:\windows\System32\KERNELBASE.dll
0x00007ff9e93c0000 - 0x00007ff9e950c000 	C:\windows\System32\ucrtbase.dll
0x00007ff996d30000 - 0x00007ff996d48000 	C:\Program Files\Eclipse Adoptium\jdk-17.0.20.8-hotspot\bin\jli.dll
0x00007ff996cf0000 - 0x00007ff996d0e000 	C:\Program Files\Eclipse Adoptium\jdk-17.0.20.8-hotspot\bin\VCRUNTIME140.dll
0x00007ff9ebba0000 - 0x00007ff9ebd67000 	C:\windows\System32\USER32.dll
0x00007ff9e95b0000 - 0x00007ff9e95d7000 	C:\windows\System32\win32u.dll
0x00007ff9bc830000 - 0x00007ff9bcac2000 	C:\windows\WinSxS\amd64_microsoft.windows.common-controls_6595b64144ccf1df_6.0.26100.8875_none_3e0d5d42e32fe9dd\COMCTL32.dll
0x00007ff9ec130000 - 0x00007ff9ec15b000 	C:\windows\System32\GDI32.dll
0x00007ff9ebf10000 - 0x00007ff9ebfb9000 	C:\windows\System32\msvcrt.dll
0x00007ff9e9ab0000 - 0x00007ff9e9bda000 	C:\windows\System32\gdi32full.dll
0x00007ff9e9e20000 - 0x00007ff9e9ec3000 	C:\windows\System32\msvcp_win.dll
0x00007ff9eb440000 - 0x00007ff9eb472000 	C:\windows\System32\IMM32.DLL
0x00007ff9adfd0000 - 0x00007ff9adfdc000 	C:\Program Files\Eclipse Adoptium\jdk-17.0.20.8-hotspot\bin\vcruntime140_1.dll
0x00007ff9946a0000 - 0x00007ff99472d000 	C:\Program Files\Eclipse Adoptium\jdk-17.0.20.8-hotspot\bin\msvcp140.dll
0x00007ff8b7780000 - 0x00007ff8b83ec000 	C:\Program Files\Eclipse Adoptium\jdk-17.0.20.8-hotspot\bin\server\jvm.dll
0x00007ff9eafd0000 - 0x00007ff9eb087000 	C:\windows\System32\ADVAPI32.dll
0x00007ff9eb560000 - 0x00007ff9eb60a000 	C:\windows\System32\sechost.dll
0x00007ff9ebde0000 - 0x00007ff9ebef8000 	C:\windows\System32\RPCRT4.dll
0x00007ff9ead60000 - 0x00007ff9eade0000 	C:\windows\System32\WS2_32.dll
0x00007ff9e7f00000 - 0x00007ff9e7f5e000 	C:\windows\SYSTEM32\POWRPROF.dll
0x00007ff9e3530000 - 0x00007ff9e3566000 	C:\windows\SYSTEM32\WINMM.dll
0x00007ff9de950000 - 0x00007ff9de95b000 	C:\windows\SYSTEM32\VERSION.dll
0x00007ff9e7ee0000 - 0x00007ff9e7ef4000 	C:\windows\SYSTEM32\UMPDC.dll
0x00007ff9e81c0000 - 0x00007ff9e81db000 	C:\windows\SYSTEM32\kernel.appcore.dll
0x00007ff9a4d80000 - 0x00007ff9a4d8a000 	C:\Program Files\Eclipse Adoptium\jdk-17.0.20.8-hotspot\bin\jimage.dll
0x00007ff9e6960000 - 0x00007ff9e6ba2000 	C:\windows\SYSTEM32\DBGHELP.DLL
0x00007ff9eb650000 - 0x00007ff9eb9d3000 	C:\windows\System32\combase.dll
0x00007ff9eb480000 - 0x00007ff9eb559000 	C:\windows\System32\OLEAUT32.dll
0x00007ff9c5030000 - 0x00007ff9c506b000 	C:\windows\SYSTEM32\dbgcore.DLL
0x00007ff9e99f0000 - 0x00007ff9e9a9c000 	C:\windows\System32\bcryptPrimitives.dll
0x00007ff998e50000 - 0x00007ff998e5e000 	C:\Program Files\Eclipse Adoptium\jdk-17.0.20.8-hotspot\bin\instrument.dll
0x00007ff996cc0000 - 0x00007ff996ce5000 	C:\Program Files\Eclipse Adoptium\jdk-17.0.20.8-hotspot\bin\java.dll
0x00007ff98da70000 - 0x00007ff98db47000 	C:\Program Files\Eclipse Adoptium\jdk-17.0.20.8-hotspot\bin\jsvml.dll
0x00007ff9e9f00000 - 0x00007ff9ea692000 	C:\windows\System32\SHELL32.dll
0x00007ff9e6e40000 - 0x00007ff9e76d2000 	C:\windows\SYSTEM32\windows.storage.dll
0x00007ff9eb0b0000 - 0x00007ff9eb1a7000 	C:\windows\System32\SHCORE.dll
0x00007ff9ebd70000 - 0x00007ff9ebdd7000 	C:\windows\System32\shlwapi.dll
0x00007ff9e92e0000 - 0x00007ff9e9309000 	C:\windows\SYSTEM32\profapi.dll
0x00007ff996ca0000 - 0x00007ff996cb8000 	C:\Program Files\Eclipse Adoptium\jdk-17.0.20.8-hotspot\bin\zip.dll
0x00007ff996bf0000 - 0x00007ff996c0a000 	C:\Program Files\Eclipse Adoptium\jdk-17.0.20.8-hotspot\bin\net.dll
0x00007ff9df800000 - 0x00007ff9df927000 	C:\windows\SYSTEM32\WINHTTP.dll
0x00007ff9e8770000 - 0x00007ff9e87dc000 	C:\windows\system32\mswsock.dll
0x00007ff996bd0000 - 0x00007ff996be6000 	C:\Program Files\Eclipse Adoptium\jdk-17.0.20.8-hotspot\bin\nio.dll
0x00007ff998b60000 - 0x00007ff998b70000 	C:\Program Files\Eclipse Adoptium\jdk-17.0.20.8-hotspot\bin\verify.dll
0x00007ff998830000 - 0x00007ff998857000 	C:\Users\VICTUS\.gradle\native\1def1411415f61bf3af743bc5b6707747c0891f09f0c88961ee8f79bc544acac\windows-amd64\native-platform.dll
0x00007ff994310000 - 0x00007ff994388000 	C:\Users\VICTUS\.gradle\native\0.2.7\x86_64-windows-gnu\gradle-fileevents.dll
0x00007ff998a30000 - 0x00007ff998a3a000 	C:\Program Files\Eclipse Adoptium\jdk-17.0.20.8-hotspot\bin\management.dll
0x00007ff996c90000 - 0x00007ff996c9c000 	C:\Program Files\Eclipse Adoptium\jdk-17.0.20.8-hotspot\bin\management_ext.dll
0x00007ff9ebf00000 - 0x00007ff9ebf08000 	C:\windows\System32\PSAPI.DLL
0x00007ff9e7aa0000 - 0x00007ff9e7ad3000 	C:\windows\SYSTEM32\IPHLPAPI.DLL
0x00007ff9eb620000 - 0x00007ff9eb62a000 	C:\windows\System32\NSI.dll
0x00007ff9e06a0000 - 0x00007ff9e06bd000 	C:\windows\SYSTEM32\dhcpcsvc6.DLL
0x00007ff9e0670000 - 0x00007ff9e0695000 	C:\windows\SYSTEM32\dhcpcsvc.DLL
0x00007ff9e7b30000 - 0x00007ff9e7c86000 	C:\windows\SYSTEM32\DNSAPI.dll
0x00007ff9e8570000 - 0x00007ff9e857d000 	C:\windows\SYSTEM32\DSPARSE.dll
0x00007ff996ae0000 - 0x00007ff996ae9000 	C:\Program Files\Eclipse Adoptium\jdk-17.0.20.8-hotspot\bin\extnet.dll
0x00007ff9e8a70000 - 0x00007ff9e8a8b000 	C:\windows\SYSTEM32\CRYPTSP.dll
0x00007ff9e8120000 - 0x00007ff9e8159000 	C:\windows\system32\rsaenh.dll
0x00007ff9e8830000 - 0x00007ff9e8862000 	C:\windows\SYSTEM32\USERENV.dll
0x00007ff9e92b0000 - 0x00007ff9e92da000 	C:\windows\SYSTEM32\bcrypt.dll
0x00007ff9e8a90000 - 0x00007ff9e8a9c000 	C:\windows\SYSTEM32\CRYPTBASE.dll
0x00007ff996ad0000 - 0x00007ff996ade000 	C:\Program Files\Eclipse Adoptium\jdk-17.0.20.8-hotspot\bin\sunmscapi.dll
0x00007ff9e9be0000 - 0x00007ff9e9d58000 	C:\windows\System32\CRYPT32.dll
0x00007ff9e8cb0000 - 0x00007ff9e8ce0000 	C:\windows\SYSTEM32\ncrypt.dll
0x00007ff9e8c60000 - 0x00007ff9e8c9f000 	C:\windows\SYSTEM32\NTASN1.dll
0x00007ff9c42e0000 - 0x00007ff9c42e8000 	C:\windows\system32\wshunix.dll
0x00007ff9df1a0000 - 0x00007ff9df1ab000 	C:\Windows\System32\rasadhlp.dll
0x00007ff9e06d0000 - 0x00007ff9e0756000 	C:\windows\System32\fwpuclnt.dll
0x00007ff9e82f0000 - 0x00007ff9e8326000 	C:\windows\SYSTEM32\ntmarta.dll
0x00007ff9e0cd0000 - 0x00007ff9e0cd7000 	C:\Program Files\Eclipse Adoptium\jdk-17.0.20.8-hotspot\bin\rmi.dll
0x00007ff98d8d0000 - 0x00007ff98da61000 	C:\Program Files\Eclipse Adoptium\jdk-17.0.20.8-hotspot\bin\awt.dll
0x00007ff9e2cb0000 - 0x00007ff9e2d50000 	C:\windows\SYSTEM32\apphelp.dll
0x00007ff9e3140000 - 0x00007ff9e31e9000 	C:\windows\system32\uxtheme.dll
0x00007ff9ebfc0000 - 0x00007ff9ec11d000 	C:\windows\System32\MSCTF.dll
0x00007ff9eabc0000 - 0x00007ff9ead59000 	C:\windows\System32\ole32.dll

dbghelp: loaded successfully - version: 4.0.5 - missing functions: none
symbol engine: initialized successfully - sym options: 0x614 - pdb path: .;C:\Program Files\Eclipse Adoptium\jdk-17.0.20.8-hotspot\bin;C:\windows\SYSTEM32;C:\windows\WinSxS\amd64_microsoft.windows.common-controls_6595b64144ccf1df_6.0.26100.8875_none_3e0d5d42e32fe9dd;C:\Program Files\Eclipse Adoptium\jdk-17.0.20.8-hotspot\bin\server;C:\Users\VICTUS\.gradle\native\1def1411415f61bf3af743bc5b6707747c0891f09f0c88961ee8f79bc544acac\windows-amd64;C:\Users\VICTUS\.gradle\native\0.2.7\x86_64-windows-gnu

VM Arguments:
jvm_args: --add-opens=java.base/java.lang=ALL-UNNAMED --add-opens=java.base/java.lang.invoke=ALL-UNNAMED --add-opens=java.base/java.util=ALL-UNNAMED --add-opens=java.prefs/java.util.prefs=ALL-UNNAMED --add-exports=jdk.compiler/com.sun.tools.javac.api=ALL-UNNAMED --add-exports=jdk.compiler/com.sun.tools.javac.util=ALL-UNNAMED --add-opens=java.base/java.util=ALL-UNNAMED --add-opens=java.prefs/java.util.prefs=ALL-UNNAMED --add-opens=java.base/java.nio.charset=ALL-UNNAMED --add-opens=java.base/java.net=ALL-UNNAMED --add-opens=java.base/java.util.concurrent.atomic=ALL-UNNAMED --add-opens=java.xml/javax.xml.namespace=ALL-UNNAMED -XX:MaxMetaspaceSize=4G -XX:ReservedCodeCacheSize=512m -XX:+HeapDumpOnOutOfMemoryError -Xmx8G -Dfile.encoding=UTF-8 -Duser.country=IN -Duser.language=en -Duser.variant -javaagent:C:\Users\VICTUS\.gradle\wrapper\dists\gradle-8.14-bin\38aieal9i53h9rfe7vjup95b9\gradle-8.14\lib\agents\gradle-instrumentation-agent-8.14.jar 
java_command: org.gradle.launcher.daemon.bootstrap.GradleDaemon 8.14
java_class_path (initial): C:\Users\VICTUS\.gradle\wrapper\dists\gradle-8.14-bin\38aieal9i53h9rfe7vjup95b9\gradle-8.14\lib\gradle-daemon-main-8.14.jar
Launcher Type: SUN_STANDARD

[Global flags]
     intx CICompilerCount                          = 12                                        {product} {ergonomic}
     uint ConcGCThreads                            = 3                                         {product} {ergonomic}
     uint G1ConcRefinementThreads                  = 13                                        {product} {ergonomic}
   size_t G1HeapRegionSize                         = 4194304                                   {product} {ergonomic}
    uintx GCDrainStackTargetSize                   = 64                                        {product} {ergonomic}
     bool HeapDumpOnOutOfMemoryError               = true                                   {manageable} {command line}
   size_t InitialHeapSize                          = 264241152                                 {product} {ergonomic}
   size_t MarkStackSize                            = 4194304                                   {product} {ergonomic}
   size_t MaxHeapSize                              = 8589934592                                {product} {command line}
   size_t MaxMetaspaceSize                         = 4294967296                                {product} {command line}
   size_t MaxNewSize                               = 5150605312                                {product} {ergonomic}
   size_t MinHeapDeltaBytes                        = 4194304                                   {product} {ergonomic}
   size_t MinHeapSize                              = 8388608                                   {product} {ergonomic}
    uintx NonNMethodCodeHeapSize                   = 7602480                                {pd product} {ergonomic}
    uintx NonProfiledCodeHeapSize                  = 264634216                              {pd product} {ergonomic}
    uintx ProfiledCodeHeapSize                     = 264634216                              {pd product} {ergonomic}
    uintx ReservedCodeCacheSize                    = 536870912                              {pd product} {command line}
     bool SegmentedCodeCache                       = true                                      {product} {ergonomic}
   size_t SoftMaxHeapSize                          = 8589934592                             {manageable} {ergonomic}
   double SweeperThreshold                         = 0.234375                                  {product} {ergonomic}
     bool UseCompressedClassPointers               = true                           {product lp64_product} {ergonomic}
     bool UseCompressedOops                        = true                           {product lp64_product} {ergonomic}
     bool UseG1GC                                  = true                                      {product} {ergonomic}
     bool UseLargePagesIndividualAllocation        = false                                  {pd product} {ergonomic}

Logging:
Log output configuration:
 #0: stdout all=warning uptime,level,tags
 #1: stderr all=off uptime,level,tags

Environment Variables:
JAVA_HOME=C:\Program Files\Android\Android Studio\jbr
CLASSPATH=E:\KaamSetu_Phase4_Final\KaamSetu_Phase4C_ProfessionalInfo\android\\gradle\wrapper\gradle-wrapper.jar
PATH=C:\Program Files\Android\Android Studio\jbr\bin;C:\dev\flutter\bin\;C:\Program Files\Eclipse Adoptium\jdk-17.0.20.8-hotspot\bin;C:\windows\system32;C:\windows;C:\windows\System32\Wbem;C:\windows\System32\WindowsPowerShell\v1.0\;C:\windows\System32\OpenSSH\;C:\Program Files (x86)\NVIDIA Corporation\PhysX\Common;C:\Users\Administrator\AppData\Local\Microsoft\WindowsApps;C:\Program Files\HP\OMEN-Broadcast\Common;C:\MinGW\bin;C:\Program Files\NVIDIA Corporation\NVIDIA App\NvDLISR;C:\MinGW\bin;C:\Program Files (x86)\Windows Kits\10\Windows Performance Toolkit\;C:\Program Files\dotnet\;C:\Users\VICTUS\AppData\Local\Programs\Python\Python314;C:\Users\VICTUS\.jdks\openjdk-26\bin;C:\Intellij IDE\IntelliJ IDEA 2026.1\bin;C:\Program Files\Git\cmd;C:\Program Files\Git\mingw64\bin;C:\Program Files\Git\usr\bin;C:\Program Files\nodejs\;C:\Users\VICTUS\AppData\Local\Programs\Python\Launcher\;C:\Users\VICTUS\.local\bin;C:\Users\VICTUS\AppData\Local\Microsoft\WindowsApps;C:\Users\VICTUS\AppData\Local\Programs\Microsoft VS Code\bin;C:\MinGW\bin;C:\Users\VICTUS\AppData\Local\Programs\Antigravity\bin;C:\Users\VICTUS\AppData\Local\JetBrains\Toolbox\scripts;C:\Users\VICTUS\AppData\Roaming\npm;C:\Program Files\JetBrains\PyCharm 2026.1.4\bin;C:\dev\flutter\bin;;C:\dev\flutter\bin\mingit\cmd
USERNAME=VICTUS
LANG=en_US.UTF-8
OS=Windows_NT
PROCESSOR_IDENTIFIER=Intel64 Family 6 Model 183 Stepping 1, GenuineIntel
TMP=C:\Users\VICTUS\AppData\Local\Temp
TEMP=C:\Users\VICTUS\AppData\Local\Temp



Periodic native trim disabled


---------------  S Y S T E M  ---------------

OS:
 Windows 11 , 64 bit Build 26100 (10.0.26100.8875)
OS uptime: 2 days 21:37 hours
Hyper-V role detected

CPU: total 16 (initial active 16) (8 cores per cpu, 2 threads per core) family 6 model 183 stepping 1 microcode 0x129, cx8, cmov, fxsr, ht, mmx, 3dnowpref, sse, sse2, sse3, ssse3, sse4.1, sse4.2, popcnt, lzcnt, tsc, tscinvbit, avx, avx2, aes, erms, clmul, bmi1, bmi2, adx, sha, fma, vzeroupper, clflush, clflushopt, clwb, hv
Processor Information for processor 0
  Max Mhz: 2400, Current Mhz: 2400, Mhz Limit: 2400
Processor Information for processor 1
  Max Mhz: 2400, Current Mhz: 2400, Mhz Limit: 2400
Processor Information for processor 2
  Max Mhz: 2400, Current Mhz: 2400, Mhz Limit: 2400
Processor Information for processor 3
  Max Mhz: 2400, Current Mhz: 1520, Mhz Limit: 2400
Processor Information for processor 4
  Max Mhz: 2400, Current Mhz: 2400, Mhz Limit: 2400
Processor Information for processor 5
  Max Mhz: 2400, Current Mhz: 2400, Mhz Limit: 2400
Processor Information for processor 6
  Max Mhz: 2400, Current Mhz: 2400, Mhz Limit: 2400
Processor Information for processor 7
  Max Mhz: 2400, Current Mhz: 1520, Mhz Limit: 2400
Processor Information for processor 8
  Max Mhz: 2400, Current Mhz: 2400, Mhz Limit: 2400
Processor Information for processor 9
  Max Mhz: 2400, Current Mhz: 2400, Mhz Limit: 2400
Processor Information for processor 10
  Max Mhz: 2400, Current Mhz: 2400, Mhz Limit: 2400
Processor Information for processor 11
  Max Mhz: 2400, Current Mhz: 2400, Mhz Limit: 2400
Processor Information for processor 12
  Max Mhz: 2400, Current Mhz: 2400, Mhz Limit: 2400
Processor Information for processor 13
  Max Mhz: 2400, Current Mhz: 1466, Mhz Limit: 2400
Processor Information for processor 14
  Max Mhz: 2400, Current Mhz: 2400, Mhz Limit: 2400
Processor Information for processor 15
  Max Mhz: 2400, Current Mhz: 2400, Mhz Limit: 2400

Memory: 4k page, system-wide physical 16087M (607M free)
TotalPageFile size 37702M (AvailPageFile size 878M)
current process WorkingSet (physical memory assigned to process): 1862M, peak: 1865M
current process commit charge ("private bytes"): 2082M, peak: 4010M

vm_info: OpenJDK 64-Bit Server VM (17.0.20+8) for windows-amd64 JRE (17.0.20+8), built on Jul 22 2026 00:41:45 by "admin" with MS VC++ 17.12 (VS2022)

END.
